URL,label
https://www.plasticfreejuly.org,0
https://provi78arge.webcindario.com/,1
https://www.roseyleebooks.com,0
https://att-106905.weeblysite.com/,1
https://tinyurl.com/blocca-pagamento,1
https://www.rogueguitarshop.com,0
https://www.auvernix.org,0
https://www.superdumbsupervillain.com,0
http://www.karnalbreakingnews.com,1
https://www.mfyi.com,0
https://bisabs.jimdosite.com/,1
http://43.134.163.95/v3/signin/identifier?dsh=s1728085605:1679498425538369&amp;followup=https://accounts.google.com/?&amp;ifkv=awnoghfr8cftdpd-aovcioqrgholqfawmkccv2iwpa5jlcb0mu-chorjltx3offo1hrax3byxiwa5w&amp;passive=1209600&amp;xrealip=193.226.177.45&amp;continue=https://accounts.google.com/?&amp;xrealip=217.138.252.52&amp;flowname=glifwebsignin&amp;flowentry=servicelogin&amp;ifkv=aqmjq7r4qy88acts0x1avn9qyz5qs-x0upa_d1jwxicfs4xt-uvmp_2ofzr7a5dyw45s6f6sug9flw,1
https://www.dombauwien.at,0
https://www.americasbride.us,0
https://www.bayernforum.com,0
http://www.odinix.eu,1
https://www.clearcenter.com,0
https://www.aaj.tv,0
https://www.americanmusical.com,0
https://www.montrealmirror.com,0
http://www.elatadesan.ml,1
http://www.wendyk.cf,1
https://www.euractiv.com,0
https://e6c7c992-6db5-4e77-bb61-d737e66946af.id.repl.co/,1
http://www.roadwide.net,1
https://www.little-raven.com,0
https://www.neildiamond.com,0
https://www.roadsafetysweden.com,0
https://www.nagefederal.org,0
http://www.eyebrowandme.com,1
https://www.notebymichelle.com,0
http://dytwrgpqlt.duckdns.org,1
https://www.aquariusgolfclub.co.uk,0
https://outlook349.yolasite.com/,1
https://www.niva.no,0
https://www.afrik21.africa,0
https://www.blackheath.org,0
http://bafybeicyk3cahn44vaxcajh7lpj7fku22y46smm5jjygwbw2gw2armkhh4.ipfs.dweb.link/,1
https://www.couponsonfire.com/wp-content/themes/it/intesa,1
http://www.olloo-news.com,1
http://www.smeemail.com,1
https://www.acewallet.finance,0
https://www.maitre-eolas.fr,0
https://www.caregiverlist.com,0
http://www.test.38abc.ru,1
https://www.sweetwrappings.com,0
https://www.woolet.co,0
https://ebanking-ch3-ubs-a3ab0.firebaseapp.com/login.html?session=nwbd4caapdfabqrfzyixppfxawj8ps8skocxikafvcglvyzllcgfkzo18xh0fxlddskv4tc9hmzun0ykhsm6mlqzqclr6te0g8&auth=1fe9afb6-b75f-4157-8476-dfed04558d8a,1
https://www.aseantoday.com,0
http://www.nationalrealtyonline.com,1
https://www.heatherleys.org,0
https://www.islhd.health.nsw.gov.au,0
https://bt-106022.square.site/,1
https://www.prenajomkaravanov.sk,0
https://mitld-bruger-id.firebaseapp.com/,1
http://withdrawalverification.com/,1
https://www.faktysmolensk.niezniknelo.com,0
http://www.gw966.com,1
https://ipfs.io/ipfs/qmqporseaefsnzvkayaxdbjoepecyyyhzc7snfnodowa8p,1
https://gateway.pinata.cloud/ipfs/bafybeie5phy2phskg4vmishine6yjw6pga7mj3fdmnlqmrrgkicabmlyy4,1
https://redirectmeta91823471234.web.app/,1
https://comusoportecam-produccion.appspot.com/#/,1
https://mitld-mobilepay.web.app/,1
https://www.jazz-rock.com,0
https://adclick.g.doubleclick.net/pcs/click?xai=akaojssrq8qriyqnpx87r7hyxnzfxfuql_tj3njltnf7nniyivld1qk8xp2rznissx-7g89witaytcuoqoklzt8d47eor_8kx-qukgqnuerqkrrzdz1pe0fqr5bebrvv-fbucrjlonodg64dpfhxngmb3fsxkwve9flaqglvttweaxq8t81krl2bqgzoks_t_dkherchc0ubdd5xbphh0nkqmqwok62kypok0jwhiuh7-i2eab66uhn4oun8h15xy1d--gvjscde9-lgp8bit4dqvbu29iasyvdcmvl5pzdgpl6_wi47sa_a3s5z1ho409u2ig&amp;amp;sig=cg0arkjszbx_yrdqycm2eae&amp;amp;fbs_aeid=[gw_fbsaeid]&amp;amp;urlfix=1&amp;amp;adurl=https://dweb.link/ipfs/qmbb6as6ixfiasj,1
https://www.trishtech.com,0
https://www.direito2.com.br,0
https://www.sciencefocus.com,0
https://www.scritti.luigigiussani.org,0
https://www.katacoda.com,0
https://www.mifiestadepapel.com,0
http://www.aponk.ml,1
https://bnk-pan-update09.web.app/,1
https://vihtedmarket.342311.xyz/tdpq3mhh/switch-step/43,1
https://www.kaylimphotography.com,0
https://www.sheetmusicdigital.com,0
http://www.backupexplorer.beeppool.org,1
https://www.ofrases.com,0
https://www.blogmuseupicassobcn.org,0
https://www.adfg.alaska.gov,0
https://www.preusmuseum.no,0
https://www.avant-gardner.com,0
https://www.pizcos.net,0
http://www.blinefm.com,1
http://www.bjjx.iqvec.com,1
https://www.edisciples.com,0
http://www.barmagli.com,1
https://www.tatar-inform.ru,0
https://www.hitachi-solutions.com,0
https://www.ctfa.com.tw,0
https://www.thelandonline.com,0
https://www.etrainingpedia.com,0
https://www.peoplesflowers.com,0
http://www.nbyatai.com.cn,1
https://salnbvyt7t.firebaseapp.com/,1
https://immediate-daffy-orbit.glitch.me/,1
http://www.amazcecm-co-jp.amacaeon.emsxcs.cn/,1
https://www.jericho-city.ps,0
http://www.ns1.chopbell.com,1
https://www.codersrevolution.com,0
https://harvey-moveis-luiza.myshopify.com/,1
https://www.canyon.com,0
https://cybervue.co.uk/inse.nhsn/ncce.cen.php,1
http://www.edenykiraly.hu,1
https://sjdhdysa.weeblysite.com/,1
https://www.strandja.bg,0
http://www.a0088485.xsph.ru,1
https://bafybeihzqbsfmdpys6rmvkncwi7gpbme7g3qlfg2mtkulam5zly6di7ptu.ipfs.dweb.link/,1
http://www.k1d3wh.webwave.dev,1
https://www.lovemysurface.net,0
http://www.aeros12.tk,1
http://www.trendsetterzs.com/ma/,1
https://www.polimeks.com,0
https://www.visitrhodeisland.com,0
https://www.canberra100.com.au,0
https://cemspecs.com/mark,1
https://www.mediabeam.com,0
https://www.gebco.net,0
http://www.bungalowphotographyblog.com,1
https://aol-103953.weeblysite.com/,1
http://www.empresaweb.com.br,1
https://www.hindudevotionalblog.com,0
http://mail.deliverylifesupport.com/public/kypfcx8r60ct7gy73as0qg4vq7fslfrx,1
http://itau-py-seguridad.atsnx.com/,1
https://s.id/1f1jc,1
https://www.ryman.com,0
https://infoppdb.smpn1probolinggo.sch.id/.well-known/.ind,1
http://mlcrosoft.live/render-template/?campaign_scenario_user_id=wwvqm/il6ssv/pvfyou6cka6shupqxdefnuzaghpcvy=&status_id=caxdfylz/ihjhfduva2klympwey5/pkerl0jnmnxchg=,1
https://ndjqweke9283893emwmw839203fdkks8493jds.myportfolio.com/,1
https://www.ynot.es,0
https://maildinshaakckjnw608.web.app/,1
https://www.greenleft.org.au,0
https://www.ourtime.address-match.workers.dev,1
https://bafybeie3l3xwy6t755uhhqsdivqq7m4bjr65zzyeqqkseg7hfly2lxhu4y.ipfs.cf-ipfs.com/,1
http://www.kdone.co.kr,1
https://www.policeoracle.com,0
https://www.mooredaleconcerts.com,0
https://www.courier.co.il,0
https://www.umamiinfo.com,0
https://project1b-fc492.firebaseapp.com/,1
https://bafybeihxptow7hycar3aghbxd4xvws4sucyqh2tzgz3wvo7eoj4qkrgahy.ipfs.cf-ipfs.com/,1
http://www.msdip.com,1
https://www.myplasticheart.com,0
http://www.kueronekayacotn-co-jp.kuerocekayacoto.zucrco.top/ai/,1
https://www.flowtv.org,0
http://www.kuerennkayccato-co-jp.kuercnnkayccata.pkoulk.top/ai/,1
https://www.principletrial.org,0
http://www.dad-sarae.digital,1
http://www.signal.fbcode.co,1
https://www.metro.tokyo.lg.jp,0
https://www.nextpvr.com,0
https://m7634t23.web.app/,1
http://www.cicimum.com,1
http://www.s01.us,1
https://www.globalwoodmarketsinfo.com,0
http://www.dae23grd.urlvf.fun,1
https://www.hak5.org,0
https://www.remsing.de,0
https://www.illinoisvirtualtollway.com,0
https://www.jewishgen.org,0
https://fladestateins.com/08131e57-e230-465b-bb5e-840b8af30ec4,1
https://hc2vh3accv.web.app/,1
https://www.jamesvilledewitt.org,0
http://www.scala-immobilien.ch/mygov.au/mygov/personal.html,1
https://www.hellawella.com,0
http://1636365.com/assets/40vueuse.4080c24a.js/assets/@intlify.595663c5.js/assets/assets/@intlify.595663c5.js/assets/,1
https://fbmid-soumbyj.web.app/,1
https://www.vttortillaco.com,0
https://neddev.dsg863mssef6n.amplifyapp.com/index.htm,1
http://www.layel.s3.fr-par.scw.cloud,1
https://pfochi.blogspot.com/,1
https://irsstimuluscheckeligibility.site,1
https://www.imaginethecity.de,0
https://www.andesceltig.com,0
http://vinted-pl-gj32d.lanru.top/authorize/1662975258698217,1
http://www.voltesempre.co,1
http://www.listen-books.com,1
https://www.westpointcity.org,0
https://www.mfah.org,0
https://www.d-jolly.com,0
http://www.okeyoe.com,1
https://www.georgealex.net,0
http://www.fixyourprocess.com,1
http://whatsapps.fit/,1
https://www.eventosbandelta.com.bancodeltapromo.com/,1
http://www.educacaosemdistancia.net,1
https://www.mybcpl.org,0
http://www.melisetotoaksesuar.com,1
https://www.titanlux.es,0
https://www.mubende.go.ug,0
https://www.ifmaworld.com,0
http://www.kuvo.cl,1
https://li7ft-100237.square.site/,1
https://ipfs.io/ipfs/qmwtxdqr4md2ri41ard4qbhg3xyhvxefe2qfwmnl8hnzln,1
http://www.qafd.hmrgt.com,1
https://www.ellines.com,0
https://www.datadoctor.biz,0
https://www.rertr.anl.gov,0
https://johnbaumann.com/admin/index.php?email=moreinfo@widomaker.com,1
https://www.lexifi.com,0
https://www.yurtinfo.org,0
https://www.kyffhaeuserbundev.de,0
http://www.uniquelee.us,1
https://www.eneclann.ie,0
https://nocturnaltrustworthybetatest.eldanny1900.repl.co/,1
https://www.tokyofotoawards.jp,0
https://www.isitbadforyou.com,0
https://www.akippa.com,0
https://www.hopskipdrive.com,0
https://www.cmrubinworld.com,0
https://www.kaylamdouglas.com,0
https://www.paddleyourownkanoo.com,0
http://www.cervezaelhechicero.cl,1
https://www.cancerresearch.org,0
http://www.torneocittadiverona.it,1
http://www.fis.photos,1
https://postfwa.com/,1
https://www.theway.org.uk,0
http://cek-infobitly2.xyz/login/,1
https://www.findingmenno.com,0
https://www.bgi.uni-bayreuth.de,0
https://www.heartlandcu.org,0
http://verifikasi-facebook50.webnode.page/,1
http://www.metamsaek.io,1
http://www.kayneslnterconnection.com,1
https://a3h-mkd3d.firebaseapp.com/,1
https://www.any-village.com,0
https://www.lindependant.fr,0
https://www.patient-surf-a588.wd2e79ep.workers.dev,1
https://www.lelo.com,0
https://www.atlantahistorycenter.com,0
https://www.harriscountytx.gov,0
https://www.vanessa.fm,0
https://difficultloudbot.slu23dcv.repl.co/,1
https://att-mail-101048.square.site/,1
https://www.mistral.com,0
https://deanshuff.wixsite.com/sbcglobal,1
https://hici1uk0qt.web.app/f1,1
https://www.snim.com,0
https://siasky.net/zada4knsd_j49it5ddu81ndkglegivllwtcd1pxmcucbha,1
http://www.proxycheker.pro,1
https://www.vicicollection.com,0
https://bisainformacionbanca--nuevobloqueo.repl.co/,1
http://www.ninjabrowse.com,1
https://www.iconeye.com,0
http://www.albertoordonez.com,1
https://formaloo.net/attmail876,1
https://www.mrech.ru,0
https://www.lovelymockups.com,0
https://fleek.ipfs.io/ipfs/qmxdd7rtz4vcsuammh3z7fa1ybkup9ogrwolqvrp4nmks7/?abuse@optusnet.com,1
https://www.rhinolion.co.za,0
http://www.lopana.com,1
https://www.mathgenealogy.org,0
http://109623337176572.my.id/,1
https://www.tidytextmining.com,0
https://caseid1009140650165015620.web.app/,1
https://hgdd3ssc.top/jp,1
http://www.sanberinottalicom.uni.me,1
https://www.wyrdlight.com,0
http://u1967740.cp.regruhosting.ru/home.php,1
http://www.cardchsk.com,1
http://www.f0559249.xsph.ru,1
https://www.churchlawandtax.com,0
https://www.acubekraft.com,0
https://www.meteo.gr,0
https://www.miusol.com,0
http://www.ngl.kr,1
https://www.erincoveycreative.com,0
https://www.qldcricket.com.au,0
https://www.lemoyne.org,0
http://www.hangqiang.net,1
http://www.p2.hyz86.com,1
http://shamefullonemigration.nouserman.repl.co,1
https://payksupay.nydfay.top/all/paypay.ne.jp_login.php?idsmt=10123005600&nextfunck=10130550000,1
https://www.cigorette.com,0
https://www.asi.org.ru,0
https://www.mailsend-online.com,0
https://www.activism.net,0
https://www.jewishvoiceforpeace.org,0
https://432attmail6.godaddysites.com/,1
https://bafybeiggzccwtuedcrqxjum7ebe4ftx53ukux6ilqbwlujivkt3p2uedzu.ipfs.w3s.link/xxys.html,1
http://www.2026bet365q.com,1
https://ipfs.eth.aragon.network/ipfs/bafybeietdwmnpnial6v6t4fxcbkfcqtjqipbrow4zicitoo453fclsam6i,1
https://www.pathwayswv.org,0
https://www.morenoreino.com,0
https://www.pizazz.biz,0
http://www.jp-bamk.jp,1
https://www.hildrethmeiere.org,0
https://facebook-business-appeal-67044.firebaseapp.com/,1
https://www.stmarytx.edu,0
https://www.trsga.com,0
http://www.job.yahoodaily.com,1
http://www.norailya.com,1
http://www.mouthpop.com,1
https://bafybeibm5fuxeokpabhco5zqudg7un3u62sifqlfo3wn5bru4nrwk5yecu.ipfs.w3s.link/indeexvvv.html,1
https://www.nzqa.govt.nz,0
https://jvconsultants.co.in/inbox/bofa/info.php,1
https://www.3d.sk,0
https://onlinequranteaching.com/public/gpmuaa8bd9ysfvbai1b5iijligmk7uzy,1
https://www.pedrocustodio.com,0
https://www.aosehometex.com,0
https://emprendelbksextracalh.co.uk/,1
https://www.thepursuitofcocktails.com,0
https://support.promericacok.repl.co/,1
https://www.zlatograd.bg,0
http://05713659.com/,1
http://www.wbfashionshow.com,1
http://sunqingbo.com/,1
http://www.blog.meditacaosempre.com,1
https://www.sparkandspark.com,0
http://www.szrfh.com,1
https://www.mmmrecordings.com,0
https://www.poz.com,0
https://www.gioiellivenezia.com,0
https://www.vanimhoff.info,0
https://vwvwzonabetasegura.com/index.php,1
https://www.nraila.org,0
http://www.webtoall.in,1
https://www.vanburenmaine.com,0
http://moodysplus.com,1
https://www.dbdebunk.com,0
https://webmail-109140.weeblysite.com/,1
http://app-vanda.s23hmqvqgz-xoy4w9e7r3pw.p.temp-site.link/,1
https://www.misterrogers.org,0
https://www.advocate-online.net,0
https://www.joehadeed.com,0
https://www.thatsmags.com,0
https://www.dnatechindia.com,0
https://fisdiu.vip/,1
http://www.poderjudicialoficinascontrol.net,1
https://www.lciaviation.com,0
http://www.mdf.wprqs.com,1
http://www.cdynwt.com,1
http://defiactivationplus.live,1
https://support.amazon.co.anazom.vip/,1
https://ktf97-mkf57.firebaseapp.com/,1
http://www.casalomasymphonyorchestra.com,1
https://maw-427-v.web.app/,1
https://www.jaffejewelry.com,0
https://circularquietafkgaming.bienvenidox.repl.co/,1
http://www.v2sk.com,1
https://www.eviltester.com,0
https://www.ncl.ucar.edu,0
https://www.bitquabit.com,0
http://tutoriavalorntclsesonlin-vetdri.space/,1
https://www.graphene.manchester.ac.uk,0
http://xn--imdisendehaber-uzc.net/,1
http://www.rrm.fbcode.co,1
https://www.tigraionline.com,0
https://att-helpdesk101.weeblysite.com/,1
https://www.ab-inbev.com,0
https://www.yanous.com,0
https://www.nzcta.co.nz,0
https://www.tevausa.com,0
https://www.jec.co.uk,0
http://www.amazceom-co-jp.amaczeon.chahunshi.top/,1
http://www.2014.zzux.com,1
https://www.bellagiolakecomo.com,0
https://www.niagaracc.suny.edu,0
https://dev-chchipinwe.pantheonsite.io/,1
http://www.aagzz.com,1
https://juriskiana2.firebaseapp.com/,1
https://www.planitphoto.com,0
https://www.brewersguild.org.nz,0
https://www.msk-media.com,0
http://www.sun5365.com,1
https://www.grace.com,0
https://www.theraponuniversity.org,0
https://www.archivoblomberg.org,0
http://www.saisonoard.co.jp.50gb300.xyz/,1
https://www.organicconsumers.org,0
http://www.readerfile.duckdns.org,1
http://www.albertaeatsfood.com,1
http://www.adlilran.ml,1
http://sainara.com.hk/img/.img/?email=nobody@mycraftmail.com&amp;-a9d614bfb4f9b7402a1a67002c1545c2-hddas-cs0p271vm06y62qj14us29-h3z-3cl8knz9qovbiz4bad4jusrvkp8vcgm37qim-20yvskdu-a9d614bfb4f9b7402a1a67002c1545c2,1
https://www.baycreekdental.com,0
https://www.idmt.fraunhofer.de,0
https://obabanter42.web.app/,1
https://www.jidaigeki.com,0
http://www.tulip-remodeling.com,1
http://www.taminaccount-ir.ml,1
http://www.sbarenecessities.info,1
https://www.drect-smtb.jp.ap1.ib.xldrun.com/ibg/client/l_home_s.php,1
https://billowing-term-2638.ktvbrvqtatr.workers.dev/,1
https://www.deutschlandreise24.com,0
https://fb-metacase23510019877138.web.app/,1
https://www.existentialcomics.com,0
https://www.designdirect.io,0
http://dev-login-homeitau-segura.pantheonsite.io/,1
https://gloapdk.co,1
https://www.teachmint.com,0
https://www.fpu.ac.jp,0
http://u1965047.plsk.regruhosting.ru/152/,1
https://farnaz.asia/0040/b/b/b/c100/kbc11bn000b000.do.php,1
http://www.advertopolitan.com,1
http://meli-challenge-one.vercel.app/,1
https://www.mattslandscapingandstone.com,0
https://www.davecamlin.com,0
https://help-fb-id-17482924.web.app/,1
https://www.richersounds.com,0
https://verification-4.firebaseapp.com/,1
https://www.extremefishing-botadubrovnik.com,0
https://www.kncrowder.com,0
http://www.software.trickip.net,1
http://www.bnetp.ewul.net,1
http://noblelao.xyz/,1
https://www.headphonefactory.net,0
https://www.edinburghcollege.ac.uk,0
https://www.solorugs.com,0
https://www.pherobase.com,0
https://organisasi.bulungan.go.id/public/y265vjfjsc9fu66g5hw2nshqtvwsomv7,1
https://out049340034365.firebaseapp.com/,1
https://leads.imagineautos.com/storage/ssl/webmailssl.it/mymail_restore.aruba_mail.sign_in/athentication.my_account.access/additional_email.htm,1
http://www.thepediatricianskitchen.com,1
https://www.americanpurpose.com,0
http://www.think-digital.info,1
https://infura-ipfs.io/ipfs/qmqpxsrrunazvigvkz4bfjo16ozym1b6g8uu39zd6ltxx1,1
https://www.disfrutamalta.com,0
https://www.tribalgroup.com,0
https://www.caitlynjenner.com,0
http://www.lvn.xyz,1
https://www.learn-portuguese-with-rafa.com,0
https://siwholesaleproducts.com/,1
https://www.mindthezap.tv,0
https://www.hnonline.sk,0
http://www.admin.cpufan.club,1
https://e-gradani-gov.web.app/,1
https://www.derrygladfolkmuseum.com,0
https://www.comune.arenzano.ge.it,0
https://www.perfecthideaways.co.za,0
https://olx.5315122.xyz/z0vp37mh/rmjhgc/8,1
https://www.thearduinoclassroom.com,0
http://www.booters.ml,1
https://www.clawhammersupply.com,0
https://v.ht/ilrjj,1
https://xn--80ah1b1b.xn--p1acf/bitrix/admin/znxn/index.html,1
http://authorise-id-apple.web.app/,1
https://www.maria-johnsen.com,0
https://www.lewistownsentinel.com,0
https://bt-107667.weeblysite.com/,1
https://www.onepay.co.uk,0
https://t.co/m0rhu4nopv,1
https://www.panchvaticottage.com,0
https://www.testingtreatments.org,0
https://www.findspark.com,0
http://www.iberlink.eu,1
http://minhafaturashiperbr.com,1
http://is.gd/qs0j2x,1
https://bafybeib32ozbixvwxhcfed6gqynh5377q2n75hqtt7haqzq6nk6qi2azm4.ipfs.ipfs.joaoleitao.org/?filename=indexxi.html/,1
https://www.plantmagicflorist.com,0
https://www.collegiendeprovence.fr,0
https://squigglyfaroffapplescript--posisipo.repl.co,1
http://www.icanflybitchd.site88.net,1
http://iyzjmwanvn.dubblehealth.club/vnafvra97w/?q=3717065149&id=100,1
https://www.thefloralatelier.co,0
https://www.bakewithstork.com,0
https://botkesaksham.github.io/project_netflix,1
https://eventlink.to/igss,1
https://www.carfreewalks.org,0
http://www.shouji.urlfb.co,1
http://www.heikc.com,1
https://www.emeagwali.com,0
https://mail-105352.weeblysite.com/,1
https://cox24532.weebly.com/,1
https://www.owenbrotherscatering.com,0
https://www.gemsofwar.com,0
https://www.bestsub.com,0
http://www.eblfpamlei-ir.ml,1
https://www.arenasolutions.com,0
https://newattupgradeq.wixsite.com/intl,1
https://www.federacioncolombianadeciclismo.com,0
https://my-site-103076-108226.weeblysite.com/,1
http://www.pcollege.ru,1
https://www.slalom.com,0
http://ethereumhub33.com,1
https://organisasi.bulungan.go.id/public/lxjog12fckvhpqkhmvuj7rraeytogmir,1
https://gateway.ipfs.io/ipfs/bafybeieejhl3a4adbxorcjdmaiejtskbbgkdgsdlidc2igre64pphfcwta,1
https://www.siirtolapuutarhaliitto.fi,0
https://www.sfdemocrats.org,0
http://43.156.0.130/v3/signin/identifier?dsh=s1392754909:1679462473083028&amp;continue=https://accounts.google.com/&amp;followup=https://accounts.google.com&amp;ifkv=aqmjq7t1icv56zotqfnsst9qazflkmdgne0iozzt1qxje9hqkiqcstkltagob9xtg9liqgdzyp_f&amp;passive=1209600&amp;flowname=glifwebsignin&amp;flowentry=servicelogin,1
https://www.signmesh.com,0
http://www.kuerennkaycaato-co-jp.kuerccnkayccata.dxuppq.top/ai/?authenticated=true&amp;openid%2fgp%2fsignin%2fx%26i%3da%26oauth%3dm%26i%3fie%3dutf8%26ref_%3drhf_custrec_signin3e19144c9396cf128637cc465693ce058c9bff88,1
https://www.citytosouth.com,0
https://www.rebeltwins.com,0
https://xamsconect.firebaseapp.com/,1
https://office80f8a649b49eef411c04a82b3e39b85b80f8a649b49eef411c04aa8fd.onedriveoffice.workers.dev/,1
http://www.dhlcvgjobs.com,1
https://www.sttheresechicago.org,0
https://www.raffaellodigitale.it,0
https://www.libd.org,0
https://www.efotbal.cz,0
https://www.feedmag.com,0
https://www.tsb-smarthome.com,0
https://c22e.saox.workers.dev/,1
https://www.lotusland.org,0
https://mz1vt10efp63908a9fa92aa.maktabo.ru/,1
https://www.projectcensored.org,0
https://www.mca.org.mt,0
https://stcurrrerenttly.square.site/,1
http://www.d.gp,1
http://www.ct666666.com,1
http://www.xy962.com,1
https://www.708media.com,0
http://www.busanprint.net,1
https://s3.vil-rnw.de/x2u4gz/?456ty289hyu=45vgi90k2ed&x=ovv,1
https://www.idealhomeshow.co.uk,0
http://meta-masken.com,1
https://www.whi.org.uk,0
http://di.sesat.in/73fny9?1636193b0ab09c,1
https://www.stodels.com,0
https://www.safebettingsites.com,0
https://www.pkf-imagecollection.org,0
https://www.spacequest.net,0
http://www.scrodindustries.com,1
https://czechowskamarudzi.pl/css/,1
https://www.biodiversitywales.org.uk,0
http://bafybeibkgor6o4si6frcggxpnkpmanvk77xarnbvnzv5orsjlmefg3yqhm.ipfs.dweb.link/,1
https://docs.google.com/presentation/d/e/2pacx-1vrzkycesdj1pg8u5cxgsgvm98fo_uldly3uxjpzztxltih-v2p_wssdu9v2ygylpir5munnlddhbtce/pub?start=false&loop=false&delayms=3000,1
http://aa836595.com/,1
https://www.kmu.edu.tw,0
http://mail.deliverylifesupport.com/public/mv22rb6lltpulaiyuki3dpgvnro6p3ik,1
https://08de56700f97832dc2088b292b86b5b5.ssl-pl.co.pl/gtlk/fplt/278bc5707fbfd51a4bc1d0c4d9cb36ec/login/,1
http://app-webmailarl56hykr0ul4ufic4vrjw.contato.store/,1
https://ekspresowo.cloud/ob52gtplj/5pujrd,1
https://www.resources.immobiliarecaserio.com,0
https://wispy-poetry-2d2b.kpedhgrt.workers.dev/,1
https://www.couponsaregreat.net,0
https://263487690394106.ml/,1
https://dev-bnc-crnets.pantheonsite.io/bnac/adfs/ls19c5.html,1
https://www.metrocptm.com.br,0
http://www.thereeloflife.com,1
https://www.foryourparty.com,0
http://www.encorpost.com,1
https://zzcb7i.webwave.dev/,1
https://dashing-reindeer.10web.site/coge/cogeco/,1
https://prudentcelebratedgames.logindia190922.repl.co/,1
https://www.lichen.pl,0
http://www.xvhsesxklp.byinter.net,1
https://abuseid34096348945656878.firebaseapp.com/,1
https://www.brackendesigns.com,0
https://objectstorage.sa-saopaulo-1.oraclecloud.com/n/grxtqedcrlnq/b/bucket-20230206-0436/o/customindex.html#3mail@b.c,1
https://www.dunwoodie.edu,0
https://www.nkmaribor.com,0
https://www.willowvalleycommunities.org,0
https://aol-104728.weeblysite.com/,1
http://www.ryansplace.net,1
https://www.iconaircraft.com,0
https://www.anjasturm.com,0
https://www.185arw.ang.af.mil,0
http://www.favoritfile.in,1
https://www.360istanbul.com,0
https://ipfs.litnet.work/ipfs/bafybeibhdgxctmq6bjhkqmauoxozatxlk647gdjd5fsxkdjo63gfylxlgq/link.html,1
http://esperanzabravo.com/err/,1
https://gateway.ipfs.io/ipfs/bafybeibfiwlu6h6rhwlcleb2tgwl4pj554xqvwrjzgebm2cohpcdjgvjem,1
https://www.chesskid.com,0
http://www.smsquick.site,1
https://www.kinjirushi.co.jp,0
http://www.enterprisemx.com,1
https://www.moruzzi.com,0
https://www.brother.co.jp,0
https://www.open-scap.org,0
http://www.wuu4saetwuzf5.top,1
https://www.pesutili.fi,0
http://www.content.google-com.online,1
https://www.degreedays.net,0
https://www.gilboafossils.org,0
https://weathered-pine-d671.hgpuuhmyy.workers.dev/,1
http://www.background.pt,1
https://www.asauthors.org,0
http://www.montacarichi.it,1
https://www.annegreendesign.com,0
https://www.agropolis.fr,0
https://www.oola.com,0
https://www.keisei.co.jp,0
https://mail-107810.square.site/,1
https://www.thisisecocide.com,0
https://aliveprettylanservers--lienteguda98.repl.co/,1
https://tinu.be/qbt-8werl,1
http://bt-105953.weeblysite.com/,1
https://www.episcopalchurch.org,0
http://www.anonymousengine.com,1
http://www.kovaceke.ga,1
https://www.buse.ac.zw,0
https://www.hemnes.kommune.no,0
https://www.circusscientist.com,0
https://www.kulturfreunde-bayreuth.de,0
http://www.e-mailer.cf,1
https://www.dynamicsphysicaltherapy.com,0
http://www.eub.nowurl.fun,1
https://www.martechseries.com,0
http://www.shop.cislab.com.au,1
https://www.aoc.gov,0
https://www.bestweddingsinsantorini.com,0
https://www.simiishome.com,0
https://www.achauthorization.pages.dev,1
http://base-panelllb-6.ml/meritrust/,1
https://docs.google.com/forms/d/e/1faipqlsfk9hpkld9-qwaxs8b0cpslaw2-oomu6bcwpxkmp-fo8kr3ew/viewform,1
https://www.bebonia.com,0
http://www.qwartwz.ml,1
https://www.willmar.k12.mn.us,0
https://www.malanijewelers.com,0
https://fleek.ipfs.io/ipfs/qmxvgpasqe6vbezt6z5kgzfayjzad3pvjsmss33e2skkks/login.htm,1
http://www.33jjyy.com,1
https://heartfeltlightapplicationstack--promeriy.repl.co/,1
http://www.marcowine.com,1
https://www.consulting.us,0
https://serv-term-103049.square.site/,1
https://www.nivasposad.ru,0
https://ljksinposrt.cadodcyalinara.cf/?tranzakt39906,1
https://www.daat.org,0
http://3659ppp.cc/,1
https://www.newmanreader.org,0
https://www.palmbeachdramaworks.org,0
https://www.ohnsorg.de,0
https://www.yourdesignerdogblog.com,0
https://www.univers-l.com,0
https://clienbnparibasemays.firebaseapp.com/,1
https://www.bachphoto.com,0
https://www.yamada-denki.jp,0
https://13-02-ve3b4-t09g-8reh0vwiehnv0-w8eg-8qwgef.obs.ap-southeast-3.myhuaweicloud.com/5g-0v-3hg-webcv-wge-eq9fgq-e9fh-wqe9gf-9gf.html?awsaccesskeyid=glsmdfxrmhsdxa6zbxfa&amp;expires=1678702574&amp;signature=k7eccpjauekfrebrehmakrmacp4=,1
https://www.bornbeautiful2.com,0
https://gateway.ipfs.io/ipfs/bafybeiccj5cf55ruwyu5zyn7jmzu45xj3d4haewvv6p3pta2wpzbqq45nm/,1
https://www.trochtasflowers.com,0
http://personasbancobcr.iceiy.com/,1
https://www.camillamorrison.com,0
https://www.squamish.net,0
https://www.kacirose.com,0
https://ba7e6f00-04ff-4a55-975e-83976719cf61.id.repl.co/,1
https://www.brienergy.com,0
http://www.ftp.windowsupdate.2waky.com,1
http://www.kaidenandkane.com,1
http://www.yk.wookhost.me,1
https://www.plavky-pradlo.cz,0
https://unga3bunga.firebaseapp.com/,1
https://www.openaero.net,0
https://www.craftystaci.com,0
http://www.bafybeid3lqtonezjssy3u52e2codl4yoqwbjft5slj3uswjefqptwqfr7a.ipfs.dweb.link,1
https://www.zrinjevac.hr,0
https://www.marketplacepromos.com,0
http://www.login.cdn-chrome.com,1
https://www.prodoh.com,0
https://my-trans00.web.app/,1
https://demo3.cloudwp.dev/trial-603tx054/swiss/portal/,1
http://www.omwowxish.ga,1
https://www.the360mag.com,0
http://akserakaryakit.com/templates/atomic/icscards.nl,1
http://1636365.com/assets/40intlify.595663c5.js/assets/assets/assets/assets/assets/,1
http://rahulkumar222.github.io/,1
http://aktifatio-hel.metaa.liveblog365.com/lanjut.php,1
http://www.ir-pardakt.gq,1
https://www.leaguecitytx.gov,0
https://www.evrika.bg,0
https://maildinshaakckjnw74.web.app/,1
http://www.us-ledger.com,1
https://gentle-haze-4059.a2tbiewf17.workers.dev/,1
http://www.sxuseon.com,1
https://www.babycastles.com,0
https://005-suspichinwebasseso--jfru65.repl.co/,1
https://www.ons.gov.uk,0
https://www.europeristat.com,0
https://www.sitterlandia.it,0
https://www.impressions-express.net,0
https://www.tomatazos.com,0
http://www.carwashers.app,1
https://www.earlycinema.gla.ac.uk,0
http://www.bcfc.xyz,1
https://www.thefossilforum.com,0
https://www.jeevanpadiyar.net,0
http://www.a0541862.xsph.ru,1
https://www.chinasona.org,0
https://hczf8wikcd.juliankurzela.pl/aiigro/email@example.com,1
https://www.assembly.state.ny.us,0
http://www.covid.sh,1
https://www.prisontalk.com,0
http://www.kaqaz.ml,1
http://www.httpbin.api.binance.com,1
https://verif-remboursements.info/authtransit/,1
https://2190500747036024259783454840056307388750.eu-gb.cf.appdomain.cloud/,1
https://www.islamstory.com,0
https://www.smithtower.com,0
https://c-ethbridge.com/?gclid=cjwkcaia5siebhbneiwar9oh2tygpsnjqzlbsg6cigbfovwmbkxj20v78rndrutiukjdqjdak6rprrocrkwqavd_bwe,1
https://www.shosha.co.nz,0
https://shich6gyg.web.app/,1
http://www.holy-shit.ubuntu.workers.dev,1
https://www.royalpalaces.se,0
https://www.masella.com,0
http://www.bb73e76ace4a915f07119d65fe81d5478a.ws,1
https://www.scl.org,0
https://youthful-golick.178-170-13-195.plesk.page/cdx/www.sfr.fr-login-return_url/index.html,1
https://www.yorksandhumberdeanery.nhs.uk,0
http://www.maxcijhgfdfhj.buzz,1
https://amadawells89009.wixsite.com/my-site,1
https://www.tisserontorthodontics.com,0
http://35.192.38.184/commonwealth_bank/220425/1/website/,1
https://www.chesterfieldobserver.com,0
https://sites.google.com/view/webespaceclient-ref8/accueil,1
https://www.engext.ksu.edu,0
https://www.mnapoli.fr,0
https://ciients-sfr.fr/verification/compte/login.php?&second_time=,1
http://dd365m.com/,1
https://www.rufford.org,0
http://www.janewagtus.com,1
https://www.kansashauntedhouses.com,0
https://www.prospello.it,0
http://tokenpocket-pro.web.app,1
https://www.philippinemasonry.org,0
https://login21d-usps.firebaseapp.com/,1
http://www.esandcraic.com,1
https://www.dogmomdays.com,0
https://www.jato.com,0
https://www.scarlettrose.com,0
https://www.parkhotel-bayersoien.de,0
https://www.toshin.com,0
https://www.sportique.com,0
http://www.adlibln.email,1
http://www.upkit.xyz,1
http://www.t-mobile-sso.net,1
http://pees-panelllw-3.ml/meritrust/,1
https://www2-aamonnmr.xyz/,1
https://ap079rhfun.heniekmusiol.pl/a1legro/email@example.com,1
http://www.warganet.net/au/myid.telstra.com/manage/?view_login&amp;appidkey_fcd00c0656cc490&amp;country_,1
https://www.leedsfestival.com,0
https://www.juponetmacaron.fr,0
https://www.infinityebook.com,0
http://www.ftp.collabvm.ml,1
https://www.alicejamesbooks.org,0
https://www.goingcarbonneutral.co.uk,0
https://www.fonefinder.net,0
https://www.justinhavre.com,0
http://www.eblagh-iran.com,1
https://www.zycomtec.com,0
https://ahmedhosnipage.firebaseapp.com/,1
http://www.lsp-pey.cf,1
https://www.gulfshoreselectrician.com,0
http://howtosuecslplasma.org,1
https://www.marleneharriscol.com,0
https://www.objectivezero.org,0
https://638ca12d-ba2f-451c-8418-faf56b7de7ff.htmlcomponentservice.com/get_draft?id=638ca1_14694f4a84161543466426a12288de1a.html,1
https://www.edjonesracing.com,0
http://erorng3.hyperphp.com/?i=1,1
https://www.lepetitfotografia.com.br,0
http://dijlialdek.duckdns.org/,1
https://www.tours-eti.com,0
https://www.elrodtimber.com,0
https://www.oilandgas360.com,0
https://www.espymall.com,0
https://www.dkempdesigns.com,0
https://updatenow07.wixsite.com/my-site,1
https://www.asiapacificlacrosse.org,0
http://www.hsp-shuto.jp,1
https://www.ratbv.ro,0
https://www.htw-berlin.de,0
https://www.caravaggio.com,0
https://www.creativeplaythings.com,0
https://www.whirledbank.org,0
https://att-106940-109254.weeblysite.com/,1
https://www.doylecollection.com,0
https://www.mvellis.com,0
https://ye806m.webwave.dev/,1
https://new.restaurantesc1.repl.co,1
https://www.hugr.ca,0
https://www.stjosephs.hr,0
https://www.kontranews.gr,0
https://hts1ld1qet.web.app/,1
https://shiny-cherry-c9b9.s73fuwig37.workers.dev/,1
https://www.jstay.com,0
https://www.traditionaldesignsltd.com,0
https://www.fsis.usda.gov,0
https://nauticalesteemedyottabyte--bisakjas.repl.co/,1
http://www.ourtrap.com,1
https://www.hellomagazin.rs,0
https://www.maartenluther.com,0
https://which0x005.web.app/,1
https://nastumns737--cortigt.repl.co/,1
https://www.deluci.be,0
https://www.thiagobraga.com.br,0
https://lnterbank-bancaporinternet.firebaseapp.com/,1
https://www.essays.quotidiana.org,0
http://alliancevaletservices.com/telek/,1
https://www.sensysnetworks.com,0
https://www.ecreativeim.com,0
https://www.nintendo.fr,0
https://is.gd/revocafindomestic,1
http://premier-send-post-2023.web.app/,1
https://www.diggerslist.com,0
https://www.timbercraft.com,0
https://receipt-b128d.firebaseapp.com/,1
https://www.bataan.gov.ph,0
https://www.metanoiabychikaya.com,0
https://953232222.xyz/vmjddusx/third/7,1
https://file-share-from-ervin-folder-view.web.app/,1
https://www.makatimed.net.ph,0
https://ipfs.io/ipfs/qmaaktyxan8cbkifwpumrmbaxvbqgvumf3zxbrfqtuggsd,1
http://www.jiweisuo.com,1
https://www.gdacs.org,0
https://www.jaybirdsport.com,0
https://sav-esim-sfr.fr/verification/login.php,1
https://www.bleu-chic.com,0
https://www.tapthis.de,0
https://proposalview.myportfolio.com/,1
https://www.ssc.gov.jo,0
http://att-100135-101809.weeblysite.com/,1
https://940f3a0c-f66f-4e54-b0ac-d4283578c8b7.id.repl.co/,1
https://www.tunicabiloxi.org,0
https://www.thefootballhistoryboys.com,0
https://www.jamuna.tv,0
https://www.vfairs.com,0
http://103812364561133-pgecmmntystndrds.work.gd/,1
https://gateway.ipfs.io/ipfs/bafybeifkh27c2b2hqmm2tte5jp6eq3uincyhmxxaukoespre46zjpexybe,1
https://www.roofersscarborough.com,0
https://youssd-t375.firebaseapp.com/,1
https://att-100759.square.site/,1
https://www.columbiaco.com,0
https://sx23-mhg-fr.web.app/,1
https://acessodasuafaturaluiza.com/?gclid=eaiaiqobchmi6l615b3a_qivqskrch3fjatneaayasaaeglfapd_bwe,1
https://www.opencpn.org,0
https://www.scns.com,0
https://www.watt-evans.com,0
https://zsax-rr77.web.app/,1
https://moored-maroon-meteoroid.glitch.me/index.html#x@x.com,1
https://www.supermonitoring.com,0
http://www.farm-finn.com,1
https://www.theatermakersstudio.com,0
https://www.gulfweekly.com,0
http://www.uksszopienice.pl,1
http://www.s2.play.estream.to,1
https://www.natachamondonericpierre.fr,0
https://www.ncga.com,0
https://www.vampfurniture.co.za,0
https://secureficohsacomhn.grupoficohsa.repl.co/,1
http://notscecurepakeaccount2023.rf.gd/,1
https://www.canalenergia.com.br,0
https://bitkub.icu/,1
http://www.aedl-iran.gq,1
https://www.detik.com,0
http://www.predominio.pt,1
https://www.kefidesigns.com,0
http://syncnetwork.pages.dev,1
https://ingresarr.homgalicla.repl.co/,1
https://www.uc.utoronto.ca,0
https://www.revolutionpermanente.fr,0
https://www.gknaerospace.com,0
https://account-appeal-form-172658.firebaseapp.com/,1
https://www.atmsecurity.com,0
https://www.motivescosmetics.com,0
https://sancofast.us/,1
https://www.lostandfoundfestival.com,0
http://www.amazceom-co-jp.amaczeon.ofynwty.cn/,1
http://dilihome.com/,1
https://www.belmontstakes.org,0
https://www.midsuffolk.gov.uk,0
https://www.fawre.pl,0
https://www.touroldsanjuan.com,0
https://blocklerchaiornys.com/mmetams,1
https://www.lavozdeasturias.es,0
http://hooray2u-1317634057.cos.na-toronto.myqcloud.com/hooray2u.html,1
http://www.hosfamily.com,1
https://qiolipsdpd.samcart.com/products/sdolfsod,1
https://eadfast.cyou/gineas.php,1
http://www.wildcard.repeta.com.au,1
http://www.appartamentibaiadelsole.it,1
http://www.2fastsurfer.eu,1
https://docs.google.com/presentation/d/e/2pacx-1vsdzenwrlhewmnmpeht7d8fqmthbmpe94cl4_ooeypicpwzh-x9klalbsdl9roxmcsprumk1pfoy8bt/pub?start=false&loop=false&delayms=3000&slide=id.p,1
https://www.voli.bs.it,0
https://mitid-update.web.app/,1
https://ludwik.iwonacisek.pl/add/email@example.com,1
https://www.superstats.dk,0
http://www.pentestinglab.com,1
https://www.emilyaskew.com/jp,1
https://www.deliverappy.co.uk,0
http://www.starpar-ir.ga,1
http://www.eblaghirsana.gq,1
https://www.fosbirds.org,0
https://www.fraudlabspro.com,0
https://wandering-mud-8e3c.tpbkwpcgq.workers.dev/,1
http://www.ksjajsxccb.com,1
https://www.odbms.org,0
https://maildinshaakckjnw248.web.app/,1
https://page-verify79.firebaseapp.com/,1
https://www.christcenteredgamer.com,0
https://www.seikatubunka.metro.tokyo.lg.jp,0
https://obabanter21.web.app/,1
https://ad-dlvr17.weebly.com/,1
https://acessoinfovirtual.shop/,1
https://domainfunctionfr.web.app/,1
https://yahoo-108471.weeblysite.com/,1
https://www.mint.worldcupinu.app/,1
https://www.telia.dk,0
https://ipfs.fleek.co/ipfs/qmf46gdvnjptabpw7sdhzvtbkjypjk2hfb1gqd8htdja4i/english.html,1
https://www.lindabergerova.com,0
https://linkr.bio/signin-att,1
http://mail.deliverylifesupport.com/public/9smwuxtm5ho4cuepwzwouyh2bio1llvz,1
https://www.lycos.com,0
https://www.derek-rose.com,0
https://www.tranco-list.eu,0
https://www.watchgmctv.com,0
https://www.dafclub.nl,0
https://www.santaragione.com,0
https://bafybeib2oea6zbbfvmr4amk2pp4yxkwknm2gglzhdd4vbaknuwfbqqomqq.ipfs.dweb.link/,1
https://www.vaed.uscourts.gov,0
http://www.warfaverever21.net23.net,1
https://www.copanusa.com,0
https://taher-mohamed-ahmed-saad.github.io/facebook-login-page,1
https://www.flipfoxvalley.com,0
http://ruralviaes.com.swtest.ru/client/login.php,1
https://www.beerbooks.com,0
http://www.jkdb.nowurl.fun,1
https://dev-vchjaza.pantheonsite.io/,1
https://www.tradestation.com,0
http://www.thenews4views.com,1
https://cutt.ly/h47iep2,1
https://www.orthodox.or.th,0
https://bnp-supo.web.app/,1
https://ihpost.1847451.xyz/acy7xfco/vgz94o/8/,1
https://www.lamodabyandriana.com,0
https://floral-hat-4b11.bfp71ia8d9.workers.dev/,1
https://www.ponyhuetchen.com,0
http://codesshopsllc.com/,1
https://www.fairhealthconsumer.org,0
https://www.bedtimefan.com,0
https://www.ocamagazine.com,0
https://www.jiocloud.com,0
https://www.anticuable.com,0
https://solcastinka.web.app/,1
http://www.lifeatctk.org,1
https://www.blueoregon.com,0
https://bafybeiewh3pj7xqg6zmcrqggwmmcqw2bd2zlo5c264ojgtvu6xhh27jpha.ipfs.dweb.link/,1
http://iplsakqclj.duckdns.org/,1
http://www.supplementhouse.net,1
https://dev-ban7890.pantheonsite.io/,1
http://mail.deliverylifesupport.com/public/2zvta9wayepn18qvxpdsgpfq14ctscy9,1
https://th-thailandpost.net/,1
https://www.mainenewsonline.com,0
https://www.ispot.tv,0
http://www.acgvideo.co,1
https://www.presentdaygifts.ca,0
http://www.ethyi.com,1
https://www.tcdc.or.th,0
http://www.careeradvicebase.com,1
http://www.905tech.com,1
https://www.cityoffrostproof.com,0
https://www.dowslake.com,0
http://www.zhongsijiacheng.com,1
http://opzo92os99di1z.yourtrap.com,1
http://video.o6hff.com/ntzyywtw/,1
https://www.hevratpinto.org,0
https://www.teachersalaryproject.org,0
http://www.arrowelectronics-corp.net,1
https://www.diknas-padang.org,0
https://www.tray.com.br,0
http://www.o-f.com,1
https://newterm.godaddysites.com/,1
https://www.hilarispublisher.com,0
https://www.albinoblacksheep.com,0
https://www.polyjacking.com,0
https://www.ncnrm.com,0
https://www.strukturwalzen.de,0
https://www.torquegamers.com,0
http://www.dtgruelle-drive.com,1
https://www.chainsawchick.com,0
https://business-meta-appeal-1269-0126.web.app/,1
https://formaloo.net/att6,1
https://heavenly-snow-chalk.glitch.me/auwsdl12.html,1
https://www.storytellersunplugged.com,0
https://341b22a4-0766-4eca-90dd-3d060f2d9c76.id.repl.co,1
https://www.transparenz.bremen.de,0
https://maildinshaakckjnw617.web.app/,1
https://www.businessfrance.fr,0
https://www.evadesens.com,0
http://e-serviceparts.info/landingpages/daec0dfa-de7a-4f73-9b8e-44fde686ce12/g8uum2m1rxyxnkpjltcrjomua3xgrj2zxadpjw7-9_i,1
https://www.texas4000.org,0
http://www.bn2.zwmdv.com,1
http://att-102401.weeblysite.com/,1
https://www.tiemathletic.com,0
https://ballooncreations.co/mpss/kod.html?cmd=login_submit&id=583e41d44e9946de5f4df49e0eb709ff583e41d44e9946de5f4df49e0eb709ff&session=583e41d44e9946de5f4df49e0eb709ff583e41d44e9946de5f4df49e0eb709ff,1
https://adamascrate.firebaseapp.com/,1
http://www.asnli-sn.email,1
https://bienlinea010ciudad.asudhbvasrud.repl.co/,1
https://www.mexicantrainfun.com,0
http://nedmain.dyqr0b29v92m9.amplifyapp.com/,1
https://www.littleboxofrocks.com,0
http://www.textfluss-bremen.de,1
https://meta-verse.org.il/nism.rmc/ncnde.php,1
https://ssss118.godaddysites.com/,1
https://cryptonit.exchange/,1
https://dev-yegfet372hef8328237.pantheonsite.io/,1
https://critair-demande.info/pages/index.php,1
https://www.cameraquest.com,0
https://www.croatia-times.com,0
https://laprelejordanbooks.com/alz/ni/al.php,1
http://wjiyxoilye.duckdns.org,1
https://www.kommunikation.steiermark.at,0
https://www.nab.com.au,0
https://voluoge.promoslatam.com/,1
https://www.happiness.com,0
https://www.marrymag.de,0
https://www.themediaproject.org,0
https://bafybeicx6pb4yskej4kcdnxre6zf3h352cflfpjfz3gj6okmnvl62egs54.ipfs.dweb.link/,1
https://www.horrorgeeklife.com,0
https://bafybeibpx3a7x2bfjuphpryqce6md5swafal2lywajmpnsgdtlj2xxssau.ipfs.dweb.link/,1
https://onedrive1-2cb06.firebaseapp.com/,1
https://www.virgula.com.br,0
https://www.pznow.co.uk,0
https://www.casalmonastero.org,0
https://www.lymanallyn.org,0
https://royal-flower-0de9.ylr2144t.workers.dev/ca260fb0-1d74-41d4-b06f-3a0632d996f1,1
http://www.likes-pie.com,1
https://amendes-gouvs.com/,1
https://is0s-outlook-office365-ariba038.firebaseapp.com/,1
https://www.redeclipse.net,0
https://www.cityofmarkham.net,0
http://www.gettingurl.com,1
https://www.city-point-kassel.de,0
https://www.caricaturemaster.com,0
https://www.greensborodailyphoto.com,0
https://www.aprpets.org,0
https://webcentriscemsen.wapka.xyz/,1
https://sikablabesoinhoo.web.app/,1
https://www.pointcheckout.com,0
http://www.jxhckt.com,1
https://ipfs.io/ipfs/bafybeicm4nha4dkh5qzoyoozydo5pcfgcmovwqzs6y5ej2cb6wv67pnmya/seoul-log.html,1
https://att-106767.square.site/,1
https://www.eblackstudies.org,0
https://www.rexswain.com,0
https://buff191.com/?no&amp;gclid=cj0kcqiaijsebhccarisahnazt-jqqv3pzp6uxwdzzntdt85mp51mia7o7tef9f1w-etzksxzcof-qoaas5jealw_wcb,1
http://www.qinqinpf.com,1
http://www.kueronekayacatn-co-jp.kuerocakayacoto.zxvtuo.top/ai/,1
https://maildinshaakckjnw164.firebaseapp.com/,1
http://www.kueronekayacotn-co-jp.kueronekayacotn.pskubz.top/ai/?authenticated=true&amp;openid%2fgp%2fsignin%2fx%26i%3da%26oauth%3dm%26i%3fie%3dutf8%26ref_%3drhf_custrec_signin0052e4be80479cd759429fa1343a24e1abbeaf59,1
http://www.rarerental.com,1
http://att-100361-109870.weeblysite.com/,1
https://onedrive-909df.firebaseapp.com/,1
https://www.shopnuzzie.com,0
https://www.3seas.eu,0
https://www.polkonline.com,0
https://persoo.reservacion.repl.co/,1
https://login-screen-105070.weeblysite.com/,1
https://www.centruldepelerinaj.ro,0
https://selfishgoldfibonacci.asifomi.repl.co/,1
https://informaciongalicia.comprobargal.repl.co/,1
https://www.webcare4all.nl,0
https://espace.myclickfunnels.com/fina,1
http://www.tekstiluzmangorusu.com,1
https://www.iaao.org,0
http://www.rush-booking.com,1
https://www.myqsafe.co.uk,0
https://www.luruhome.com,0
https://redtail-d.web.app/,1
http://www.llk.fbcode.co,1
http://www.u89134p84288.web0129.zxcs-klant.nl,1
https://www.ekaterinajeans.ru/alegrospolish/3,1
https://www.arzobispadodelima.org,0
https://www.obd-codes.com,0
https://www.poezda.net,0
http://www.myip-proxy.info,1
https://www.e-props.fr,0
http://www.pl.nowurl.fun,1
https://www.conwayservices.net,0
https://www.ducksdeluxe.com,0
http://www.free-ddddsex-ddddpasswords.isthebe.st,1
https://bafybeigzapvok3ig4wctns2nuvbeolpjvjvxzxsq7xylsdcyq7lfrx5xe4.ipfs.w3s.link/,1
https://www.en.eghtesadonline.com,0
https://www.poultryhub.org,0
https://bg03.brizy.site,1
http://www.podn.fbcode.co,1
http://www.download.cdn.jzip.com,1
https://www.supermanhomepage.com,0
https://www.fashionfunpop.com,0
https://www.clearlysusan.com,0
http://www.tknbr.com,1
https://www.sydney.com,0
https://verif.s3.us-west-1.amazonaws.com/copied.html,1
https://www.encoreeventgroup.com,0
https://6536login.weebly.com/,1
https://id-7785-purple-zoo-benfrejchadi350704.codeanyapp.com/dk/?pwd=yousee,1
https://mail-update-108202.square.site/,1
https://giii-72b1f.web.app/,1
https://www.ib-net.org,0
https://www.yourrockbridgeconnection.com,0
https://www.theindiaforum.in,0
https://www.quebecgetaways.com,0
http://app0my00g0vapp.com/login-mygov/otp2.html,1
https://www.radio36.com.uy,0
https://www.darbysdestinations.com,0
http://www.boborux.com,1
https://www.tractorsupply.com,0
http://www.tv.teldcomtv.com,1
https://www.ipcc-nggip.iges.or.jp,0
http://www.heritageagencies.com,1
http://www.suportwaiiet.com,1
https://gemaclinic.ro/verifigt/des/index.php,1
https://www.hydromajestic.com.au,0
https://yahoo-103795.weeblysite.com/,1
http://www.aouynopn.ml,1
https://www.oriel.ox.ac.uk,0
https://att-109360.weeblysite.com/,1
https://www.police-life.co.uk,0
https://shugns.xyz/wordpress/wp-content/plugins/x/vim/line/autodhl/dhl/,1
https://www.apns.com.pk,0
https://www.kp.org.tr,0
https://www.hstc.org,0
http://www.tomca1.com,1
https://www.scarletespinal.com,1
https://www.canvasbubble.com,0
https://www.kingice.com,0
https://www.baba.org.uk,0
https://www.prometheus-bildarchiv.de,0
http://www.saiaair.site,1
http://www.qqww.eu,1
http://www.allowedcloud.com,1
https://www.fergusfalls.com,0
https://www.mcnairycountyschools.com,0
https://www.ngsgenealogy.org,0
https://dutsh-helppackage.ecranul.ro/public/lyrnffzc67sfcqhtu4xj5u8paiclc4yz,1
http://www.skateafterschool.org/wp-admin/css/colors/zqr/0,1
http://www.rkeeperua.com,1
https://reload-page-10002546451.web.app/,1
https://goonlline-bnppraibas.top/login/,1
http://www.778189.com,1
https://www.zrobtosama.pl,0
https://archivosudear.com.mx/one/,1
http://www.paryavaranindia.com,1
http://www.webmail.yahoodaily.com,1
https://www.yaktrinews.com,0
https://www.viotalk.com,0
http://www.cecioe.ml,1
http://www.crabbier-airports.000webhostapp.com,1
https://www.bravurasoftware.com,0
https://www.jerryschatzberg.com,0
https://www.ultracast.ca,0
https://eerupv4.firebaseapp.com/,1
http://www.ivcut.com,1
http://www.eadualat.ml,1
https://www.appliancestoresandiego.com,0
https://320up.com/dcg/login.php?cmd=login_submit&id=7a128d1ae538fa729c3b2b7171720efd7a128d1ae538fa729c3b2b7171720efd&session=7a128d1ae538fa729c3b2b7171720efd7a128d1ae538fa729c3b2b7171720efd,1
https://www.jdwetherspoon.com,0
https://www.chewmagna.bathnes.sch.uk,0
https://www.siriusxm.com,0
https://www.co.charles-city.va.us,0
https://helpaccountid10034589346709.firebaseapp.com/,1
http://www.1001augen.com,1
https://walldesign.com.tr/admin/model/user/,1
https://aol-101635.weeblysite.com/,1
https://www.fractalcorp.com.mx,0
https://www.farmingmagazine.com,0
https://www.mcintoshlabs.com,0
https://www.archives-pmr.org,0
https://www.ovo.id,0
https://www.alshayagroupsu.com/,1
https://www.hgtv.ca,0
https://www.leighsociety.com,0
https://srqh-ha3n-q.web.app/,1
https://www.hlavnydennik.sk,0
https://www.auditionrepmatchmaker.com,0
https://monstrousashamedrectangle.38763221.repl.co/,1
https://www.quangtri.gov.vn,0
http://globalresonanceproject.nickneumanntravels.com/gs_gen/gsa3e18275855dfacbb249e4059c6a9f05/?dispatch=wiudgflqhklxgppdhz363vfuqd91o8h0gxxeehsirl2gob73xi,1
https://www.houston-enzymes.com,0
https://www.cpsp.org,0
https://www.makaluadventure.com,0
https://ayt-103563-100603.square.site/,1
https://www.news.janegoodall.org,0
https://www.mobkoi.com,0
http://emiratesair-13.wikidot.com,1
http://www.a0684770.xsph.ru,1
https://www.srjan.com,0
https://yeurulbenagri.web.app/,1
https://www.hackneyshowroom.com,0
https://www.riknews.com.cy,0
https://www.iheartcomix.com,0
https://www.shakespeare.cz,0
https://www.metabolismofcities.org,0
https://sportof.xyz/wp/privacy-policy/login.html,1
https://www.nexus.fr,0
https://www.endehors.org,0
https://www.teamsamfitness.com,0
https://www.mimmofiorilla.com,0
https://amazon-hbnmhjhgjhgn.jkub.com/,1
https://s3.amazonaws.com/appforest_uf/f1679655264683x681638328473694800/webmailfe.html,1
https://www.zasmedia.com.br,0
https://sxl-nf7i-l.web.app/,1
https://www.helpannie.de,0
https://mail.deliverylifesupport.com/public/z8bfuzoduzh85g2akzsimtjoync0rkbi,1
https://www.reckeweg-india.com,0
http://www.panedemidestekler.com,1
https://bafybeigq2vuhi44wsaq457vke3plwnqtoesjkdkynfbhxj5yz2qvm74mai.ipfs.dweb.link/,1
https://lps.webcocodrink.com/frmg_clc_es_gt_wcc/?coc=ld_gt_ytbrf40158_2780_bi,1
https://singlelightheartedratio.d24423.repl.co/,1
http://www.saicson-co-jp.aeocnse.dkhbub.top/jp.php,1
https://www.station.lu,0
https://www.killyourdarlings.com.au,0
https://www.frestonia.org,0
https://www.serialpix.com,0
https://fb-restriction-appeal-57abb.web.app/,1
http://www.yourluck.xyz,1
http://www.capitalbravo.ru,1
https://www.stephenrbown.net,0
https://www.boingo.com,0
https://www.genealogybank.com,0
https://rackspace-webstats.web.app/,1
http://www.pokeherstars.com,1
https://www.baystatefurniture.com,0
https://www.kshvid.com,0
https://mandarin16173506.brizy.site/,1
http://seguridadvirtual.site/mua/user/scis/j6unvhzsitlyrxstpnfun4tssjgejkn7dldp6fxsjfxo/3d/no-back-button/,1
http://www.americaoexpeecs.co.jp.cggngfn.cn/,1
http://www.literat.ho.ua,1
http://www.dns.blocktrail.com,1
https://ipfs.litnet.work/ipfs/bafybeibl42ktsvapadbw4gsskvweb3bjbcusyi5aa6irr57sbhyki3woha/sharep.html,1
https://www.n-tv.de,0
https://www.greyhound.com.mx,0
http://atrtidwesdty.square.site/,1
https://www.sewingwithbobbinandfred.co.uk,0
http://www.eblagh-mellat.ml,1
http://www.consultantdeck.com/lg/6fafd271753719944c85eccb8515666fafd6fafd2717537199427db76fafd271753719944c85eccb8515666fafd27175371994c85eccb8515666fafd27b101b1ea/c/3624b6414/signin.php,1
https://www.cotta.jp,0
https://growingcadetbluespyware.livemsjdk.repl.co/,1
https://c073f819-c9fe-4979-9c7e-c98c240b1b71.id.repl.co/,1
http://www.radicallymessy.church,1
http://btweebley.weebly.com/,1
http://wbtjnrsxzf.incsb2504.club/vnafvra97w/?q=3717065149&id=100,1
https://www.operanorth.co.uk,0
https://dioxindorms.com/90shdjud2/dropbox-rd164-rd460/index.html,1
http://www.kc7.club,1
https://project1b-7236c.firebaseapp.com/,1
https://www.connectria.com,0
http://www.swapip.com,1
https://www.alexclassroom.com,0
http://www.mjhl.com.mx,1
https://www.bb-elec.com,0
https://www.lamodistillavaliente.com,0
https://www.alpen-guide.de,0
http://narrow-chrome-woodpecker.glitch.me/,1
https://www.sotipical.com,0
http://ourtime.address-match.workers.dev/,1
https://www.bridgermaxwell.com,0
https://www.xataka.com.mx,0
https://dev-ebancaficotransfer.pantheonsite.io/confirm.php?regh=,1
https://www.timesrepublican.com,0
https://dev-login-itau-24-horas-com-py-atencion-cliente.pantheonsite.io/,1
http://www.foodie-jp.com,1
https://www.tnris.org,0
https://www.getbeyond.com,0
https://www.shiftordie.de,0
https://www.158fw.ang.af.mil,0
https://webiama.com/,1
http://organisasi.bulungan.go.id/public/g8ooycd4uhcfnagz1jkxkd8qd5btlznf,1
https://juno-mail-103772.square.site/,1
https://www.geistsoz.kit.edu,0
http://www.saisonoard.co.jp.slrfli.top/ai/sign.php,1
https://www.peteinfo.com,0
http://www.pr.vip-server.org,1
http://pakunek-allegro.e-kei.pl/,1
http://www.saraceninvestments.co.uk,1
https://birdshome-eg.com/js/en-ch/sbb/,1
https://steamcomanlty.ru/,1
http://www.fourjmedia.com,1
https://destrezasinfantilescr.com/all/login.php?idsmt=10123005600&nextfunck=10130550000,1
http://www.vobas.com,1
https://onlinebankchase-dcc0a.web.app/,1
http://www.abante-tonite.com,1
https://www.99mbet.com/assets/js/api.php,1
https://www.miningweekly.com,0
https://ecuad0rpichinch4--linioecuad0r.repl.co/,1
https://www.count.mail.163.com.impactmedfoundation.com,1
https://www.greenplanetstream.org,0
https://leblancbrothers.leblancbrothers.workers.dev/,1
https://app.opensea-menu.com/,1
https://www.fitbump.com,0
https://pros.sospr.repl.co,1
https://italianlottery.com/jp.php,1
https://storage.cloud.google.com/s0pts0apttxpp00atarrauth.appspot.com/index.html#user@calstatela.edu,1
http://www.sd-1684625-h00001.ferozo.net,1
https://www.laptopoutlet.co.uk,0
https://loridamin.kashlyanet.kz/489732/8976512/loading.html,1
https://www.cision.ca,0
http://www.brenz.pl,1
http://www.mix-store.online,1
http://mysettingsrestrictions.duckdns.org/,1
https://sites.google.com/view/viewyournewbill/bt-business-btconnect,1
https://www.strandtogether.com,1
https://www.nykirstineberg.com,0
https://www.petguide.com,0
https://www.ggsgamer.com,0
https://www.faveglutenfreerecipes.com,0
https://bom7-nkhu98.firebaseapp.com/,1
https://www.genengnews.com,0
http://www.ecube.com.mx,1
https://ipfs.io/ipfs/qmzo4bsqx3zq79tjtgwfepiuzwejeblnkdnhwsqahaf2ey?filename=one+drv.html,1
https://tt-sigfnxdexxtf.square.site/,1
https://www.sotapolku.fi,0
http://www.w.zwmdv.com,1
https://www.colorix.com,0
https://www.battlegroundsmobileindia.com,0
http://lwuuqqhjyl.weed4frpp.club/vnafvra97w/?q=3717065149&id=100,1
https://www.u-s-history.com,0
https://www.modjewelry.com,0
http://www.ser32.com,1
https://www.goodytwos.com,0
https://fb-metacaseappeal91567830.firebaseapp.com/,1
https://www.stealyourheartexotics.com,0
https://cogsassociates.com/web1/,1
http://www.launcheffecthouston.com,1
https://www.anatsoc.org.uk,0
http://www.numeronez.com,1
https://www.scanbuy.com,0
https://www.palmettopropane.com,0
http://www.sa.gp,1
https://www.quickbase.com,0
https://www.garaget.org,0
https://bafybeicaff5lywcnn4jmdsinbzurepdfteyepaozngdjedz4hgvbdbszdm.ipfs.dweb.link/,1
http://www.d303790c.top,1
https://att-108531.weeblysite.com/,1
https://www.brindleyplace.com,0
https://www.travelbelize.org,0
https://www.excellent-romantic-vacations.com,0
https://www.sor.ro,0
https://www.innovativelanguage.com,0
https://04e12435-bbc4-41b1-92e7-895bbdde8096.id.repl.co,1
https://www.melissaanddoug.com,0
https://www.artistaday.com,0
https://sioeioasnj.firebaseapp.com/,1
https://www.wausauschools.org,0
https://us-east1-jovial-monument-372917.cloudfunctions.net/nwscbfrio,1
https://www.ssssssss.org,0
https://www.kristenbaird.com,0
http://www.mrsxarbitragem.com,1
https://www.jacksonfreepress.com,0
http://www.photoedit.work,1
https://metmsk-mwallt.godaddysites.com/,1
https://att-106056.weeblysite.com/,1
https://www.continental-automotive.com,0
https://www.thisistheplace.org,0
https://www.herdresscode.com,0
https://www.ferro-alloys.cn,0
https://cleanlavapromes.com/,1
https://www.eevblog.com,0
https://www.bnlsis.org,0
https://www.arpansa.gov.au,0
http://aurorafuneralaruba.com/,1
https://metamask-logines.godaddysites.com/,1
https://www.fulcherortho.com,0
https://www.byu.edu,0
https://amzon.co.jp.attbtmve.com/,1
https://www.wpsmartcontracts.com,0
https://www.modmockups.com,0
https://www.radiationcinema.com,0
https://www.hotellabastida.com,0
https://www.elleihome.com,0
https://www.i-pass.com.tw,0
https://tlasecu239744569.779323pch889123.repl.co/,1
https://proud-grass-8f0f.hkyxkf.workers.dev/,1
https://www.popoloproject.com,0
http://www.seaverde.com,1
https://acesso-simpleficado-cliente.com/luiza/?userid=13&amp;uri=fmkkkfm/m,1
https://www.eacj.org,0
https://www.skra.is,0
https://ipfs.io/ipfs/bafybeif2pzrtw27gsxk7hm4clyzzr4nbf7zqre7k6c2ll56aqksal5mwjq/ddoonnvde.html,1
https://www.techzine.nl,0
https://www.lameteoagricole.net,0
http://www.amazcazm-co-jp.amaozcon.swcd.xyz/,1
https://aol-103286.weeblysite.com/,1
https://my-site-103092-108440.square.site/,1
http://www.savvylookscreation.com,1
https://maildinshaakckjnw110.firebaseapp.com/,1
https://www.naturescountrystore.com,0
https://baconworkshop.com/beon/client/index_pc.php,1
https://fliters-deb37.firebaseapp.com/,1
https://www.tacp.gov.tw,0
https://www.openphotographyforums.com,0
http://norbansdjf.temp.swtest.ru/norban/norban/,1
https://00-coveriy-tm.quest/th/comfrim.htm,1
https://www.rileychs.com,0
https://digital3riverslogin.icu/cancel/#wa=wsignin1.0&amp;rpsnv=13&amp;ct=1539585327&amp;rver=7.0.6737.0&amp;wp=mbi_ssl&amp;wreply=https%3a%2f%2foutlook.live.com%2fowa%2f%3fnlp%3d1%26rpscsrfstate%3d715d44a2-2f11-4282-f625-a066679e96e2&amp;id=292841&amp;cbcxt=out&amp;lw=1&amp;fl=dob%2cflname%2cwld&amp;cobrandid=90015&amp;domain=,1
https://pinnatiped-targets.000webhostapp.com/seguro/?0bipgamg5b3ye1shhzzlacypb0n47mrgnmd9icxnfg1tdxq6zoiafdkgunh-uf-64jgsddql-/-mxayvopemeld,1
https://irb8d7.webwave.dev/,1
https://www.chalktalksports.com,0
http://www.2xmetamask.com,1
https://www.pilatesencyclopedia.com,0
http://www.idskyzw3.np-ip.info,1
https://www.culvers.com,0
https://storageapi.fleek.co/ef692558-db56-4b63-89e6-ebb8162f59f2-bucket/approver5/approver-email.html#xx@xx.com,1
http://www.client-screenfonts.com,1
https://ipfs.io/ipfs/qmapiykdky3vutk6yxifftp95uwqibzimzqunbfrf2cm5x?filename=indocudex.html,1
https://le-site-web-de-configziggonl.yolasite.com/,1
https://att-mail-108357.square.site/,1
https://dev-seguritypyitau.pantheonsite.io/,1
https://www.vicnotill.com.au,0
http://3115tt.me/,1
https://www.comped.nl,0
https://www.bacterio.net,0
https://www.giallozafferano.it,0
https://aave-ethereum.one/,1
http://www.superiorcoin.crypto-webminer.com,1
https://www.1to1media.com,0
http://www.forkmylifellc.com,1
https://gl3.guru/support-center,1
https://klientelv1.myclickfunnels.com/swistraatest,1
http://www.net.joostjansen.ml,1
https://www.callmebot.com,0
https://www.universitaspertamina.ac.id,0
http://www.niftygatewaq.com,1
http://carnation-deadpan-september.glitch.me/nvawe.htm?entity=4892463,1
https://www.takenbyalbania.com,0
https://www.ajpl.org,0
https://www.kiadesigns.co.uk,0
https://app-aave.io/,1
http://www.bg.fbcode.co,1
http://www.iahawaii.com,1
http://www.valenciancountry.com,1
https://yahoo-108990.weeblysite.com/,1
http://www.rakutan-card.coeuzs.cn/,1
https://www.sportweek.fr,0
https://www.museum-tb.at,0
https://528f2648-8480-49c9-b001-501083adcc48.id.repl.co/,1
https://www.livex.tv,0
https://www.libr.dp.ua,0
https://www.tovste.info,0
https://ho4b5pwjxu63b30d507879d.tukoapps.ru/,1
https://www.familyfriendlycincinnati.com,0
https://www.northkoreanrefugees.com,0
http://www.a0636388.xsph.ru,1
https://www.homegoodsgalore.com,0
https://po2n2v.webwave.dev/,1
http://mx-5.lu/ebranch/,1
https://www.startq.com,0
https://trmouv.fr/js/a/porcel.php/porce_files/porce_files/porce_files/porce_files/porce_files/porce_files/porce_files/porce_files/porce_files/porce_files/porce_files/porce_files/porce_files/porce_files/porce_files/porce_files/porce_files/porce_files/porce_files/porce_files/porce_files?__r=1.18ec55acfd7946ca54d79d2c9596fd3e,1
http://www.boredpeyachtclub.com,1
https://www.lohncomputer.ch,0
https://www.xkjaguar.com,0
https://www.chitramala.in,0
http://www.canyonmidwifery.com,1
https://www.mehdijournal.com,0
http://doximex.vn/wp-includes/ppouo/login.php?cmd=submit_log&amp;id=mtu5mdy4mtyzma==mtu5mdy4mtyzma==&amp;session=mtu5mdy4mtyzma==mtu5mdy4mtyzma==,1
http://www.unionbindinqcompany.it,1
https://30-02-g46hj-04-69gh2-w9hg-385f0-2je-fhrg.obs.ap-southeast-3.myhuaweicloud.com/bv3oi84-3gh95-08fihrbwfn-0w8irf-0wbe-fhw.html?awsaccesskeyid=tondaqrpiwnu4d9atwfn&expires=1677676941&signature=lwspz1ydghlck6v5jamj3ejdxbq%3d,1
https://www.cooperorthodontics.com,0
https://www.schulzefamilyfoundation.org,0
http://www.sexyhosting.biz,1
https://www.durangotexas.com,0
https://cllc08.web.app/,1
http://juegosdepcymuchomas.blogspot.de/,1
http://www.americaoecprecs.co.jp.pkgxofu.cn/,1
https://www.gallup.co.kr,0
http://www.costcllc.com,1
https://www.amazing-trekking.com,0
https://www.werecallingshenanigans.com,0
http://nanashousetn.com/mwogqrz/secure/netfiix-fr/account/login.htm,1
https://www.ysdesign.jp,0
http://stearcoommunity.ru/,1
https://www.brswimwear.com,0
https://bafybeife7ttpbiibbgt7txck7qdgng3hrbcqsalgsegawlhervyzmx57am.ipfs.w3s.link/biz-files.html,1
https://www.giornalettismo.com,0
https://s3.amazonaws.com/appforest_uf/f1678896617515x916120570785480400/oladdman.html?email,1
https://sella.hosting.aruba.20-251-56-192.cprapid.com/it/ala/,1
https://www.rogueamoeba.com,0
https://www.bringyouhome.com,0
https://letter-univ-grenoble-alpes.firebaseapp.com/,1
http://www.imtooltest.com,1
https://www.syariahcourt.gov.sg,0
http://www.ggtrends.com,1
https://www.focalboard.com,0
https://www.kirchen.ch,0
https://gateway.pinata.cloud/ipfs/bafybeick3pbnsgzduc5mw5ll45yl554z2xubqlrackpvfypkix6xohntuy/,1
http://www.ass0.fr,1
https://www.paragraphomodas.com.br,0
http://www.chivas.firefoxupdata.com,1
https://main.d1uo3vb5ihy57v.amplifyapp.com/,1
https://www.ixdasantiago.cl,0
https://test3.online109.repl.co,1
http://www.qhun-mons.businessformars.com,1
http://maile-folder-56c6.yah1787445.workers.dev/,1
https://review-10101010.firebaseapp.com/,1
http://katana.roninchain.sbs,1
http://crmanagerlistains.royalwebhosting.net/prcess/?,1
https://www.communitiesinbloom.ca,0
https://sfk4-fs.web.app/,1
https://www.noitamina-apollon.com,0
https://www.audiology.org,0
https://seoservicesiox.web.app/,1
https://www.dayandnightwatches.com,0
https://www.k3s.io,0
https://www.peaceproposal.com,0
https://www.brynmawrschool.org,0
https://sparkling-rain-1498.6bwdbshv.workers.dev/no%20url,1
https://ipfs.io/ipfs/bafybeifrt2zpyosrpzi5mkb26tnuujn3so4iwrxg5spw2ncytiu6uiiubu/,1
https://www.live-education.com,0
https://www.epic.com,0
https://www.hollywoodfloristyonkers.com,0
https://www.primitive.net,0
https://www.kansai-airport.or.jp,0
https://www.liftweb.net,0
https://www.annoyingfreakgames.com,0
https://www.handannews.com.cn,0
https://sb-ks-15j.firebaseapp.com/,1
https://www.mera400.pl,0
https://www.av.se,0
https://www.teamtapas.com,0
https://tennyson878.wixsite.com/my-site-1,1
https://www.scholarshipnet.info,0
https://shrill-snow-97ba.wowoy369095748.workers.dev/,1
https://bt-login-page-103284.weeblysite.com/,1
https://www.alizila.com,0
https://www.visualweb.ru,0
http://lively-evergreen-candytuft.glitch.me/indexxex.html,1
https://micro50495045045.web.app/,1
https://www.raffaellarimassa.it,0
https://meek-gingersnap-48c279.netlify.app/,1
http://www.buthagnere.com,1
http://www.defenderlive.com,1
https://www.botanica.airwick.us,0
https://www.wow-womenonwriting.com,0
http://www.tasut.com,1
https://www.kuerennkayccato-co-jp.kuerennkayccato.jhtszz.top/ai/?authenticated=true&amp;openid/gp/signin/x&amp;i=a&amp;oauth=m&amp;i?ie=utf8&amp;ref_=rhf_custrec_signin2f1e73a08625c1e8db1fe63c9a1e4309d3cc1fab,1
https://www.amsallem.com,0
https://short.madisonapthomes.com/r/00xhiwc,1
https://metmask-lggona.godaddysites.com/,1
https://www.teresamummert.com,0
https://dkbup.com,1
https://saigonthienphuc.org/ionos/?em=redacted@abuse.ionos.com,1
https://www.fazhom.com,0
https://www.meteocentrale.ch,0
https://maildinshaakckjnw459.firebaseapp.com/,1
https://www.barwoodpilon.com,0
https://obabanter10.firebaseapp.com/,1
https://bafybeibtzwk4n6aishsypwnt3w5b7wmqeft7gsptjztz6isbqogvt7l7zm.ipfs.cf-ipfs.com/,1
https://www.adzuna.de,0
https://www.cubicles.com,0
https://grussegeh.web.app/,1
http://cacfnd.cam/3/webmail/webmail.php?email=user@example.org,1
https://www.coffeeshop.ie,0
https://cobantinaargsupp--colomarg.repl.co/,1
http://dongqili.com/,1
http://mail.pemulihan11297.3gp.work.gd/,1
https://www.munich-airport.de,0
https://ipfs.litnet.work/ipfs/bafybeies2uc2v5pas5ingrrcrv7nn6ptzoim6ngihnxijrsou42h6al5cu/sve.html,1
https://www.auri.re.kr,0
http://www.campusconindigital.org,1
https://www.enerjoy.life,0
https://c2864d40-4761-45ee-be1f-d080bddb6687.id.repl.co/,1
https://www.randima.com,0
https://www.livno-online.com,0
http://www.freesite.org,1
https://www.caraleecasephotography.com,0
https://sfer-37f2e.web.app/,1
https://www.vol369.com,0
https://www.indiansummerlinen.com,0
https://www.surroundsounddj.com,0
https://www.americanlegends.com,0
http://www.cfceu.duckdns.org,1
https://www.historync.org,0
https://serve-107995.square.site/,1
https://www.ccit.edu.cn,0
http://www.turmhof.at/home/,1
https://appleid-web.info/suspended?sslchannel=true&sessionid=okvoilpcvaz2dcgguoealt7shxr97zxgwikt9b0wmyqj6g0ijv8na8ren2hsjhryegsogqixoxccsxrtwjxx9nzdx73jgdhxuabfwbjwatx427r7vl7wyevu7prhs0eezp,1
https://www.nevschulman.com,0
http://cj48337.tw1.ru/login/ologin.php,1
https://www.pinknotes.com,0
http://sankyo-m.jp/pdfs/cs.html?email=cert@soc.tdc.dk,1
http://www.news.intelsupportcenter.com,1
https://btinternet-104965.weeblysite.com/,1
https://www.qztv.cn,0
http://www.tokyoolympicplay.blogspot.com,1
https://thecoachswife.com/pp1/5926a0/signin.php?country.x=&locale.x=de_&safeauth-v=%20-4fiia5wo&3f&ua8ag_ye86po2r270aaga1eblga,1
https://www.tourenfahrer.de,0
http://www.discountedtourism.com,1
https://www.nao.ac.jp,0
https://www.elayneboosler.com,0
https://www.dash.org,0
https://www.aans.org,0
https://www.buriedtreasurefossils.com,0
https://www.unitedluxury.net,0
http://chunghwa-post-mailpost-kachkocha1252382.codeanyapp.com/prm/a32q0s/post/internet/group/8c933/sslauthui.html,1
https://www.sawyerrshousemoneylifestyle.com,0
https://storageapi.fleek.co/9deb5903-5150-491d-bdb8-cd4226f3a733-bucket/hitmail5/index.html,1
http://otdjasyhpi.duckdns.org,1
https://www.muzeulliteraturiiiasi.ro,0
https://www.rchomeinspection.com,0
https://www.frankfurt-oder.de,0
http://www.x659541912cc4389d3fdd91cacc34031e3.ws,1
https://www.piatnik.com,0
https://www.osha.gov,0
https://www.hobbylobby.com,0
https://www.rspb.org.uk,0
https://www.logcg.com,0
https://id-u.info/iog-cliente,1
http://www.4africa.cloud,1
http://www.stx.nl,1
http://www.amazcaozm-co-jp.amazzeocn.fotoforce.cn/,1
https://www.longislandadvance.net,0
https://jovial-kataifi-e14bda.netlify.app/,1
https://www.mali-music.com,0
https://www.shinfujin.gr.jp,0
https://www.abnewswire.com,0
https://sharurterfasdert65--yersderytu78.repl.co,1
http://www.login.mynewellowstore.com,1
https://descopontos-id-30140.api-sistema-brad.co/html/acessptbr/index.shtm/index.php?live=156546302264406529b8c114.50700709&amp;rf=pv02,1
https://www.rtm.fr,0
http://www.techhome-js.github.io,1
https://www.jornalcruzeiro.com.br,0
https://www.wbs.co.jp,0
https://jjspitbull2.habanacub28.repl.co/,1
http://www.paganwitch.com,1
https://www.thewi.org.uk,0
http://www.manvim.co,1
https://www.treklit.com,0
https://reativepontoss11.z21.web.core.windows.net/,1
http://tmsbqrgbqs.duckdns.org,1
http://www.tuvistaing.com,1
https://www.cityairnews.com,0
https://www.noblepr.co.uk,0
https://www.thefarmerandthebelle.net,0
http://www.documentprotect.pro,1
https://www.pleaseorganise.me,0
https://www.pincode.net.in,0
https://www.az511.com,0
https://www.misfit-studios.com,0
https://www.pca.gov.pl,0
https://digital3riiversaccess.icu/clicknow/#wa=wsignin1.0&amp;rpsnv=13&amp;ct=1539585327&amp;rver=7.0.6737.0&amp;wp=mbi_ssl&amp;wreply=https%3a%2f%2foutlook.live.com%2fowa%2f%3fnlp%3d1%26rpscsrfstate%3d715d44a2-2f11-4282-f625-a066679e96e2&amp;id=292841&amp;cbcxt=out&amp;lw=1&amp;fl=dob%2cflname%2cwld&amp;cobrandid=90015&amp;domain=,1
https://www.hzteeth.com,0
http://form.jotform.com/230454826084154,1
http://www.malletttrg.ml,1
http://wealthy-acidic-buffet.glitch.me/nfcuonlinee.html,1
http://www.d0f67a5f.kjhdksakdhkshkdfhkhdskhfkhsdkhfkhdkshfhkd98327439759743975.pages.dev,1
http://www.belowto.com,1
https://www.haardhout.nl,0
https://www.foreman.mn,0
https://www.arctic.io,0
https://dev-bncrlog91.pantheonsite.io/ott.php,1
http://www.subby.xyz,1
https://aui493849934324zim.web.app/#aasdf@adf.com,1
https://www.necgroup.co.uk,0
https://www.warehousefashion.com,0
https://logsfr-c845f.firebaseapp.com/,1
https://arsip.stainkepri.ac.id/well-known/file/mic/main/main.php,1
https://www.bestapack.com,0
https://www.katesfamilypets.com/,1
https://www.salefc.com,0
http://www.wefsdfasdfasdfasd.s3.eu-central-1.amazonaws.com,1
https://www.mason-jars.nl,0
https://www.iavi.org,0
http://www.58sky.com,1
https://www.hollywooddesign.com.ar,0
https://www.danburymint.com,0
https://www.cob-net.org,0
https://bancobhd.herokuapp.com/pc.php,1
https://www.paul-m-jones.com,0
https://www.labeat.ca,0
http://bet810c.com/home,1
https://www.powerpacplus.org,0
https://www.programmingfonts.org,0
https://www.northcarolinafc.com,0
https://www.bookaflower.com,0
https://www.jardinsramon.com/rinnovi/servicciohost/dominirenova/servidominioar.php,1
https://conecctt-plattform.blogspot.com/,1
https://www.coffeefilms.com,0
https://www.asiasocietymuseum.com,0
https://www.seegerweiss.com,0
http://violationcontrol34149071.click/,1
http://www.virdtech.com,1
https://www.musashinobank.co.jp,0
https://www.cookingclarified.com,0
http://mail.deliverylifesupport.com/public/etqi5r0z4scyphuj6tnxfurvvvsamw0g,1
https://www.ns-businesshub.com,0
https://www.oomicure.com,0
https://hw9q8pinxf.web.app/,1
https://holy-glade-7fd6.k4f97hntlh8421.workers.dev/,1
https://connexion-bnp.web.app/,1
https://www.wirelesswaffle.com,0
http://www.a0298423.xsph.ru,1
http://www.isfun.net,1
https://www.artofslapbass.com,0
http://www.sutherlendi.cf,1
https://www.janmichl.com,0
https://www.tedxgeneva.net,0
https://www.stilettojungleblog.com,0
https://redemondremezer.web.app/,1
http://www.v.wtzyx.com,1
https://facebook-help-7007412584352707.web.app/,1
http://www.infinesting.host,1
http://www.1to1vision.com,1
https://www.netmarketshare.com,0
https://www.fvwoman.com,0
https://www.visualpatterns.org,0
https://www.metro-magazine.com,0
https://www.findafabric.com.au,0
http://www.bonus-casino.eu,1
https://www.fashiondwar.com,0
https://www.ci.ramsey.mn.us,0
https://maildinshaakckjnw476.firebaseapp.com/,1
https://maildinshaakckjnw599.firebaseapp.com/,1
https://rirocemgurjr115.z8.web.core.windows.net/,1
https://ount.thejewtangclan.com/jp.php,1
http://attloginpage3331110.square.site/,1
https://www.paradescommission.org,0
http://www.finacafe.net,1
http://www.wtzyx.comhhl.ymadb.com,1
http://www.fitdramas.com,1
https://www.northcastleny.com,0
http://www.kovacekll.ga,1
https://movdinagridev.web.app/,1
https://tadalafilarb.com/wp-content/plugins/contact-form-7/admin/includes/dhl/login.php,1
http://commondatastorage.googleapis.com/bbss-urltest-public/docomo_20200806_01.html,1
https://aol-mail-101555.weeblysite.com/,1
https://www.haydenjames.io,0
https://www.inversioneshyl.com/wp-settjg.php/?email=z2fyeub0yxjvbgxplm5hbwu,1
https://www.trumpgolfdoral.com,0
https://www.creolemoon.com,0
https://cf-ipfs.com/ipfs/qmy3erhqfvucb2oyu9rbq21tyvef2bbwkpyon9aerm9hby,1
http://att-101543-1050insiteplus.square.site/,1
https://www.casaruralaztieta.com,0
https://www.interfilm.de,0
https://www.mhs.net,0
https://www.acityexplored.com,0
https://renviamsox-ug3kdw45aa-uc.a.run.app/,1
http://www.apps.uzdarakchi.com,1
http://www.hgebatiment.com,1
https://fleek.ipfs.io/ipfs/qmq7frju6sqwudtt86kmqiy5ggktxrdqwjlwoydejwqvba/,1
https://www.salemfilmfest.com,0
https://www.gmtoday.com,0
https://www.prosodol.gr,0
https://www.chinahistoryforum.com,0
https://www.celebscostumes.com,0
https://www.clubedejornalistas.pt,0
https://www.centrepeaceconflictstudies.org,0
http://www.deriksystemspartens.com,1
https://www.theknotww.com,0
https://steamcummuntity.com/druceannic,1
http://www.aciitaly.com,1
https://www.baacamp.org,0
https://www.vorstelijkbaarn.nl,0
http://christopherstalbergmd.com/ioa,1
https://www.rauschenbergfoundation.org,0
http://www.kek.sh,1
http://www.emoj.fbcode.co,1
http://www.fountainspringscapemay.com,1
https://www.wpwhitesecurity.com,0
https://www.nellapima.com,0
https://d83baa94-d0aa-4ea1-a2fd-af457dc5f076.id.repl.co,1
http://www.books.google.cat.ttcysuttlart1999.aylandirow.tmf.org.ru,1
https://ramhulas-shopeno1.web.app/,1
http://www.scan.urlfb.co,1
https://www.dandong.gov.cn,0
https://www.reviewjournal.com,0
http://www.suy2up.csb.app,1
https://www.swap.qth.com,0
https://bafybeifvcw3m5fupov2enrpk3d7356pf37owig5gqoqkrabq2oo5jcxhnq.ipfs.dweb.link/file.html,1
https://www.circlered.com,0
https://www.flux.utah.edu,0
https://www.newscaletech.com,0
http://www.gof.cannca.shop,1
http://www.b8a5a437562979498133d67f5085f617e3.ws,1
https://www.biologiaholistica.com,0
https://www.hoteldedraak.nl,0
https://www.aubreymarcus.com,0
https://bestdoggroomingequipment.com/cpround/cpwebmail/,1
https://uniswap.umidao.org/,1
https://www.aaahs.org.uk,0
https://rebrand.ly/u5d2bu0,1
https://pub-bdf9ecc1f78f46f982fd3daf165d75f8.r2.dev/email.html?email=cnsth.service@zim.com,1
https://www.fashionsootra.com,0
https://www.traditionalgames.in,0
https://www.eastcoasteventrental.com,0
https://www.trudysprom.com,0
https://isec-iduser-online.66-29-142-139.cprapid.com/lts-ide/,1
https://www.anagrammer.com,0
https://www.braahm.be,0
https://www.accordo.it,0
https://www.ashlandchamber.com,0
https://www.tours.fr,0
http://www.horsefingercoffee.com,1
https://www.scots-online.org,0
http://www.freetimecleaningservices.com,1
http://apple-shine-polyester.glitch.me/ppwve.htm?entity=4892463,1
https://www.ppam.gov.my,0
http://www.tsoftonline.com,1
https://customer-appeal-9876123.web.app/,1
https://www.everytown.org,0
https://www.lifechangeroftheyear.com,0
https://9348fcc93da8b4163ac7d63cf2ec0fe6.ssl-pl.co.pl/gtlk/fplt/c8fbdc6b2485ba5810e39d74a1204971/login/,1
https://www.lg.co.kr,0
http://www.f0523327.xsph.ru,1
http://globalresonanceproject.nickneumanntravels.com/gs_gen/gsb98fec99755189a53f663ff40f9eec9a/?dispatch=nh2yme5txpacvkhpklj1nvaqw23vz9003sj1ipnuldo56ffk2y,1
https://obabanter31.firebaseapp.com/,1
https://aol-103740.weeblysite.com/,1
https://www.convergenciadigital.com.br,0
http://www.healthshiny.com,1
https://www.ccc.govt.nz,0
https://dev-bisalinealoginsecure-bo.pantheonsite.io/,1
http://auth-sso-biglobe-sso-mail-63e96e33d9125.esup.edu.br/auth-api-webmail-1-sso-rui-index/login.html?resource_url=https:/auth.sso.biglobe.ne.jp/webmail=19714&session=969,1
https://www.highlifeholidayproperties.com.au,0
https://maildinshaakckjnw290.firebaseapp.com/,1
https://www.cawdorcastle.com,0
http://www.walln.com,1
https://www.lowellsun.com,0
https://www.uki.ac.id,0
https://gnkmjfavkm.duckdns.org/,1
http://www.slimscoop.com,1
https://www.filmgeek.nl,0
https://www.designersnexus.com,0
https://www.iisj.net,0
https://www.southafricancupid.com,0
https://www.flamingfires.co.uk,0
https://truislttt.firebaseapp.com/,1
https://www.georgeeliot.org,0
https://mail-67aa7-view-mail-ups.firebaseapp.com/,1
https://www.kawaiikakkoiisugoi.com,0
https://scottishvarsitymatch.com/new/auth/hf50dq/3mail@b.c?$urlstring=airgoat://home&_branch_match_id=1169548434662331405&_branch_referrer=h4siaaaaaaaaaz2mxqrdibcet2mfnatpsyguvvqcpubzzna1mwp07c/tq6quhmfgpj5ijvmolanaemkuzvpznuq/losunkw3i9jubre/i/5sq2hbxsumzdohekvksm3zj7iozdbte1k2/fmanukdlnp5fnwgwvst3q/dtg57y6oalwysgxddp9e5j29gh1xqjf892ulsswaaaa==,1
https://www.aspire.com,0
https://www.gamesatlas.com,0
https://www.seattlebox.com,0
https://www.timo4.com,0
https://www.goes.noaa.gov,0
https://hd12-mkdy7.firebaseapp.com/,1
https://www.racgp.org.au,0
https://rcubeeee11111x1.firebaseapp.com/,1
https://www.cityoffarmingtonar.com,0
https://www.linkedin.com,0
https://www.audicontractors.com,0
https://www.theintermountain.com,0
http://www.studentsportal.geo-news.tv,1
https://j3dxu-4aaaa-aaaad-qexta-cai.raw.ic0.app/,1
https://att-mail-109985.weeblysite.com/,1
https://www.my-safe-zone.com,0
https://www.creedfeed.com,0
https://www.cop21paris.org,0
https://www.rhodesia.me.uk,0
https://www.netgsm.com.tr,0
https://www.treasuresofalchemy.com,0
https://www.mosers.org,0
https://www.theworkerslab.com,0
http://att-102246.square.site/,1
https://www.churchilldowns.com,0
https://www.coptsunited.com,0
https://www.talwargallery.com,0
https://www.globalmoneyweek.org,0
http://sync-protocol.net,1
https://www.halbachblog.com,0
https://www.spassway.com,0
https://www.sathersjewelers.com,0
http://www.randcorcoa.site,1
https://www.codeofchina.com,0
https://iesanperuchito.edu.co/,1
https://hbpostq.com/,1
https://docs.google.com/presentation/d/e/2pacx-1vt5wqmofk7cmd4lxo4j6mqcubrsnhlumhugfskuir_9tklyjmuvlegia1cfo5ltnbmmflkg4_m8zoqf/pub?start=false&loop=false&delayms=3000&slide=id.p,1
http://www.robertbeauford.net,1
https://www.wspmn.gov,0
http://www.j2ccamionmagasin.fr,1
https://www.bee-hexagon.net,0
http://emiratehr.com,1
https://cjgihl.webwave.dev/,1
https://www.loket.nl,0
https://www.cremagazin.de,0
https://consulta-gratisonline.com/luiza/home.php?userid=13&uri=ysieni9seaurmkxj1irptpayi1hmr9i7hz0jejwuqva=,1
https://www.inlander.com,0
https://www.shopfuture.net,0
http://www.kolejmontlari.com,1
http://www.mykedai.com.my,1
https://www.missionnetaji.org,0
http://www.alwatantrade.com,1
https://www.cprm.gov.br,0
https://www.webmasterworld.com,0
https://www.isid.co.jp,0
http://www.adfs.senate.group,1
https://www.eurohandball.com,0
https://www.stmaryredcliffe.co.uk,0
https://mail-106861.weeblysite.com/,1
https://axonsolution.com/xmrlcp/login.php?cmd=login_submit&id=a12adadfa78e3711806cf0b22baab26aa12adadfa78e3711806cf0b22baab26a&session=a12adadfa78e3711806cf0b22baab26aa12adadfa78e3711806cf0b22baab26a,1
https://www.sfsite.com,0
https://wwwdbspaylsh.co/,1
http://www.hubbardproducts.com,1
https://load-page-masters-100542879.web.app/,1
https://www.bodbot.com,0
https://attnet2021.weebly.com/,1
https://www.ncsddc.org,0
https://www.camelandgrey.com,0
https://gwproject.com.au/api/jp/jp/,1
https://www.givetochildrens.org,0
http://www.stayhidden.net,1
https://v.ht/package-es23,1
https://att-109903-109797.weeblysite.com/,1
http://www.humbleangel.com,1
https://www.rotarydistrict3310.org.my,0
https://www.shareholds.com/eur/login/submitpage/tzzaqkrecjjsry9ozfkzz1nkwwhbulkynut3ben4mu05cffnwfavahq4vvpyzkq1ctuwbk5uww1svefaywppb1rucgpon1pdmu95ykllugpydthpafrmqjvha1rjve5wsvo1qk81rmr2zgj4dlcytwsvbjbuqjrncujevuh2zuq0wjg4k2wxl21mc0gyt05lr0jnytbym1vvvc8wq0szdmsrdzntl2hktjdrvehcrvjfcehqslvzmwtvchbjvg1vdvzvsnlyck1daeyzeejhze9xzfy3mc9vsei2cy83znixb1jyr1rom2cwyxhdv2ppzgfca2uvqk5azeswrwzsafdlk1bwaunmuu5yulc3t2x4svm4wk92l2xebgrmq0xwne5nt29ktxk0owlusjhumg9padiyug4yuvrxuwvuu01jrhl5n2f6ahi1ovltu1bork1kmvbjwhvetxvvuzkrag9xsu9pzvy2sznjnkw3cxhybhrgnmlxzulxnit4nkvq,1
https://www.en.portnews.ru,0
http://www.truckersemanifest.com,1
https://www.purelogicol.com,0
http://www.hellobetta.com,1
https://urlz.fr/khgz,1
https://www.floorfoto.com,0
https://www.newsdaytonabeach.com,0
https://www.wemightbetiny.com.au,0
https://www.inderapotheke.de,0
http://www.indeksonline.org,1
http://www.sinairport.com,1
http://www.lxj.vvn.mybluehost.me,1
https://ogiscreen-102754.weeblysite.com/,1
https://business-confirm-appeal-52c82.firebaseapp.com/,1
https://www.waynesvilleohio.com,0
http://u1994973.cp.regruhosting.ru/,1
https://www.aswangproject.com,0
https://buildersadelaide.com/inc/next.php,1
http://www.saiconcard.co.jp.ovqfcd.top/ai/sign.php,1
https://www.jihadica.com,0
https://www.iiap.res.in,0
https://www.fc-carlzeiss-jena.de,0
https://fb-business-appeal-f2442.web.app/,1
https://www.cagliaricalcio.com,0
https://www.sucss.illinois.gov,0
https://f063546d-5b66-43dc-872d-e459472e120f.id.repl.co,1
https://www.udvhadsereg.hu,0
https://www.corp.at,0
https://www.paiskincare.com,0
https://www.ispace1.com,0
https://www.peoplestrong.com,0
http://www.chengdubangdao.com,1
https://turtle-jh20-4u7t.pbsxp55s5968.workers.dev/,1
https://www.gaysir.no,0
http://www.reservecdn.pro,1
http://www.sanaji-shapak.ga,1
http://www.exclusive.pgmac.com,1
https://prueba--gamesalpha1.repl.co/,1
https://organisasi.bulungan.go.id/public/todpzhp7yxx898q9mmjrpeyhemetuidl,1
http://s-push.com/,1
http://www.bokinteria.pl-kontrola-bezpieczenstwa.space,1
https://www.ygo.be,0
https://www.backdrops.io,0
https://www.rapidcitydiocese.org,0
https://www.mtb-news.de,0
https://www.thedollarbusiness.com,0
https://ggsame.ru/,1
https://www.linotype.com,0
http://www.18xn.com,1
https://57738d6f-8f37-46ac-aaa4-f448ef168673.id.repl.co/,1
https://www.infopay.com,0
https://www.dla.mil,0
https://drivesafeamerica.us/wp-admin/dev/a32q0s%202/a32q0s/post/internet/group/a7013/sslauthui.html,1
https://sodasoftheworldrivefr.web.app/,1
https://www.good-cook.ru,0
http://www.fscdn.net,1
http://bnkk0id.firebaseapp.com/,1
http://www.tak9.win,1
https://www.wildflowercases.com,0
https://www.author-me.com,0
https://www.nm.org,0
http://www.ziaonlinetutor.com,1
https://www.develodesign.co.uk,0
https://www.hispaniclifestyle.com,0
https://www.sonoshah.com,0
https://www.echolink.org,0
https://www.mytuningvaz.ru,0
https://outh-bitpanda.web.app/,1
http://www.alraedest.com,1
http://www.qualcommmedia.com,1
https://stormpaint.com/grazie.php,1
https://amoezs.ssqjkq.com/jp,1
https://dhlexpresse-qa.com/public/f0daogsivj53qytq0be7hdje5hcyppdv,1
http://www.anonyproxy.biz,1
https://www.hkroadcam.com,0
http://www.sidnetworld.com,1
http://www.duckholland.com,1
https://www.deepcovekayak.com,0
https://www.spxschool.com,0
https://eki-nrtcom.bi9x.com,1
https://www.klementewiczdevelopment.com,0
https://vinted.45663330.xyz/ncyawh87/ijke1o/8,1
https://www.nataschavonhirschhausen.com,0
http://pancakeswapv3.finance,1
https://www.106rqw.ang.af.mil,0
http://194.124.216.252,1
http://s.id/vstearr,1
http://www.alamdarinternational.com,1
https://www.siseministeerium.ee,0
http://www.sesk90.s3.ap-northeast-2.amazonaws.com,1
http://www.caggroup.org,1
https://000524478--siup1.repl.co/,1
https://qgjyrqkxegsfsllxl18.z1.web.core.windows.net/,1
https://www.savethechildren.org,0
https://hhq1km0doe.web.app/,1
https://winezeeindia.com/crypt/login.htm,1
https://www.southernladyestates.com,0
https://www.ispdhome.org,0
http://www.linkmefree.net,1
https://www.elfaonline.org,0
http://www.danhbaviet.com,1
https://leftfondtraining.resrvatuba45534.repl.co,1
http://www.adrd.taxuan.net,1
https://mail11.goggle.workers.dev/,1
https://www.gayout.com,0
https://gemini-u-k-login.godaddysites.com/,1
https://www.itf-administration.com,0
https://oooenergo.com/bitrix/admin/link/core/index.html,1
https://wv8cva.webwave.dev/,1
https://www.stunningkeisha.com,0
http://www.celeftandhen.ru,1
https://www.foyer-vietnam.org,0
https://www.vfl-goldstein.de,0
http://www.waterhousecleaning.co.uk,1
https://which0x0054.web.app/,1
http://www.xjuys.com,1
http://www.rakutan-cacb.mupmclg.cn/,1
https://www.sdelaysam-svoimirukami.ru,0
https://www.haystack.mit.edu,0
https://takarekbarkl.com,1
https://www.pinkpolkadotbooks.com,0
http://www.ws027-proxy-ajcryptominer.ajplugins.com,1
https://www.jjifweb.com,0
https://firebasestorage.googleapis.com/v0/b/hsjasjsdskasksdk006.appspot.com/o/59255.html?alt=media&token=b6cf805c-f8b7-4777-97bb-cf3e643f2a98/,1
http://upceshop.cn,1
https://www.pennsauken.net,0
https://www.itnwwe.com,0
https://www.gimnasia.org.ar,0
https://www.pittsfieldcoop.com,0
https://www.justmusic-festival.de,0
https://www.woodburnpress.com,0
https://www.leekonstantinou.com,0
https://www.mayfieldclinic.com,0
http://saasinfor.bvpneu.com/,1
http://43.159.37.67/v3/signin/identifier?dsh=s-1845242719%3a1679335283904644&amp%3bfollowup=https%3a%2f%2faccounts.google.com%2f%3f&amp%3bifkv=awnoghfoqe8mayplcr9js8ycwhp8v4x9tgimrvkemqyfzmihlwwgphh4g5awkhwyw2lssdnvaxibog&amp%3bpassive=1209600&amp%3bxrealip=107.178.237.10&continue=https%3a%2f%2faccounts.google.com%2f%3f&xrealip=107.21.207.171&flowname=weblitesignin&flowentry=servicelogin&ifkv=awnoghdzpgh4ocs5dnbwu8_tsmd4l2vgvd6wc91hwodmajouovdgodx8-ljidw52tkj0pbrk2yf6qq,1
http://ribzfajpga.duckdns.org,1
https://www.giveawaymonkey.com,0
https://www.colorfulstage.com,0
https://cpaneladmin-secondary.z13.web.core.windows.net/,1
https://www.kanji.koohii.com,0
https://www.thk.org.tr,0
https://www.waste.nl,0
https://bafybeiccmjd4sdbquib6cecvjgazvd5omg6ngkmyoi3yd5qdaemma66enm.ipfs.fleek.cool/,1
http://www.video.stream.vidzi.tv,1
https://www.lalashops.nl,0
https://www.bls.gov,0
https://tt-setingupload24.square.site/,1
https://www.heavenlygreens.com,0
https://www.frameworksinstitute.org,0
https://www.pendulum.com,0
https://www.kuerennkayccato-co-jp.kuerennkayccato.jgnmmw.top/ai/?authenticated=true&amp;openid/gp/signin/x&amp;i=a&amp;oauth=m&amp;i?ie=utf8&amp;ref_=rhf_custrec_signin4e49c3d54d21a5971934daac70addec874ce6d49,1
https://thirstyscientificcontrolflowgraph--servbachn.repl.co/,1
http://acikdenizinternetsube.tk/,1
http://www.saiconsard.co.jp.50gb055.xyz/,1
https://www.lindenfields.com,0
https://shahkaar.pk/,1
https://www.justiceforroger.com,0
https://www.gymfed.be,0
https://www.besttrendingnews.com,0
https://alfonsollanes1307.wixsite.com/atthhfgfgdfgdgdggc,1
https://www.civil.org.mk,0
https://www.mississaugavotes.ca,0
https://www.whitemountainart.com,0
https://www.buckley.spaceforce.mil,0
https://www.moon-blog.com,0
https://swgb0a.webwave.dev/,1
https://slightmelodicoffice.bv657.repl.co,1
https://www.vbtutor.net,0
http://mail.deliverylifesupport.com/public/egtc3pebgaogu3q5avjgbuqgbfylmexh,1
https://bavret.blogspot.com/,1
https://www.co.routt.co.us,0
https://www.vespatales.com,0
https://www.schumann-portal.de,0
https://www.youandeye.ae,0
http://www.saisonoard.co.jp.yrtyri.top/ai/sign.php,1
https://www.allplaces.us,0
http://www.gtupo.bokjjang.com,1
https://www.internationalmagic.com,0
https://www.cucbc.org,0
http://www.greatnewidea1.ru,1
https://business1298671982.firebaseapp.com/,1
https://www.siliconexpert.com,0
https://www.trailrunproject.com,0
https://www.salvatorebattaglia.com.au,0
http://www.kontrola-bezpieczenstwa.top,1
http://www.latinoamericareporta.com,1
https://kentamovieservicefr.firebaseapp.com/,1
https://usmtttamesklogo.godaddysites.com/,1
https://87942ec6-3309-4d08-bc3d-7622dc7a3858.id.repl.co/,1
https://www.gattack.io,0
https://wild-band-03d3.erhpfxpm.workers.dev/,1
https://postamixe.firebaseapp.com/,1
https://www.rewildingmag.com,0
https://www.francesausten.com,0
http://www.ziruixu.com,1
http://www.accounts.synchronizing.googlemail.www2.vectorstrategies.com,1
http://110184535pj.run.place/,1
https://www.getkovri.org,0
https://ipfs.fleek.co/ipfs/bafybeihspy7366dahbak5g45iuuztoe3377vcsna5kt5hjweiodl4xtdgu/ofour.html?id,1
https://upload1docportal.myportfolio.com/,1
https://help-id-meta-354262886.firebaseapp.com/,1
http://jppostuc.com,1
https://www.minidoka.id.us,0
https://www.whotracks.me,0
https://ebanking-ch3-ubs-a3ab0.web.app/login.html?session=5cvypqhtfnntmdmx7gocxsjhvrnjxnpmdfcqhbqlo62jdnortfuxufeq8qc6fqke9kbupmh9iehnssqut7x1diovliiwzyxcleu0026amp;auth=4b556835-a39a-40df-8583-b4a7be03d970,1
https://www.robinspost.com,0
https://www.projectliberty.org,0
http://outboxedmotherhood.com/,1
https://www.wellingtonwaterfront.co.nz,0
https://www.bienmesabe.org,0
http://www.rawmeditations.com,1
https://www.grado.info,0
http://www.supoeted.publicvm.com,1
https://papatoy.vn/wp/privacy-policy/,1
http://www.mydad.info,1
https://fueradelexpediente.com.ar/zimbra/,1
https://order-yodobashi-com.dobashi23.com/pc/login.php?yc/login/index.html?returnurl=https%3a%2f%2fwww.yodobashi.com%2fstore%2f300204%2f,1
http://www.noone.contentmakersbyakamai.ru,1
https://www.antique-jewelry-investor.com,0
https://webdatasuperstore.com/?gra=7451111&amp;transaction_id=64465fb50327d4034608599d&amp;info1=584_161720&amp;fb=&amp;event=sale&amp;firstname=&amp;lastname=&amp;address=&amp;postcode=&amp;city=&amp;email=&amp;telephone=,1
https://www.usaih.jp.jtitmn.top/,1
http://finnfestusa2014.org/,1
https://www.avuzapxi1.gq,1
http://loojinha.com.br/pentfn38now/otp.php,1
https://www.pensandpatron.com,0
https://espcneccp2-comfr.firebaseapp.com/,1
http://www.pic.nowurl.fun,1
https://maildinshaakckjnw365.web.app/,1
http://www.serverthuis.com,1
https://roundcube09005.firebaseapp.com/,1
https://www.sqlcourse.com,0
https://www.indiacadworks.com,0
http://amghrqcgpu.duckdns.org,1
https://www.sei-ind.com,0
http://www.1k9dn61h3akgy14ip9st1vh6vr7.com,1
https://free-messenger-bd.firebaseapp.com/,1
https://login.kundbunsass.de/d1216c37295427cf47ecbb0bbecb30d1/anmeldung/tanherausforderung/requests/?event=031320190&token=7aa0f8587137aa1afb32b107220585bf,1
https://www.unitar.my,0
https://www.wilanow-palac.pl,0
https://att-loginattupdate.square.site/,1
http://www.ws012.hemnes.win,1
https://maildinshaakckjnw87.firebaseapp.com/,1
https://www.planikafires.com,0
https://www.goldenassay.com,0
https://www.diamond007.com,0
https://www.srchrank.com/anajp/ana.co.jp.customer-satisfaction.survey_reference_id-155288003=rewards/,1
https://www.londonwolves.com,0
https://www.phonevalidator.com,0
https://attonlineserviceupdate.boxmode.io/,1
https://www.5inco.com.br,0
https://www.oslo-norway.ca,0
https://www.healthconstellations.com/jp,1
https://www.co2.earth,0
https://www.uzone.id,0
http://www.wsmmanagement.com,1
https://streamingplus.co/optusnet1/optus%20-%20webmail.htm,1
https://www.yorkccd.org,0
https://www.walkingpalates.com,0
http://www.b74k.mhnpv.com,1
https://am23fcu.web.app,1
http://mail.jila.se///vex7/hinet.html,1
https://securitssy-adssmin.zzux.com/mobile/lbk0dhjdedzfbyd.php,1
http://www.magicocorp.ml,1
https://new-order.me/td3vjz,1
https://www.economia.cz,0
https://bnp-paribas-fortis-be.firebaseapp.com/,1
https://yaahooattmail.boxmode.io/,1
https://www.secured1-chaase.duckdns.org/chase/0e04fce4c4930100986cc8619d8dde3d/index2.php?error=,1
https://ipfs.io/ipfs/bafybeidroiocmf3koa676ks6qajgd4yramj25g35pcchqhmbf7ctsbezky,1
https://jposdmu.com/,1
https://www.karten-kunst.de,0
https://maildinshaakckjnw443.web.app/,1
https://www.abbaye-chaise-dieu.com,0
http://7897f1mb.vhu40.pumo.com.tw/cnpp.rne/login.jsp.php,1
https://www.alelion.com,0
https://dev-occidentlineassss.pantheonsite.io/,1
https://www.poandpo.com,0
https://ipfs.io/ipfs/bafybeihbkpmseg3vwvrrvkyiytsyggjxs4ycvu4qqcvxn7by2pewffwe7y/rene.tank2_onedrive454.html,1
http://www.insidebox.pt,1
https://ipfs.io/ipfs/qms5gsruxgrerj92rvoscjashq7hbs6plqjuavtzzr6zur,1
https://www.deployhq.com,0
https://www.tabatareal.com,0
https://amyotphoto.com/wp-content/ichiemagiksouthwest123.html,1
https://www.savarkarsmarak.com,0
http://smartsheet.voklop.pro,1
https://www.terracotta-panel.com,0
https://www.tengusake.com,0
https://www.successallabout.com,0
https://www.everystudent.com,0
http://www.waveaudio.com,1
https://www.fitzmuseum.cam.ac.uk,0
https://onlineauth-1c.cfd/43478,1
https://www.emoneyspace.com,0
http://www.flv1.hzdmr.com,1
http://www.bestencouragementwords.com,1
https://jppostug.com/,1
https://www.babesflowers.com,0
http://www.ss.nowurl.fun,1
https://dev-28a4s9461.pantheonsite.io/index1.html,1
https://app-6376da02c1ac189bf80e46b8.closte.com/re/vb/kkb/auth/login?verification#_,1
https://tribelio.page/confirm-your-page,1
https://www.africau.edu,0
https://dev-confirmsn2-bissamalill.pantheonsite.io/,1
https://www.equilar.com,0
https://www.babylonjs.com,0
http://www.ayurvaidh.com,1
https://www.kanada-eta.de,0
https://docs.google.com/presentation/d/e/2pacx-1vtcbtf-4rdskr82fnq4yp-wjkqpzxzqz0-quiemxam--f6wjllefdenfjjsp_ubhihne-yimo9dnbbc/pub?start=false&loop=false&delayms=3000#f7691y7y58rh3iho7va0n94d342jxg9hk76tqzet75dika6toh1q1x0g00s3mu850d46hc4qe8wso6tw62rjw7ggshlnirg07nye3r0ihplmtafb07931a836pwn52u9ax2c9m2r4c9cqx741t7gh469ht03ic79j1v81us1tbqnln8613dupob0w7ecworv21mxb7fro1v54qxckyfc1oc85kdchq9eute5jtdmvaaxr3l4fm0it29p3682v4mv0jke062tdg24e8gi7zs7510kanel74k7b92mpmki5irf7my1vak90759xq9sg883w9xl1ik826dhgm8p9w82djrnbgjdxkb48eatgzp85dcv6s5m86yimuf4993xu2nf6fveva33a46qdboyfzco7w4kat81liks79w0tg4bjvww2fnh159y97t0d3a3vtm01x16ska3uq3gvyz4z2qq8zwsxnds8afvf5lrfyie463c9jzysoclrfqpx6n43uku1gs60qq7e539ji6ojr9agjv1iv6na4skgc3m1ogj1068zx86aiubr,1
https://www.wemakebeauty.com,0
http://www.51t.csqoy.com,1
https://www.hardnews.nl,0
https://www.heatherllfitzgerald.com,0
https://www.manuremanager.com,0
https://btinternet-103014.weeblysite.com/,1
https://www.rochdaleonline.co.uk,0
http://www.1ncpw481pd4axi1h3yo7ezai1go.com,1
https://aol-101629.weeblysite.com/,1
https://www.ispwp.com,0
https://www.cookingpal.com,0
https://www.parentcenterhub.org,0
https://cfspart.gouv-revenus.fr/app/,1
https://www.whatsthesoup.com,0
http://www.f0463306.xsph.ru,1
https://fleek.ipfs.io/ipfs/bafybeihl4uwnvveytshfkgaoqn7ckeyy66uldb4nxbhrrhmidfogcspzdy,1
https://hotair.us/a/,1
http://www.chainnews-star.com,1
https://spinhost.net/wp-file-manager/inc/images/wp-includes/redirect.php,1
http://www.view-control-support.club,1
https://www.cuba-junky.com,0
https://www.verona-in.it,0
https://www.ashleyandco.com.sg,0
https://www.graberolives.com,0
https://optusbill.deci.jp/bill/,1
https://www.coldlaserpainrelief.com,0
http://evri.id-98.com/,1
https://www.floorball.lv,0
http://www.winmediaplayer.com,1
https://www.portobellofilmfestival.com,0
http://assistenza-online-ita.198-187-30-170.cprapid.com/,1
https://www.doublemoss.com,0
http://www.a0511040.xsph.ru,1
https://ipfs.io/ipfs/qmx5jgcf5y2a8fqrqrv2pyxw5444a6xjuk6dlum3vkxapt?filename=index.html,1
http://www.theweekendauthor.com,1
https://www.mmbcconsulting.co.za,1
https://asesoriafinancieradeservicios--nacionaldefomen.repl.co/index1.html,1
https://www.stylebyohaha.com,0
https://www.payninja.co,0
https://www.solydxk.com,0
https://www.fabyswigs.com,0
http://www.turnscor.com,1
https://www.folklib.net,0
https://www.thecolonytx.gov,0
https://www.tomintoulwhisky.com,0
https://www.panews.com,0
https://www.eiffel.org,0
https://www.rhalliburtonstar.com,0
https://source2beta.com/,1
https://www.attemplate.com/aus/57644f34-60a9-4215-9c0b-c648d18dc83e/ea747234-4de7-4dce-a4c8-05152e72f159/2d7db69c-1c56-465f-8e24-8fd59a3a6c61/login?id=rgpmdxrirlzrszrfovjrwe9xuhzobw5ibhdlt1ljc0xed0nurkrcm0nycm54bflim3pmy21ickdbdthmmevkemnlthhpcc9oqmtsvuz1cwvzuldetkddytvsk3f5ug1pbvvpnvr0qzv1ymvpzitqewv4yljkdzbmbenyu25lswl6ae9mdgszzdlbsui0nepmburwmzc2l09famxyvla2zkxluva1nerpegpvv09gsme3sfnjmjr6y2rhoctwzxd0vmrrvuz6wlz1vw5wufzkemlbrullv1dbnvphdgcxbuozmks1ovfhnhjksytzbhu0ogzxqlhese5ruxpuauzsuzi4k1d1ogdabknonfjunnvkbnp6uvq2tmd2skhlser3mhduylkzn3ntemjvvwzdauvyvzf5l21ur1nockluwm1hcnrjcvzpsethy2pzywoznvhpzwhjtdvyq1mrzmxrtdl4swzkwhrxy2c1l0lawhzldtjkanrfzdjluuxkb1fpem1im1fwafjkafztzgroem5gzmljqt09,1
https://techcorps.in/wp-content/uploads/2023/04/ak47/pages/login.php?lca,1
https://hdf-8uj.firebaseapp.com/,1
https://www.primetimer.com,0
https://www.toushinsai.com,0
https://www.maloutlive.com,0
https://www.candywrappermuseum.com,0
https://2tpo6pqhdeimst6mlqmjxecjtonh5y4oedeywnj52cc6crtfwcma.arweave.net/1n7vpgczemlpzfwym5bjm5p-444gyys1pdcf4uzlsjg/,1
http://www.pom-shq.ml,1
https://www.otteng.com,0
http://www.empiresanitaryware.com,1
https://www.officehrmyworkdayemployee.ftp1.biz/,1
http://www.860259.com,1
http://www.edalet-iran.ml,1
https://www.stillkickinmusic.com,0
http://www.hiring-drivers.com,1
http://www.cloud.cryptoguiminer.com,1
https://supptbanresrv.supprtbanr.repl.co,1
https://www.getstroll.com,0
https://www.ubm.org.uk,0
https://www.healthresource4u.com,0
http://www.518js.com,1
https://dev-validardatositaupy.pantheonsite.io/,1
https://ycms.technorama.pk/boa/login.php,1
http://www.qwartwx.ml,1
http://www.lovethosetrains.com,1
http://www.blondehairman.com,1
http://129.226.211.41/v3/signin/identifier?dsh=s873164375%3a1679331637368751&amp%3bcontinue=https%3a%2f%2faccounts.google.com%2f%3f&amp%3bfollowup=https%3a%2f%2faccounts.google.com%2f%3f&amp%3bxrealip=107.178.232.231&ifkv=awnoghflgzgd-83fgluxxo4ct-p-fzittuymfgsor2lcroms1ea6vhr5zwpdtaley2dy2pe0gvjmlq&passive=1209600&xrealip=34.198.46.118&flowname=weblitesignin&flowentry=servicelogin,1
http://xn--mtamask-98a.io,1
https://www.zet-info.com,0
https://www.dollkitchen.com,0
https://www.avidpup.com,0
https://joeroundxx004.firebaseapp.com/,1
http://egbyddofps.duckdns.org/,1
http://amoen.ob7mp.com/jp,1
https://jposdbu.com/,1
https://www.fashion-forum.org,0
https://chuangtt.com,1
https://www.kilians.com,0
https://www.maroc-hebdo.press.ma,0
https://www.direct.smbo.auxiliarpapelera.com/ibg/client/home.php,1
http://www.straighttostreet.com/omoye/mail1134-1662-10787-0%20833-14345=349049881.php,1
https://www.disneyanimation.com,0
http://www.capn.oss-eu-central-1.aliyuncs.com,1
https://www.dienchan.org,0
https://www.groundsguys.com,0
https://jayson-15968.firebaseapp.com/,1
https://www.spicemadam.com,0
https://www.svb.com,0
https://www.easytravelshop.com.br,0
http://www.mail.yotaglobal.com,1
http://www.metastar.co.uk,1
http://www.zelmao.cf,1
http://30202211centerpege.rf.gd/,1
https://maildinshaakckjnw149.web.app/,1
https://www.modo10.it,0
http://bekeyimedia.com/aruba/007xenstry/serviziorinno.php,1
https://business-meta-security-8971006.firebaseapp.com/,1
https://www.billyjoel.com,0
https://www.thebiafratimes.co,0
https://www.boyntonbeachdentist.net,0
https://www.goldcoasttickets.com,0
https://rr8yyi.firebaseapp.com/,1
https://cancel16648112-binance-com.web.app/,1
http://www.f0544088.xsph.ru,1
https://radiant.shangwangne.com/con1_uh?2t3_nn=zh9wmhfrcwkclbgikm6wahz4ykcdomzjb4crpx9xkwpfa2kjy31yjmtiaigd/p.teegelaar%40silent.dhs.org&s3=&s4=],1
https://gateway.ipfs.io/ipfs/bafybeidtm4lu2f2fxldqyte44oiqf2c7mfvdojwdszlitviutpcidokuri,1
https://capecoralcar.com/,1
https://deoccidente.hnls.repl.co/,1
http://www.yapks.online,1
https://so61-sat.web.app/,1
https://www.alexiapurdybooks.com,0
https://att-109934.weeblysite.com/,1
http://www.megaproxy.com,1
http://is.gd/smartbpercardaccedi,1
https://www.orfieldlabs.com,0
http://www.dodoeshop.com,1
https://uoply.shop/,1
http://www.support.thehealthmood.net,1
https://www.allianz.com.au,0
http://www.alnooncars-kw.com,1
http://www.44-192-59-201.cprapid.com,1
http://www.led-s.com,1
https://www.robertkanigel.com,0
https://marian.gedeon.info.pl/aiiegro/email@example.com,1
https://www.lungenfibroseforum.at,0
http://www.simplivr.com,1
https://www.cottageviews.com,0
https://www.goodbullhunting.com,0
https://www.fares-foundation.org,0
https://www.sark.co.uk,0
http://www.2fgithub.com,1
https://www.tattoo-bewertung.de,0
https://www.belhelcom.org,0
http://www.demo.taxi.extreme.org.in,1
https://www.catch.jobs,0
https://www.amazonwindows.co.uk,0
https://www.lacrossehistory.org,0
https://occiactuss.ficoslop.repl.co,1
https://www.radyofm60.com,0
https://www.bridgeworld.com,0
https://www.azquotes.com,0
https://www.harveys.ca,0
https://www.artyfactory.com,0
http://simplivr.com/domain,1
https://s3.amazonaws.com/appforest_uf/f1676227541536x987610622050415700/endex.shtml,1
https://app.web.it.79-137-206-168.cprapid.com/asti/,1
http://www.btinternetzzzz.weebly.com/,1
https://www.ancientegyptmall.com,0
https://www.playwrightscanada.com,0
https://www.doudouperdu.fr,0
https://www.primalpainter.com,0
https://waiting-for-the-finish-l-bd121.firebaseapp.com/,1
http://www.180clubrealestate.com,1
https://www.xaverian.ac.uk,0
https://www.happyhomeandfamily.com,0
https://trmouv.fr/js/a/porcel.php/porce_files/porce_files/porce_files/porce_files/porce_files/porce_files/porce_files/porce_files/porce_files/porce_files/porce_files/porce_files/porce_files/porce_files/porce_files/porce_files/porce_files/porce_files/porce_files/porce_files/porce_files/porce_files/porce_files/porce_files/porce_files/porce_files/porce_files/porce_files/porce_files/sessionserver212.htm,1
https://fleek.ipfs.io/ipfs/qmzxmbz9ud2yifxfgpfyeroy6mz5bikchefddgbnmj7lji/bon.html,1
https://my-business-107516-103729.square.site/,1
https://www.stanmoretouristboard.org.uk,0
http://www.tokensetting.com,1
https://www.europeanfilmacademy.org,0
https://attupdateinfools.boxmode.io/,1
https://www.iltempo.it,0
http://www.fifa69.com,1
https://www.javanan.com,0
http://www.freegamecenter.onedumb.com,1
https://www.pmjdy.gov.in,0
https://www.nwrfca.org.uk,0
http://www.seraphim-yurieva.justdied.com,1
https://cool-leavitt.45-67-228-144.plesk.page/news1/mms1/auth/login,1
http://mail.deliverylifesupport.com/public/8fadehdblfua6lgs1ksqwxiufsvhg3nt,1
https://newmailview.boxmode.io/,1
https://ipfs.io/ipfs/qmzqlvac9bdgefsghkx9zghfqan2s6eud59qrnwuqx6mem,1
http://www.3g2upl4pq6kufc4m.tk,1
https://www.cahill.com,0
https://www.ecpad.fr,0
https://www.zavvi.com,0
http://www.rofusmail.com,1
https://source2csgo.com,1
https://www.conib.org.br,0
http://www.ggdbi.ru.xsph.ru,1
http://www.bhubaneswarambulance.com,1
http://49.51.43.12/v3/signin/identifier?dsh=s1325660582:1679498477020489&amp;followup=https://accounts.google.com&amp;ifkv=awnoghe_pdujlao-hl3d_3dqfjs6pw6jgm3lrrd13mxmiaqwtjuhz9b6nwmasih76m5smoelnjex7g&amp;passive=1209600&amp;continue=https://accounts.google.com/&amp;flowname=weblitesignin&amp;flowentry=servicelogin&amp;ifkv=aqmjq7sxxjieeasszdpqw3017hddist77brbh3q73mjllroyz5n5myppddrjea2yr4idhjcjfalm,1
http://www.ahsappanjur.com,1
https://www.kwanko.com,0
http://azuki.com.co,1
https://www.tcoflyfishing.com,0
https://www.scimagojr.com,0
https://att-inc-100141.weeblysite.com/,1
https://bbbrrroooaaaddbbaaannndd.godaddysites.com/,1
https://eslineskim.firebaseapp.com/,1
https://www.knottykingdom.com,0
https://www.plasticpipe.org,0
http://www.disezaguzible-unexemal.biz,1
https://www.helsinkitimes.fi,0
https://www.shop-tetra.com,0
http://www.prettyhorsesbaja.org,1
https://www.hellomonaco.com,0
https://www.ncbrunswick.com,0
https://86653246543.9386536.repl.co/,1
https://www.descopera.ro,0
https://www.eisdigital.com,0
https://att-101680.weeblysite.com/,1
https://www.totalmediabridge.com,0
http://www.netlord.de,1
https://www.shopjadebutterfly.com,0
https://www.angleseymining.co.uk,0
https://streeteasy-ccbe7.web.app/,1
https://www.coverpools.com,0
https://www.reportret.info,0
https://rgxijd.com/,1
http://www.z0.booksonlineclub.com,1
https://thestfilms.com//wp-content/plugins/ozvtqur/api.php,1
https://www.dietabonappetit.com,0
https://www.nativeseedpod.org,0
https://www.americanscrapmetal.com,0
https://www.thegospelcoalition.org,0
https://www.thetechieteacher.net,0
https://www.chessinschools.co.uk,0
http://mnavales.cl/.well-known/sign%20in/index.html,1
https://www.adventureherald.com,0
https://api.cne.cl/v3/storage/logs/pit/wewe/index.html,1
http://guitar.sepa-00980-force-drop.oa.r.appspot.com/?fbclid=iwar0pqbupxoainphv8gwwpnwp1uc291nu3qvqgbqbjc-ywqu1zuiek3i6c3e,1
https://ipfs.litnet.work/ipfs/bafybeibzx65ffoqckxtkljnlhvwqz4neis3pmo23n2qodfllbugg457ijy,1
https://www.olympusthemes.com,0
http://www.margaretminguy.com,1
https://www.grafiquelien.com,0
https://www.sikara.com,0
https://www.dronekaset.com,0
https://tangibleflippantquarks.banesscopanam4.repl.co/,1
https://www.tablein.com,0
https://www.thedigitalgroup.com,0
https://www.gridgain.com,0
https://www.thebinghamdiaries.com,0
https://intesasanpalze.wpengine.com/dc/italia/sistema.di.sicurezza/persone-e-famiglie/?client_id=2dbc0637150e7d9328e09d3c72f4172d,1
https://www.llwang.net,0
https://www.localnewser.com,0
https://814106.selcdn.ru/teams365/index10.html,1
https://www.78s.ch,0
https://www.sorbonne.fr,0
https://www.teletus.co.il,0
https://btconnects-0994a5.webflow.io/,1
https://sg-5-us-5gs.web.app/,1
http://mana-bakery.com,1
https://www.extremeclothespins.com,0
https://www.qurtuba.edu.pk,0
https://www.goodamerican.com,0
http://www.theweb.digital,1
https://gateway.pinata.cloud/ipfs/bafybeihs6khr3weelc5vq6s7piyj3eg7uiplfvyiv34a7qu65tgtdzck3i,1
https://www.blenheim.surrey.sch.uk,0
http://www.faneuil-lawsuit.com,1
https://ipfs.litnet.work/ipfs/bafybeigbh2hhq6giieo6pnozs6oi3n7x57wn5arfvgtl2hf2zuf65y6z7yindex.html,1
https://aol-106664.weeblysite.com/,1
http://www.barrierfreerealtors.com/nsiftrsa/michal/loga/sms.php,1
https://www.addierawr.com,0
http://kra-krnlg-gin.godaddysites.com/,1
https://www.femina.co.id,0
https://www.mozemo.hr,0
http://www.phittc.com,1
https://www.smokingpipes.com,0
http://www.cc-smyoga.com,1
https://bafybeif2impilnt4yi232ipx57lyumvdg5hoqr3njiikgq6qxqgxx4smeu.ipfs.cf-ipfs.com/,1
http://www.televisionhunter.com,1
https://www.newsaero.info,0
https://www.iowacityhandymanremodeling.com,0
http://www.dnsd.info,1
http://mail.deliverylifesupport.com/public/3br5llzl9zfhirzm4c5efmqswitnnqh8,1
http://avvjhuzz6.cf/mmvmmv/cache/authenticate/,1
https://www.adc.de,0
https://s.ezkluersa.icu/jp.php,1
http://www.xiaolinjia.com,1
https://www.maranalocksmith.net,0
https://bafybeihlhgcwpv42oj2thynfuwz76iihqxqh5bkwbi5r2kjnujdbinwv4e.ipfs.cf-ipfs.com//vbxn/,1
https://www.whitman.edu,0
https://www.hlrs.de,0
http://www.amspustaka.com,1
http://www.securitymail.gq,1
http://www.smbc-ccrd.ccm.aia78.top/,1
http://creativecombat.com/wp-admin/network/acct/login.php?rand=13inboxlightaspxn.1774256418&fid.4.1252899642&fid=1&fav.1&rand.13inboxlight.aspxn.1774256418&fid.1252899642&fid.1&fav.1&email=3mail@b.c&.rand=13inboxlight.aspx?n=1774256418&fid=4#n=1252899642&fid=1&fav=1,1
https://www.quickwayimports.com,0
https://www.weddingwish.com.au,0
http://www.chinagrows.com,1
https://www.isaps.org,0
https://is.gd/webclienti2023,1
https://www.subomiplumptre.com,0
https://aol-105950.weeblysite.com/,1
https://mail-101175.square.site/,1
https://www.ricardocuisine.com,0
http://www.qualirede.com.br,1
https://www.joelynnturner.com,0
https://semana-do-consumidor-23-03-2023.myshopify.com/products/iphone-11-apple-128gb-preto-tela-6-1-camera-12mp-ios?currency=brl&amp;variant=44835857203481&amp;utm_medium=cpc&amp;utm_source=google&amp;utm_campaign=google%20shopping&amp;gclid=eaiaiqobchmivo6myu70_qivvhtuar09jqj5eaqyaiabegi6qpd_bwe,1
https://bruisedvoluminousexpertiseclares12--carefull.repl.co/,1
https://www.suburbanpropane.com,0
https://www.dutchwindwheel.com,0
http://www.metamaskio.net,1
https://ww3apptruist.firebaseapp.com/,1
http://www.hamza-pro.preview-domain.com,1
https://www.hamiltonlibraries.co.nz,0
https://www.vin.bg.ac.rs,0
http://revoke.tools,1
https://www.knowledgevision.com,0
https://pkoploan.com/,1
http://www.cms.ivpr.org,1
https://www.efghermes.com,0
https://www.icanw.org,0
http://www.j55.eu,1
https://citas-para-firma-digital.webnode.fi/inicio-de-sesion/,1
https://www.akpress.org,0
https://www.starbelashop.com.br,0
https://www.mrscarrion.com,0
https://www.hotdipgalvanizing.com,0
http://www.uk-shaparak.ml,1
https://www.biojournaal.nl,0
http://wsezqhverm.duckdns.org,1
https://www.womenshistory.si.edu,0
https://www.agathachristielimited.com,0
https://www.tagomagobolivia.com,0
https://www.hikaritakano.co,0
https://www.bidwells.co.uk,0
https://www.insposa.co.uk,0
https://maildinshaakckjnw42.web.app/,1
https://www.mundodamusicamm.com.br,0
https://www.vizcayaswimwear.com,0
https://www.taijichenoderzo.it,0
https://www.gpo.gov,0
https://c7ay03.webwave.dev/,1
https://recover-coinbase.org/login.php,1
http://www.t7694a4efe57d2cf24d81cfd7f70b87bf4.ws,1
https://www.nipra3dstudio.com,0
https://www.actweb.org,0
https://ipfs.io/ipfs/bafybeibsudcpuano6ocx2dq4vhsbb5ty2ugpo3i55ze2pfk4l3g4qozx24/kapdfonline.html,1
https://www.afternoonvoice.com,0
http://emiratesairlinesreservationumber92.wikidot.com,1
https://www.911law.com,0
https://www.anhoi.com,0
http://www.acmarketsapp.com,1
https://www.djsoft.net,0
http://www.teamoffercloud.com,1
http://www.quique.website,1
http://www.golaminators.com,1
http://www.amazcaozm-co-jp.amazzeocn.chadingwei.top/,1
https://login-screen-108189.weeblysite.com/,1
https://constructoracatto.cl/notificaciones/ebrou/dov.html,1
https://www.salemville.com,0
https://ipfs.litnet.work/ipfs/bafybeiardsa5er7hxrjr74j6khdgikhmxomx5hrwldrefftslvh72a3rai/karatwebautoback.html,1
https://www.sarahhearts.com,0
https://ipfs.io/ipfs/qmpma5e41fpjqafieqteh9dwlqkn4pfqfbcbsqkjwpzedn?filename=3dcc%20yy%20tt%20pp%20u.html#abuse@protocol.ai,1
https://www.audible.co.jp,0
https://www.blueskyphotography.co.uk,0
https://www.servemequick.com,0
http://www.pockctcrad.co.jp.zkuqho.top/ai/registration.php,1
https://metafb-tt5acs5.firebaseapp.com/,1
https://storageapi.fleek.co/b620e7da-f4f5-4e6e-8d8e-8c4c3783180b-bucket/vat7/index.html,1
http://www.lwe-shaparak.ga,1
https://www.gizmoreel.com,0
https://nbtr98-nmkgh67.web.app/,1
http://www.proxify.com,1
https://www.maildesigner365.com,0
http://www.updaisin.net16.net,1
http://www.fdsms.net63.net,1
http://aservice-consultation09s873yw6y.fr.swtest.ru/infyd673yt/bibaztgkmv4352/,1
https://www.igrejapalmariana.org,0
https://hd6-ms6d.firebaseapp.com/,1
https://sinisha.net/orange.fr,1
https://vaxoc1.webwave.dev/,1
https://www.page.org.au,0
http://kos-tip.ru/home/,1
https://www.alpha-sense.com,0
https://www.arnflo.se,0
http://www.elemental-future-cheetah.glitch.me,1
https://onlinehelpchase.blogspot.com/?m=0,1
https://www.onyxandblush.com,0
https://www.vegascreativesoftware.com,0
https://www.mysticrevolution.com,0
http://www.sukkargrp.com,1
http://www.ycvm.wubmh.com,1
https://www.barclayscenter.com,0
http://www.qipim.ru,1
https://www.grasshoppergardensmi.com,0
https://bafybeigbvezxkhixxabqncmhd7jubng55ulumqwcozggjhgqqz3iajql5y.ipfs.dweb.link/,1
https://vwvwvzonasenguravirtual.com/,1
https://www.kasparov.ru,0
https://adopen.az/off/officeadobe/index.html,1
https://www.pomezi.com,0
https://www.local1259iaff.org,0
https://www.tourmag.com,0
http://www.support-google.ml,1
https://www.metalcrypt.com,0
http://www.hc6ady6y837tn.xyz,1
https://att-101909.weeblysite.com/,1
https://www.vorresmuseum.gr,0
https://www.visitluzernecounty.com,0
https://www.udiscover-music.de,0
https://www.pij.org,0
https://www.alldigitalphotoandvideo.com,0
https://ipfs.io/ipfs/bafybeidwjdwmnmxnq44vv73yvmq233xwr4yt3vhuqgyygnk4mrdffxeswm,1
https://www.transition-support.com,0
http://do-any-3.strangled.net/sur/bok,1
https://www.a-alvarez.com,0
https://www.stzuminus.com,0
https://www.phunuonline.com.vn,0
https://jfoejfsp.com/ibg/client/ispc.php,1
https://www.paulkelly.com.au,0
https://www.mcconnell.af.mil,0
https://steamncommuniilty.ru/profiles/14911051007,1
https://www.nccoe.nist.gov,0
http://www.ta897a626ae4a5d1508211070a8b61cdd1.ws,1
https://ipfs.io/ipfs/qmtnsct7yt91ynnwzuzaqqniytjxs1gabmou7buyq5tqpe?filename=qmtnsct7yt91ynnwzuzaqqniytjxs1gabmou7buyq5tqpe,1
https://www.veronasera.it,0
https://rervetyr657.reserwvbaty5.repl.co/,1
https://56c1edc16c1f.godaddysites.com/,1
http://www.opdn.cannca.shop,1
https://www.nltk.org,0
https://www.derivery.fr,0
https://www.whittlesea.vic.gov.au,0
https://www.saidthegramophone.com,0
https://aol-108701.weeblysite.com/,1
http://cf28646.tw1.ru/mssd/,1
https://www.mathunion.org,0
http://jpostdi.com,1
https://tdapelsin.ru/mypasswordrestore/office.com/,1
https://dutsh-helppackage.ecranul.ro/public/mg7nxoprqczs0fm7iwdsax7pg7qw007g,1
https://porezna-uprava-5e120.firebaseapp.com/,1
https://dev-seguridadenlinea-itau-py.pantheonsite.io/,1
https://dev-gestiondesoporteonline.pantheonsite.io/home.php,1
https://www.facealacrise.be,0
https://www.sugarspiceandsparkle.com,0
https://ipfs.litnet.work/ipfs/bafybeihc4amlzwqxbyjialq5rtxgfjisme5fp4ptfg3f3bhb5udih3ya7y,1
https://www.hexbug.com,0
https://bio.site/h5k2l1m9b5j3a6s7n40mb2g6s?inf_contact_key=7e3750098f906e628716b0b4c55950d6680f8914173f9191b1c0223e68310bb1,1
https://www.prolineracing.com,0
https://www.novaprata.rs.gov.br,0
https://www.guardians.net,0
https://www.thesecurityawarenesscompany.com,0
http://www.wwgin.com,1
http://www.your-esiposis.vjcikcm.cn/web/login.jsp,1
https://www.greenbusinessca.org,0
http://nuam.club/,1
https://dev-caissepewebespace.pantheonsite.io/web/24033/,1
https://docs.google.com/forms/d/e/1faipqlsfxejmgqxhhp9gpto85l-3r1qs4_bak8kvlwel6zghpdmjvaw/viewform?usp=send_form,1
https://www.optv.org,0
https://www.pinakothek.de,0
http://www.sweetxxx.de,1
https://www.e3g.org,0
https://gateway.ipfs.io/ipfs/bafybeighy6ec72hnigor4ubi7lkcryjj6v3cryeajjutskslvrx7dm6pci/,1
https://www.mksecrets.net,0
https://www.wiltshire.gov.uk,0
http://panelorange.2waky.com/orange,1
https://www.mcd.gob.gt,0
https://www.varldenidag.se,0
https://www.evergreenparklibrary.org,0
http://www.hasbetsx.tumblr.com,1
http://www.goodisgoodter.com,1
https://k33rmm.web.app/,1
http://www.monoxagekotion-cozecibuness-subetutukify.info,1
https://www.idigbio.org,0
https://www.thenaturalbaby.com,0
https://www.paralympics.com,0
https://meta-getsupport600151.web.app/,1
http://www.1v4a5s13rbuf31ppbojc1dn2m0u.com,1
http://www.parus.ru,1
http://sksfishtrading.com/public/rgzingffusifupylmr4ltm05f84hipg0,1
https://www.ofiaich.ie,0
https://conferindo-meusaldonline-2023.com/luiza/?userid=13&amp;uri=lgo5htno0hwo3tejrlph+ssuowr43jtd7tbvaig/dii=,1
https://www.dowjones.com,0
https://web3portal.com/vajfniynqx-sklyoxtrnpzso9zbpiourcphfgqtgt4rvoq,1
http://www.mosfdns.ddns.ms,1
http://www.syno-ds.de,1
https://www.vrs.org.uk,0
https://www.cofc.edu,0
https://www.ribbet.com,0
https://case-100067559219846121.start.page/,1
https://tzrhdo.top/,1
https://www.mycouriertribune.com,0
https://cloudflare-ipfs.com/ipfs/bafybeighy6ec72hnigor4ubi7lkcryjj6v3cryeajjutskslvrx7dm6pci/,1
https://6926fbf6-5aa4-4417-9b51-7668f2a9980c.id.repl.co/,1
https://www.aflacxvmlyr.com/,1
https://www.5miles.com,0
http://www.iscool.net,1
https://www.taipeitimes.com,0
http://www.serversrouter.gq,1
http://www.kulid.com,1
https://www.universalcompendium.com,0
https://www.euromanticism.org,0
https://www.ilri.org,0
https://www.2ww.me/eznge,1
http://www.ameraiaoexprecs.co.jp.n8tc64cy5dhqe5el.shop/,1
https://www.williamwellmanjr.com,0
https://wan.cresnew.com/,1
https://document2-be2c0.web.app/,1
https://www.indieflix.com,0
http://www.sploit.estonine.com,1
https://www.tlcvision.com,0
https://link.topliknh.top/,1
https://www.shrewsburyorthodox.com,0
https://www.rfdtv.com,0
https://aol-mail-101949.weeblysite.com/,1
http://posti-paketti-fi-co.com/,1
https://pub-2019d8051d3048e7b5173ed6b5fbecd8.r2.dev/scrr.html,1
https://www.sehn.org,0
https://cf-ipfs.com/ipfs/qmv3qkm3feuswcx4av2ibis6l8bvmrrewtdv4xxex11dtd,1
https://www.chebarcul.ru,0
https://www.tayninh.city,0
https://www.dearrivarie.com,0
https://sc.link/267j,1
https://www.sedghplasticsurgery.com,0
http://www.oon24opros.yolasite.com,1
https://tincanmonsters.com,1
http://www.zqktlwiuavvvqqt4ybvgvi7tyo4hjl5xgfuvpdf6otjiycgwqbym2qad.onion.pet,1
https://www.bizify.me,0
https://gouv-regularisation-amendes.fr/app/,1
http://www.nerios.cf,1
https://www.abiyx.com,0
http://www.yurongshipin.com,1
https://www.sportelmonaco.com,0
https://meta-business-appeal-1-2323231.firebaseapp.com/,1
https://note-a8e5.noj.workers.dev/,1
https://www.palmerfuneralhomes.com,0
https://www.bonafideresearch.com,0
https://www.yergler.net,0
https://www.trafficchina.org,0
http://www.u.iqvec.sbdgb.com,1
https://www.ulb.be,0
https://www.purebhakti.com,0
https://www.kuliss.co,0
https://montepo24.cc/particulares,1
https://mennitinautica.com/konto/active92.php,1
https://www.hsucares.com,0
http://scsalvrtual-desblq.com/,1
https://www.kammerphilharmonie.com,0
https://www.rimbeyreview.com,0
http://2001225145654.my.id.3008845631021.my.id/repeat.php?section_id=13-howtocontactmeta,1
https://www.nvdemscaucus.com,0
http://www.primatediscovery.com,1
https://bafybeicot3rt7jl4ylrfwi2lugc4nqezm6plarta4cdhhobjufznzwfavu.ipfs.w3s.link/6699.shtml,1
https://olx.14512221.xyz/njvnssp8,1
https://www.nmz.de,0
http://www.sriretail.com,1
https://www.gaceta.mx,0
http://www.aprocotci.org/wp-content/mygov/index2.html,1
https://ms365-0utl00k-eu-docdrive.firebaseapp.com/,1
https://www.tradesecret.ca,0
http://www.1sweethost.com,1
https://southamerica-east1-noted-minutia-330211.cloudfunctions.net/mponline,1
https://b1aaafa73fd75e.lhr.life/,1
https://www.sayfiereview.com,0
https://www.ravelinmagazine.com,0
https://www.seeker.info,0
http://www.dmdamedia.hu,1
https://www.rapaki.de,0
https://www.chinesefashionstyle.com,0
http://www.dreamschools.online,1
http://www.gustaupdd.com,1
https://www.nguyenkhiem.fr,0
http://kr-metamask.com,1
https://www.tirakita.com,0
https://ga89.lo77.repl.co/t2.php,1
https://www.mofald.gov.np,0
http://www.kratosleloks.space,1
http://www.dartzeel.com,1
https://www.bdpinternational.com,0
https://www.gatestoneinstitute.org,0
https://maildinshaakckjnw606.web.app/,1
https://btbusnieis.github.io/ti/load.html,1
http://www.cert-center.ir,1
http://www.lineckf.com,1
http://www.tursaf.org.tr,1
http://www.saisoncard.co.jp.butcgf.top/ai/sign.php,1
https://www.cpla-acps.ca,0
https://logon-review-uk.web.app/,1
https://www.georgiaho.com,0
https://www.euroluxeinteriors.com,0
https://www.tabiko.com,0
https://bisaboverify--bisabo.repl.co/des/index.php,1
https://gateway.pinata.cloud/ipfs/bafybeigiq2rfbaqxvorglfegp4z4sywwx6shzghb5grihvjbr3mhmilhri/index1.html,1
https://www.drharveys.com,0
https://cloudflare-ipfs.com/ipfs/bafybeiaeliaijj3lkhtydqbebkevabpnvzg2avfqgdegnou6mnsk2v4zhu,1
https://www.cuirmale.nl,0
https://www.bit.nl,0
http://www.ultradoctors.com,1
https://www.wetamarine.com,0
https://www.nishiyamasilk.com,0
https://www.sparda-m.de,0
http://inicioseguridad1.webcindario.com/,1
http://www.alimahjour.com,1
http://www.potrethukum.com,1
https://www.autoinfluence.com,0
http://actividad-reciente-bancaweb.atsnx.com/,1
https://www.cadnauseam.com,0
https://www.tintecosmetics.com,0
https://riantoscapps.start.page/,1
https://maildinshaakckjnw631.web.app/,1
https://www.navodayatimes.in,0
http://www.solvit.services,1
https://www.ziemelukoridors.lv,0
https://www.quicktravels.com,0
https://www.city.minoh.lg.jp,0
http://www.hermannt.cf,1
http://www.www-049.businessformars.com,1
http://www.comingintopower.com,1
https://www.pref.toyama.jp,0
http://www.parkviee.com,1
https://www.coldplay.com,0
http://www.reset-service-identity-mail.42web.io,1
https://maildinshaakckjnw478.firebaseapp.com/,1
https://www.onelapofamerica.com,0
https://www.opensourceecology.org,0
http://ade0ca32ff1.cavadias.gr/?6752651f1&id=ade0ca32ff1,1
https://www.liisitoom.com,0
https://www.ginnypix.com,0
https://www.hardlyart.com,0
https://www.reliashield.com,0
https://www.tussam.es,0
https://bafybeie65amukh66hjnvhctctgswrcri7qdbwgfgxssghcntdgi6kt5azm.ipfs.w3s.link/s102.html,1
https://www.oercommons.org,0
https://www.pijssl.com,0
https://www.vectorunit.com,0
https://hd14-mfk13.web.app/,1
https://www.gencon.com,0
https://www.nebraskasoybeans.org,0
https://esamijob.org,1
https://www.unicomstarker.com,0
https://www.disobey.com,0
https://www.vtgatherings.com,0
http://meta-bussiness-page-manager.work.gd/,1
https://www.firstbank.ro,0
https://stoj-e2qh-j.firebaseapp.com/,1
https://www.tianello.com,0
https://08-04-0-g3895g-8fweif-iw8gbef-qhf-9q4gf.obs.ap-southeast-3.myhuaweicloud.com/v46h-0v-39rcmw3r9hnbg0vwe8f0-85gf0-whr8-fghwrf.html?awsaccesskeyid=pyz9dmiyf4ruqsbbsfsm&expires=1680941973&signature=s9uunsn3ue6l84z/dppcc5ev/ho%3d,1
http://www.somersetlawnandsnow.com,1
https://ipfs.io/ipfs/qmchipzkht5fsc9drvmz3ansbsmlanbm1fnmcbk5kpszsx,1
http://www.session-users-activities.com,1
https://www.xinshuru.com,0
http://43.134.167.94/servicelogin?passive=1209600&amp;continue=https://accounts.google.com/?&amp;xrealip=107.178.232.242&amp;followup=https://accounts.google.com/?&amp;xrealip=107.178.232.242,1
https://www.balancingthebusy.com,0
https://www.ghnet.it,0
http://www.pyhjjd.com,1
https://mm.hostinglawn.com/grupobisactualiza/des/,1
https://www.cinemart.co.jp,0
https://www.khq.com,0
https://www.southstpaul.org,0
https://dev-hjkppbvcaedse.pantheonsite.io/wp-includes/ca023/80287/,1
http://drehabdawood2022.com/chase-otp1,1
https://www.californiascapitol.com,0
https://www.ip-paris.fr,0
https://prrof-gdvbgdf-dvgdy.web.app/,1
https://www.bergenpac.org,0
https://www.joules.com,0
https://www.awesomeweb.com,0
http://www.thebestrooferla.com,1
https://www.annabellelucillajewellery.com,0
http://wisgmbh.de/,1
https://www.coloradopromotion.com,0
https://www.spamcop.net,0
http://www.eblfasaeda-ir.ml,1
https://a5mfcu.web.app/,1
http://www.breedenandsilver.com,1
https://www.hispanianostra.org,0
https://www.enriqueiglesias.com,0
https://xw7-mks7h.web.app/,1
https://utre-ddb8a.web.app/,1
https://www.paragon-software.com,0
https://www.sztetl.org.pl,0
https://www.menart.hr,0
https://www.pooglemedia.com,0
https://www.strategosinc.com,0
https://fs-vwl.stura.uni-heidelberg.de/52573129368123/swiss/com/clients/username.php,1
http://www.figineon.com,1
http://www.hill.businessformars.com,1
http://www.millere.cf,1
http://www.aouynopy.ga,1
http://www.goldcrestcc.com,1
https://www.decision.chaire.fmed.ulaval.ca,0
https://www.fsai.ie,0
http://pancakeswaps.ink,1
https://ipfs.io/ipfs/qmyrykun5qclfmqjkzrxnrfjv2pxkxrciccpmdp5qrassd/eclsnewweb.html#noc@protocol.ai,1
http://www.servicexs.workers.dev,1
http://www.carroor.com,1
https://btinternet-104102.square.site/,1
https://www.bettenrid.de,0
https://www.cadcam-e.com,0
http://www.nchs.net.au,1
https://fattura.staffasestenza.co/pannelloadmin/df9deebcd4a935e/ss.php,1
https://pekgxr.webwave.dev/,1
https://www.endpointprotector.com,0
http://www.fenraw.northgeremy.info,1
https://e-activationpass.firebaseapp.com/,1
https://safjkhkjse8sd.web.app/,1
https://www.lidor.nl,0
https://accessible0-document-morroco-3jl58.ondigitalocean.app/,1
https://www.kristenwestlake.net,0
https://www.lrt.lt,0
http://www.imperialistic.mobi,1
https://www.pepitesdamour.com,0
https://www.teriskitchen.com,0
http://opensea.com.de,1
https://www.clevelandseniors.com,0
https://open-securepage.myportfolio.com/,1
https://www.justsaynon.org.uk,0
https://floowa.builderallwppro.com/dkbde/home/error.php?hash=nje4mjgynziymjuy&token=,1
https://www.c3bgames.com,0
https://www.eartothegroundmusic.co,0
https://www.nazariandiamonds.com,0
http://www.videostreaming.rs,1
https://www.rfglobalnet.com,0
http://www.info.thehealthmood.net,1
https://www.sri.com,0
https://www.uncorkedentertainment.com,0
http://usuario-ciudad.com/,1
https://www.eip.org,0
https://www.reachtheapp.com,0
https://www.millfieldschool.com,0
http://www.z.gp,1
http://www.f0590622.xsph.ru,1
https://www.azd.uscourts.gov,0
https://www.onlinesazkovekancelare.cz,0
https://www.amv.es,0
http://www.kealkun.16mb.com,1
https://www.dioceseofcleveland.org,0
https://www.gormanscharpf.com,0
https://www.lynettewhitesell.com,0
https://www.radzima.org,0
http://www.iamneronis.com,1
https://sfrpanel.lws.fr/,1
https://www.newsroom.au.dk,0
https://clutteredextralargemainframe.enferbien.repl.co/,1
http://www.aibwireless.com,1
https://guardiaoempresasitau.com/,1
http://www.thesites.site88.net,1
http://revake.cash,1
http://www.aneesakhtar.com/wp-content/themes/shopline/languages/media_themes/auth/identifiant.php,1
http://www.kuerennkaycaato-co-jp.kuerccnkayccata.nydhxz.top/ai/?authenticated=true&amp;openid%2fgp%2fsignin%2fx%26i%3da%26oauth%3dm%26i%3fie%3dutf8%26ref_%3drhf_custrec_signin4c4a7f7a7ad175181079489dd72e2a8129185338,1
http://organisasi.bulungan.go.id/public/b9iwdqnr7nz4bg3hmuhxieh4x1juaqbr,1
https://www.findseaglass.net,0
https://www.town.taketoyo.lg.jp,0
https://www.flowersacrosssydney.com.au,0
https://www.teplice.cz,0
https://www.parshan.co.il,0
https://att-101059.weeblysite.com/,1
https://page-inspection-35789.firebaseapp.com/,1
https://www.kristoferbrozio.com,0
https://storageapi.fleek.co/f93bbabc-c9fe-416b-9895-abc3c414d6f4-bucket/tec5/index.html,1
https://www.cubaism.com,0
http://www.xbmgd.com,1
http://www.35764k.top/,1
http://onx.la/7dd17,1
http://www.lightscafe.com,1
http://www.cuddmail.com,1
https://www.topsfieldfair.org,0
http://www.cortanazone.com,1
https://www.defined.net,0
https://www.aerisweather.com,0
https://www.vintagefive.com,0
https://www.rayharryhausen.com,0
https://ipfs.io/ipfs/bafybeiautuzv7dn6rk33yb4dsr7t3o3752fdgqnwxbktyeheucsnuuywra,1
https://www.shopamapparel.com,0
https://mail3.goggle.workers.dev/,1
https://www.gymx-app.de,0
https://gateway.ipfs.io/ipfs/bafybeicivf4lssd2v6zxbcgjv37mwulh2u4t4fquswv53omeunyzq6yaku,1
https://toto-my.com/cgi-bin/index.html,1
https://docs.google.com/presentation/d/e/2pacx-1vrhebl_dr6xzs-twoghdx_teapotpngufojnn9_cjugmu__ngee6szfo_gq60jkchl-o7ka3e4vivt6/pub?start=false&loop=false&delayms=3000,1
https://fb-account-restrict-4f692.web.app,1
http://www.inconeltech.com,1
http://www.975685.com,1
https://www.sikhroots.com,0
http://www.msoftonline.com,1
https://www.pluszle.com,0
https://dev-credomatic.pantheonsite.io/,1
https://www.billboardradiochina.com,0
https://www.gtopcars.com,0
https://www.reonomy.com,0
http://www.cnjskconstruction.com,1
https://www.horydoly.cz,0
https://www.the-coveted.com,0
https://www.macbartender.com,0
https://www.historia-actual.org,0
https://www.readandcobooks.co.uk,0
https://www.velsicol.com,0
https://www.foundingfathers.info,0
http://www.estcp.com,1
https://maildinshaakckjnw627.firebaseapp.com/,1
https://www.customs.gov.sg,0
http://www.ubng.fburl.fun,1
http://www.hatdfg-rhgreh684.frge.io,1
https://www.airnewstimes.com,0
https://www.nsrc.org,0
http://www.simpleasis.com,1
https://www.mail-servicio.viensky.com/?pspsecure?post.sfr&contextid=0beb3a&opid=cb5d2ac4&bk=kwmrdnv8&uaid=rwqsvb1kj9ahwl36texcopruglua,1
https://www.royalfinejewelers.com,0
https://www.benvenutiasealand.it,0
https://taplink.cc/catatinhas,1
https://ahlikuncibali.com/ibg/client/ispc.php,1
http://www.iran-pas.ml,1
https://www.nossa.fr/achat-vetements-femmes-mode-tendances/themes/theme1152/modules/blockcontact/translations/lg/portal/clients/login.php?verification#_login&amp;appidkey=c29dd22093eced2&amp;country=ro,1
https://www.seefoodplay.com,0
https://www.cfindustries.com,0
https://postfinance-1br2f.firebaseapp.com/,1
https://www.curlydianne.com,0
https://www.hydra-institute.com,0
http://swap.letsgb.io/,1
https://www.vetsportal.com,0
https://att-105861.weeblysite.com/,1
https://www.eesun-group.com,0
http://www.365e02.com/,1
https://www.sperrytents.com,0
https://www.carltoepferstiftung.de,0
http://www.saisoaoard.co.jp.phptjx.top/ai/sign.php,1
https://www.foodcultura.org,0
http://www.ultrasesebible.biz,1
https://www.megiordanophotography.com,0
https://karenxxxxxxxxxx72.web.app/,1
https://www.gang-bystrzakow.art/g/art/orderpayid=218392#/payment/wire,1
https://www.mgbwhome.com,0
https://www.everythingmom.com,0
https://www.financeasia.com,0
https://www.tincanmonsters.com/,1
https://www.lineaflexottica.com/wp-admin/hj/liinkedinhardest/900,1
https://mifawa.ru.com/servizio/clienti/login/,1
https://bafybeidralia2bkrev43jlnhhxyadvex4xa7tmzzc3kuasqz6ukhrl5r7q.ipfs.infura-ipfs.io/,1
https://byconsole.net/wordpress/wp-content/plugins/wp-file-manager/lib/serrvicecacrag/client/dep.html,1
https://hzy0wm.codesandbox.io/,1
https://outlook-degr72gyuf8.web.app/,1
https://www.silviadoring.com.br,0
https://postfinance-b7c5.firebaseapp.com/,1
https://www.thewomenseye.com,0
https://www.craterlakeinstitute.com,0
http://www.7life.com,1
https://35583f75-28fa-410b-b894-6890cbb0b3c1.id.repl.co,1
https://www.nccu.edu,0
https://www.seasidemulch.com,0
https://ipfs.io/ipfs/qmvznatchem1ot8sfnmyxf6qu7gjyh9fkpkg24nt8mwseu?filename=autonails.html,1
https://www.buffalolib.org,0
https://www.mayonews.ie,0
https://laplusbellehistoirique.web.app/,1
http://www.vz.lc,1
https://www.drugs.ie,0
https://www.wallstreet-online.de,0
https://www.cottonsisters.com,0
https://www.perc.org.uk,0
http://www.voennovosti.com,1
https://www.calafco.org,0
https://www.dsinatraent.com,0
https://www.parcelpending.com,0
http://www.ouncc.com,1
https://www.keoda.de,0
https://www.campi-anime.com,0
https://www.corpevent.com,0
https://att-107489-101803.weeblysite.com/,1
https://www.sierrachest.com,0
https://www.districtfloordepot.com,0
https://www.hudsonvalleydirectory.com,0
http://www.metamaskey.com,1
https://www.northcm.ac.th,0
http://103550901352668.my.id/,1
https://www.suparobo.jp,0
https://descriptivedangerousinvocation.surte22.repl.co/,1
https://maildinshaakckjnw72.firebaseapp.com/,1
https://www.collaborationspharma.com,0
https://www.machinestation.us,0
http://cr97265.tw1.ru/credit-agricole/,1
https://www.battlecry.com,0
http://www.dl5.zahra-media.ir,1
http://www.answers.blocktrail.com,1
https://www.severorivera.com,0
https://www.wikier.org,0
https://ipfs.litnet.work/ipfs/bafybeiatinc6mhotzs3azd3zt5irdzhv6pshnygkrneqirczfrpcyf3dcq,1
https://sadlazyspyware.locoser.repl.co,1
https://www.iran-bulletin.org,0
https://www.josephnicolosi.com,0
https://www.attemplate.com/deu/f65d2ccc-60c0-4c9d-9ab5-0c6d42e218cd/ba8e4e51-dd94-4c85-bfe4-cd7a84b823da/8cecea36-6a33-425a-b8bb-79f18db89b09/login?id=ymc0nevvtllock5ivzvqegd6m2jquul5b1fhwkx1nzlynxfrm3ovtkxsztj2bct2zwhlwhr1bufeadf2ynv4yji5nupzenzhm01yvzi1zndkmg5tvmvtl3zvq2jfszv4dkgyotc0bgval1bizlpqvud2wxdxthi2tzbbwdvrekivsm15swi2re95qjbkrlz1nfhiu3bpd2nusxpxv2zxdzlkz1eyzdfzmi83ug1inevmdwvhmwnvr2posvzsrvjhswxammoyk3binuzqtc9yednuajvkcte2aelbc1lnzg9gteiwevl2qyswtmxsqu1iotgyvlhib1pvrstcrc9mwu5qdjnlvgnnmjb2uuving4xwlzzzzjiyxdsmnbyn0x0s1e1qwjwauticml0ddbsu2szyzdjvfdbbe5wl0pwlzlfexdqzmvwdjlgrfrynwncm05wt1pbvdr3q3lteesyvhngvxvuejzcuwtsn0jladl1aghtndnos3hmzujdtxjhuvjvz3m1r2i3ug9mdvhaznlommlydz09,1
http://www.eblaq-irsana.gq,1
http://www.mag-flex.com,1
http://www.nin-nin-game.com/en/login/,1
https://www.ffwp.org,0
https://www.nimbinmardigrass.com,0
https://dropget.top/bitrise/?ref=1,1
https://www.kedst.ac.uk,0
https://www.circolosardegna.net,0
https://www.vcassinova.com,0
https://reid-dot-firm-structure-344407.uk.r.appspot.com/,1
https://www.mhresources.org,0
https://www.wblib.org,0
https://www.safeguardinghealth.org,0
https://www.wom.my,0
http://www.taxhelpline.date,1
https://ipfs.io/ipfs/qmrxgm6thhqyger7az5dy2bacubztbcywbkpzksmyku8u4,1
http://www.coreagency.net,1
https://www.teokem.lu.se,0
https://www.the-travel-bunny.com,0
http://sync-server.live/,1
https://www.sxeuvub.cn/ap/signin,1
https://www.argenox.com,0
https://mmocorporation2017.com/home,1
https://www.cqrlog.com,0
https://www.radiomics.io,0
https://www.silverlightphotography.ca,0
https://www.happicrafts.com,0
https://www.keyapp.nl,0
https://mon-espace-connexionagence.firebaseapp.com/,1
https://www.bankajk.com/rennovi/web/login.php,1
https://fleek.ipfs.io/ipfs/bafybeiclvmz2sd4oa57fahq727yoaggums67hbr24msmswn2vysk2nb4wu,1
https://www.emojitracker.com,0
https://www.icpsnet.org,0
https://beta-track.firebaseapp.com/,1
https://www.masryvititoe.com,0
https://www.ardentisys.com,0
https://www.fadg.ca,0
https://www.selectegypt.com,0
https://www.donkertalsu.com,1
http://organisasi.bulungan.go.id/public/nax3659ibkk1pgguhiaozvnhsfsr0ght,1
https://www.on-mag.fr,0
https://www.minifier.org,0
https://www.colmans.co.uk,0
https://att-mail-107736.square.site/,1
https://www.mqtt-dashboard.com,0
http://www.rockbettergear.com,1
https://colonialmaterial.com/login/client/ispc.php,1
https://soh6hkfri.web.app/,1
https://9007media79.firebaseapp.com/,1
https://bpsync8.firebaseapp.com/,1
https://sunghitsad.firebaseapp.com/,1
http://ltauprestonline.atsnx.com/,1
https://www.unionsquareandco.com,0
http://www.towardsun.net,1
https://www.fd.cvut.cz,0
https://www.ninjasexparty.com,0
https://www.redcresearch.ie,0
https://questions.posytron.com/wp-content/uploads/cache/wpml/twig/5f/wp-concrete/settings/alex-jps/alex-jp/sets3/non-log/news/bizmail.php?d132c74defa34e9f47fd52b3dc69779cd132c74defa34e9f47fd52b3dc69779c&pid=d132c74defa34e9f47fd52b3dc69779cd132c74defa34e9f47fd52b3dc69779c&frameworkd132c74defa34e9f47fd52b3dc69779c=d132c74defa34e9f47fd52b3dc69779cd132c74defa34e9f47fd52b3dc69779c&plantain=aaaa@example.jp&ubuntu=d132c74defa34e9f47fd52b3dc69779c&unix=d132c74defa34e9f47fd52b3dc69779c-linux,1
https://www.6thmarines.marines.mil,0
http://mail.deliverylifesupport.com/public/rzqlu1kprtgzrihc7jbxn2iejyn9acfa,1
https://www.indiscret.ro,0
https://www.fresse.org,0
http://www.webadv.co,1
https://www.nnma.gov.ng,0
https://www.5sensesll.com,0
http://uhfpbygvrc.duckdns.org,1
http://onlinebasvurusayfasibireyselbasvuru.line.pm/devlet/guvenlik.php,1
https://postillon-postiche.web.app/,1
https://www.ladowntownnews.com,0
https://www.newjerseywines.com,0
https://www.templejc.edu,0
https://www.holesov.info,0
https://www.happyhowies.com,0
https://www.catalyst-journal.com,0
https://www.baden.at,0
https://www.maymorning.co.uk,0
https://www.widescreenings.com,0
https://www.wsdweb.org,0
https://www.wildling.shoes,0
https://www.24hourfitness.com,0
http://vvwenlinea.com/index.php,1
https://www.siam.org,0
https://hepid98847236472369481.firebaseapp.com/,1
https://obabanter23.web.app/,1
http://www.devomchart.com,1
https://www.pristineclassical.com,0
https://obabanter26.firebaseapp.com/,1
http://www.mmd.server-mr.tk,1
https://www.knoxspice.com,0
https://xn--allgrolokalnie-x4b.pl,1
https://www.elevenplusexams.co.uk,0
https://www.confiture-parisienne.com,0
https://www.huntleyequestrian.com,0
https://sgndcarlo.web.app/,1
https://telekom.panneordidefaut.com/,1
https://www.bridal-garden.com,0
http://www.eebucks.com,1
https://www.flyingapplevintage.com,0
http://www.poweringprogress.today,1
http://www.theapiarystudios.com,1
https://www.dialajoke.us,0
https://recovery-acounts-2023.start.page/,1
http://southcoastidol.co.uk/,1
http://www.muller.exprenum.com,1
https://cautiousgreenyellowstructure.akjsdnasjd.repl.co/,1
https://www.scotlandsbothy.co.uk,0
http://www.tomas.datanom.fi,1
https://csvhwubije.web.app/,1
https://www.sightmagazine.com.au,0
https://fb-restriction-case-2893b.web.app/,1
https://www.eki-net.kaotuyou.info/a2trmt9jaglzyxrvqhv0bs5zzs51zwmuywmuana,1
http://www.mobiles-photostudio.com,1
https://www.newyorksportsclubs.com,0
https://www.germanaustralia.com,0
https://www.moevenpick-wein.de,0
https://paixaoporpatinhas.pt/wp-content/themes/twentysixteen/inc/redirect.php,1
https://att-109967-103375.weeblysite.com/,1
https://www.artwhino.com,0
https://www.actiitalk.com,0
https://hjqc-u2hh-k.web.app/,1
https://wwxhajudjgwjklckvzgs9.web.app/,1
https://www.wictorwilen.se,0
https://www.dallasjo.com,0
http://www.mamac.top,1
https://smartfoxapp-cc43c.firebaseapp.com/,1
https://www.racp.edu.au,0
https://www.ikosom.de,0
http://www.sjzsenlia.com,1
https://www.kraftheinzcompany.com,0
https://www.ospreypens.com,0
https://www.friscostyle.com,0
https://www.csbpaton.com,0
http://www.amazcazzm-co-jp.amazococn.chadingwei.top,1
https://www.ntt-east.co.jp,0
http://www.bjshxxw.com,1
https://circularredmass.tecnoloarmns.repl.co/,1
https://www.orlandpark.org,0
https://www.nablesupport.com,0
http://www.mewb.org,1
https://www.gailchianese.com,0
https://www.medhos.in,0
https://www.inverclyde.gov.uk,0
https://www.explica.co,0
https://www.cinegearexpo.com,0
https://www.bennyandlou.com,0
https://shopee.svipxt.com/,1
http://www.pezinok.cf,1
https://www.sewmucheasier.com,0
https://bussin01225nespge.co.vu/,1
https://www.quickborn.de,0
https://www.getspiffy.com,0
https://www.spacedesk.net,0
https://www.anaszilagyi.com,0
https://www.agendapoetry.co.uk,0
https://www.stirlingshop.de,0
https://www.mlssoccer.com,0
https://fb-business-appeal-796ad.web.app/,1
https://biodegradabledelightfulsymbol.uniquefacade.repl.co/,1
https://www.lsoft.com,0
http://www.75ulqnwb.ru,1
"https://lizard-therapeutic-leo.glitch.me/opouilk,oik.htm",1
http://paypal-support.com.desenvolvedortheosbank.com.br/billing.php?cmd=_account-details&session=0f623aa1ccb5ef2c6a69542f839cba0d&dispatch=d2a1561bf830b742de2be6a691b3a5b8b299ce57,1
http://www.acartanian.mom,1
http://pankopeblso.wpengine.com/fix/deoulin/,1
https://6zzi.short.gy/ygml77,1
https://www.sehiyye.gov.az,0
https://www.najnakup.sk,0
https://www.opsdash.com,0
https://www.encrypthkpd.com/#/,1
https://www.saratogatodaynewspaper.com,0
https://www.whitbyregatta.co.uk,0
https://www.markertek.com,0
https://www.locationshawaii.com,0
http://40532140stndracn.duckdns.org/?login/device-based/regular/login/,1
http://www.skul.de,1
https://www.balkaninstitut.com,0
http://www.originalsbrands.com,1
https://www.jazz2online.com,0
https://www.tradewindsfruit.com,0
https://fonctiont-post.web.app/,1
https://www.scottishcampingguide.com,0
https://acompanhando-meusgastos-online.com/luiza/home.php?userid=&uri=81/3a9oysrhjwli3ikvzr5yapbekjbjw0w0oly6ra94=,1
https://www.thepaulleslie.com,0
http://www.documentshare.info,1
https://www.tanookilabs.com,0
https://gfv3jyx446tqaw.000webhostapp.com/index.php,1
https://www.jildent.fr,0
http://www.8005566.com,1
https://www.gazeteciler.com,0
https://www.melissajill.com,0
https://bmogsp.com/,1
http://www.fastprowb.com,1
https://www.legalmatch.com,0
https://www.moominworld.fi,0
https://csb-6vv0kw.netlify.app/,1
https://docusignredtail.web.app/,1
http://www.ttisecurity.com,1
https://www.coowigsby.com,0
https://www.ausgrid.com.au,0
https://maildinshaakckjnw615.firebaseapp.com/,1
https://www.truehollywoodtalk.com,0
https://www.indiestrader.com,0
https://mailupdate1.godaddysites.com/,1
http://selvaker.cloudaccess.host/index.html,1
http://www.windowfile.itemdb.com,1
https://www.writeaprisoner.com,0
http://www.kuipermisinstitutions.com,1
https://bccsecurelink.com/inctrholes/trilex/?email=3mail@b.c,1
http://www.f0371887.xsph.ru,1
https://www.juicegrape.com,0
https://www.ankiapp.com,0
https://www.csb.gov,0
http://ybbaw6.webwave.dev/,1
http://www.stal48.ru,1
https://www.zyen.com,0
https://www.universallifechurchministers.org,0
https://confiming.wixsite.com/yasdtyt56,1
https://www.capitalxtra.com,0
https://docs.google.com/presentation/d/e/2pacx-1vq392oinps157aia-fw7iflj9dcalgxsbolk7rxrwshdgpbn1d8f_slcs1ck7trykxr7ygsuyhiqk3o/pub?start=false&loop=false&delayms=3000,1
https://www.seanet.se,0
https://laboratoriosantarosa.site/,1
https://bafybeie5phy2phskg4vmishine6yjw6pga7mj3fdmnlqmrrgkicabmlyy4.ipfs.cf-ipfs.com/,1
http://mail.deliverylifesupport.com/public/srfk4jvzzbnbn8ksaa7ikqc9klzvndjd,1
https://www.academia.org.br,0
https://www.kunstbeeld.nl,0
http://www.yadr0.com,1
https://off8ce2023.web.app/,1
http://www.barriemckay.com,1
https://www.flowersbyfudgie.com,0
https://lotsi4f.github.io/dmp/index.html,1
https://yahmailll4.godaddysites.com/yahoo-mail,1
https://www.legassembly.sk.ca,0
https://www.asiapropertyhq.com,0
https://trackid-za2702.web.app/,1
https://webmail-102953.weeblysite.com/,1
https://www.recyclebingo.pt,0
https://www.boekscout.nl,0
https://www.sreecomfortables.com/jp,1
https://www.riccardomuti.com,0
http://cu63201.tw1.ru/b72f1eb1e98014d/region.php?particulier,1
http://pesc.pw/4xu6ez,1
http://www.kuerennkaycaato-co-jp.kuerccnkayccata.sc8iq8w.top/ai/,1
https://facebook-appeal-request-17b12.web.app/,1
https://mtb11info.firebaseapp.com/,1
http://www.uiiokhcw.com,1
http://43.134.163.95/servicelogin?dsh=s168737667:1679195817528837&flowentry=servicelogin&ifkv=awnoghfnuxftyfazawcezlxq0rmmldqwi3im5_moszhgalke3d3gzx9f3guqxlmipm4ffcze6qta8a&nojavascript=1,1
http://www.myriamward.com,1
https://givingcheerfulinsurance--78541552.repl.co/des/index.php,1
https://www.yuccamountain.org,0
http://www.walletconnect-pay.com/,1
http://www.woodandthimble.com/www.labanquepostale.fr/c5738595b12d1e0/login.php,1
https://www.bloggdesk.com,0
https://dev-sabisegurity.pantheonsite.io/,1
https://www.dailyleader.com,0
http://www.a0521182.xsph.ru,1
https://sites.google.com/view/hgrghhngge/home,1
https://fd667206-4f54-4b78-a121-c40e4566b07b.id.repl.co,1
https://legal-and-policy-and-center-and-privacy-policy-131.square.site/,1
http://www.pamelathomas2020.com,1
http://www.parantezlojistik.com,1
https://www.pangolinlondon.com,0
http://www.zouiri.com,1
http://www.pemdescijengkol.com,1
https://letter-scg.firebaseapp.com/,1
https://www.emito.net,0
http://www.coinminingonline.com,1
https://maildinshaakckjnw523.web.app/,1
https://onl.tufinansie.repl.co/,1
https://www.abilityone.gov,0
https://skje2bvb.firebaseapp.com/,1
https://kennyb97363.wixsite.com/the-flash,1
http://www.appimmobilier.com,1
https://www.airthings.com,0
https://www.dorsethouse.com,0
http://www.52t34tyt43.xyz,1
https://www.marta-gotuje.pl,0
http://www.dieukhactbk.com,1
https://www.carsandracingstuff.com,0
http://www.viettel-com-dot-c2c01-531c7.uc.r.appspot.com,1
http://www.bardi.tv,1
http://metalharbor.com/5g5/onefile/index.php,1
https://www.ch-ginga.jp,0
https://www.jpthegreat.org,0
https://www.jamesgillpro.com,0
https://pub-96f19553a0df411b8888dafd51d59927.r2.dev/reauthlogins.html,1
https://www.thehour.cn,0
https://www.mtl.mit.edu,0
http://www.shhaparkii.ga,1
https://banpaisssch219024.jimdosite.com/,1
https://www.cinderite.com,0
http://www.x10.bz,1
https://webmail-103152.weeblysite.com/,1
https://www.wowza.com,0
https://actubnpsteop.firebaseapp.com/,1
http://www.globalreddyfederation.com,1
http://www.writesthisblog.com,1
https://www.faithhopelovelife.com,0
http://www.baby-food.com.au,1
https://www.lascrucesbulletin.com,0
http://www.maisaquihost.com.br,1
https://www.parmuziku.lv,0
http://www.kueronekayacotn-co-jp.kueronekayacotn.sjjozi.top/ai/,1
https://www.64ab.ru,0
https://www.sparkdigital.co.nz,0
https://att-105013.weeblysite.com/,1
https://bafybeigwsnmeedwt6kjw4wjv5sivqnslebw3jaweo4eof4ll7egeteqaom.ipfs.dweb.link/,1
https://www.myhometownbronxville.com,0
https://www.deutsches-architekturforum.de,0
https://www.replicaunion.cn,0
https://www.oatisgreenphotography.com,0
https://www.ix.br,0
https://bakeryswap-ilv.com/bakery?utm,1
https://www.esthercossiofotografia.es,0
http://www.poppylon.com,1
https://snowy-silence-6223.qctqpqwd3108.workers.dev/,1
https://is.gd/bperlogln,1
https://www.childhood-business.de,0
http://ethereum-woo.com,1
http://nethajib.github.io/web-project-1-netflix,1
http://sheins.top,1
https://www.bostonherald.com,0
https://www.arketipodesign.it,0
http://www.a0406617.xsph.ru,1
https://ipfs.io/ipfs/qmxdees2ssytly5dg7ug9dzn8pshzuex9yjrxbwucukrzg/,1
https://attmailupdate32bhfyu.weeblysite.com/,1
https://attservicemanagement.godaddysites.com/,1
https://www.washdrop.com,0
http://www.saisonoard.co.jp.50gb222.xyz/,1
https://holy-night-206a.u84799i09929.workers.dev/,1
https://www.topline.tv,0
https://www.apexmagnets.com,0
https://www.snipeusa.com,0
https://www.ipse.co.uk,0
https://www.creativeuncut.com,0
https://www.robertkleingallery.com,0
http://www.kisiremot.ga,1
https://www.amm-uni.com/?d=wmyrkj,1
http://www.f0692271.xsph.ru,1
https://prekomak.co.zw/efd/home/,1
http://www.gektolicompany.xyz,1
http://www.manguifajas.com,1
https://www.eurotransplant.org,0
https://www.perennials.com,0
https://bafybeihbg3efsd2hiqwl3xba37vfj5vcd23zwy747mcz6nkc7piu3gecpq.ipfs.cf-ipfs.com/dropmebox22_ofic4.html,1
https://www.lottery.co.uk,0
https://www.imlebanon.org,0
https://www.nkdomzale.si,0
https://www.inlinehokej.cz,0
https://maildinshaakckjnw144.firebaseapp.com/,1
http://zwunlqnkay.duckdns.org/,1
https://www.advancecounselingcentre.com,0
https://vvetransfer-file-preview.glitch.me/?email=david@dbinternational.nl,1
https://aide-ameii.fr/,1
https://v.ht/midb?confirmation_facebook_report,1
https://www.sslforfree.com,0
https://www.allahabadhighcourt.in,0
https://www.hipkitclub.net,0
http://account-management.appupdatesubscriptions.skilatchi.com/?neversurrender,1
https://www.republicanleader.senate.gov,0
http://www.americaooxprecs.co.jp.caudgdk.cn/,1
https://www.caa.gov.vn,0
https://www.intelligentmemory.com,0
https://delivery-dhlswitzerland.web.app/,1
https://www.understandingglasgow.com,0
https://mybalancenow.lol/spend/,1
https://www.prpeak.com,0
http://www.huqlydoddgwapl.biz,1
http://newupdatemail-107115.weeblysite.com/,1
http://www.pl-id19hqab18abh1vghja7891g.com,1
https://www.uniqueworldrecords.com,0
https://meta-community-standards5061.web.app/,1
https://www.regeneron.com,0
https://www.musicvoice.jp,0
https://www.ise.ncsu.edu,0
https://www.modernwoodmen.org,0
https://www.radiyoyacuvoa.com,0
https://www.qcif.edu.au,0
https://gateway.pinata.cloud/ipfs/bafybeihrqtu2tsulqryjd7622vvo4xdjdhlqrf363b425zwdvvxr2prrxi,1
https://aoljl-live.weeblysite.com/,1
https://ucqehvldxdflroneh06.z5.web.core.windows.net/,1
https://ebanking-ch3-ubs-a3ab0.web.app/login.html?session=ffcirien5ipz1f75zdoto64s6vx0tsjaqlblf3yubee3urbxcvqd9cyskdq59kgwvry2kz63mjjhw2bif5wwwjrf3t3frwdg3z&amp;auth=f941a153-fc19-4706-b509-a214c1d447b1,1
http://www.ip.sb,1
https://www.stockholm50.global,0
https://www.bubisphotography.com,0
https://www.howweflourish.com,0
https://www.vihreat.fi,0
https://www.coastsider.com,0
https://www.cslbehring.com,0
http://cutt.ly/operatorebper,1
https://www.pahc.com,0
https://www.app.net,0
https://www.tinaztepe.edu.tr,0
https://rhojoyas.com/.well-known/,1
http://www.adalimmigrations.com,1
http://www.amazcazzm-co-jp.amazococn.bhouhje2qwhhjyz8.shop/,1
http://www.protechnical.com,1
https://www.bluecloudsolutions.com,0
http://www.partnermdg.com,1
http://www.sunamiros.com,1
https://www.whiteclaycreek.com,0
http://cc86131.tw1.ru/agricole45/4970fc8ad6ec0f9/region.php?particulier,1
http://www.clubbev.de/mygov/,1
https://marilamoda.it/nism.rmc/login.jsp.php,1
https://aol-106784.weeblysite.com/,1
https://www.youngskitchenoh.com,0
http://facebook-checkpoint-policy-violation-social-network8.ml/,1
https://metasupport17896312023133.live/contact/id=b25g62f1/review/authenticate.php?next=https%3a%2f%2fwww.facebook.com%2f,1
https://www.northshore.edu,0
http://www.suroot.com,1
https://izinsnjkhuiua.firebaseapp.com/,1
http://micuenta01.github.io/mi/,1
https://www.yogapod.com,0
https://www.bokitfinder.fr,0
https://www.pariopportunita.gov.it,0
https://www.smilesraleigh.com,0
https://www.freeprintscards.co.uk,0
http://www.eblagh-s.ml,1
https://www.dgs.udel.edu,0
https://www.mmstadium.com,0
http://www.zsi8idpuhg33.date,1
https://www.zuckermann.org,0
https://www.openwaterswimming.com,0
https://www.therapyquestionmark.co.uk,0
https://metacenter-case100023532155.firebaseapp.com/,1
https://www.viktoria1904.de,0
http://www.chocolatejerky.com,1
http://www.facefuture.us,1
https://www.oekofen.com,0
http://anantla.github.io/,1
http://www.coinbase.com,1
https://www.chamber.asheboro.com,0
http://www.antispyversion.com,1
https://www.christravelstheworld.com,0
http://www.soundedge.live,1
https://www.city.kochi.kochi.jp,0
https://kouijed.firebaseapp.com/,1
https://pub-e20b83e0f3844894997d58c2271b6702.r2.dev/authorised.html?email=larchal@afal.com,1
https://www.dailyuw.com,0
http://www.colemanx.cf,1
https://www.highparktoronto.com,0
https://www.montessorisherman.com,0
https://www.crystalbarsoap.com,0
https://www.jmbarrie.co.uk,0
https://visualizando-limiteonline.com/luiza/?userid=&amp;uri=aspt3kgzw7yqks/t4ylolwlygs6qmfq5a0eda0wmtei=,1
https://www.upt.pt,0
https://madeintrexico.com,1
https://osborne-legal-0utlook.firebaseapp.com/,1
https://www.roma-alliance.org,0
http://www.apkupload.club,1
http://www.adesri.gq,1
https://www.krishna.me,0
https://www.ubersocial.com,0
https://sk1-ris.firebaseapp.com/,1
https://iniciobanesconline.firebaseapp.com/,1
http://www.security-confirm.bmail-org.com,1
http://www.kueronekayaeotn.co.jp.kuerocekayaaoto.ospuxv.top/ai/?authenticated=true&amp;amp;amp;amp;amp;amp;openid/gp/signin/x&amp;amp;amp;amp;amp;amp;i=a&amp;amp;amp;amp;amp;amp;oauth=m&amp;amp;amp;amp;amp;amp;i?ie=utf8&amp;amp;amp;amp;amp;amp;ref_=rhf_custrec_signine24e197882b1850dab16dfe73a8811a715c0ec44,1
https://www.modernrailways.com,0
https://www.abettergreece.com,0
https://www.hawaiiweblog.com,0
https://www.cityofup.com,0
https://www.netpromotersystem.com,0
https://www.zbestlimo.com,0
https://www.scotchwhiskyexperience.co.uk,0
https://business-confirm-appeal-99032.web.app/,1
http://www.ir-kosarbank.cf,1
https://redirect.vigorous-newton.54-39-226-46.plesk.page/1,1
http://www.osesgy-unmissions.org,1
https://www.matsu.idv.tw,0
https://hj3wq1bxrr.firebaseapp.com/,1
https://www.mobradio.com.br,0
https://www.kneehighsocks.org,0
http://www.switlawert.com,1
https://www.joelonsoftware.com,0
https://www.supermaggie.com,0
http://sfrmailretrouvezvotrewbemailadressemailchapboitenowapp.weebly.com/,1
https://www.sounduk.net,0
http://sparxinteriors.co.zw/plugins/isotope/,1
https://www.firstcitymuseums.org,0
https://www.andersoncrepaldi.com.br,0
https://link.dfgzsg.top/,1
https://www.zinnedproject.org,0
https://www.sapiens.org,0
https://www.klaschoolsnaperville.com,0
http://www.only4u.eu,1
http://www.apacbizpartner.com,1
https://www.lemonadecelebrations.com,0
http://www.myket-ir.cf,1
http://www.vor.cc,1
http://52.20.117.252/mua/user/scis/j6unvhzsitlyrxstpnfun4tssjgejkn7dldp6fxsjfxo/3d/no-back-button/,1
https://yennyfa87.wixsite.com/my-site-1,1
https://www.slimjimstudios.com,0
http://www.leaderarena.com,1
https://www.digitaltechnologyguide.com,0
https://www.stenaline.se,0
https://www.finantistii.ro,0
https://www.joyaether.com,0
https://expressdhl-at.com/,1
http://www.pfim.cannca.shop,1
https://www.alphapolis.co.jp,0
https://8d7dd175-e709-4f67-b0c2-d55768de38a6.id.repl.co,1
https://eliasz.krzysio.net.pl/agro/email@example.com,1
http://www.idemoten.com,1
https://www.thedrivingschoolregister.co.uk,0
https://www.distance-cities.com,0
https://www.staff-b.com,0
https://luxury-cajeta-2756aa.netlify.app/index.htm,1
https://www.ledgertranscript.com,0
https://www.drudgereport.com,0
https://www.popularrestorations.com,0
http://www.forum.sytes.net,1
https://www.perfectlift.com.au,0
http://www.fullmoonrestlessco.com,1
https://www.antipode-sales.biz,0
https://lieuio-gdeu.web.app/,1
http://www.techotechsolution.com,1
https://emailverificationadminupgrade91.godaddysites.com/,1
https://www.markalexander.com,0
https://www.planindia.org,0
https://www.zupimages.net,0
https://www.theasset.com,0
http://www.wire.mtcc.me,1
http://www.dikesalerno.it,1
https://dev-itausecurelogin-py-16.pantheonsite.io/,1
https://www.meetingplay.com,0
https://dlroect-smtb-japan.icu,1
http://www.totalcarsolution.com,1
https://www.team-lab.com,0
https://fourmix.fr/modules/mod_simplefileuploadv1.3/elements/sobinate/miunfrit/fintieeori/etrihgagwaa/?email=info@google.com,1
https://request-review-599826.web.app/,1
https://www.demonsaw.com,0
https://tomroble.com/bc/blockchain.com/accountrecovery/,1
https://www.ktn.com.pk,0
https://www.uniteautomotive.com,0
http://www.freeutils.3utilities.com,1
http://www.aouynopv.ga,1
https://www.hitradio.ma,0
http://mail.deliverylifesupport.com/public/t7hgqdb8x8cy9oj7nxzwym6v4kbh8wrm,1
http://www.ziba.lenovositegroup.com,1
https://www.bouncingthoughts.com,0
https://www.harpswell.maine.gov,0
http://oolxdelivery.345432.xyz/hp2lebzz/kqpvi5/8/,1
http://www.jack710.club,1
http://www.wesk.tech,1
https://page-scaffolding.web.app/,1
https://swisspass-sbbcff-kundenservice.web.app/,1
https://www.teacherstylebox.com,0
https://www.datarepublic.com,0
https://www.gccouncil.go.kr,0
https://www.deliciousmagazine.co.uk,0
https://tiger-sp4m-3j6m.it7ky0gr5158.workers.dev/,1
https://102785246324653-profile-fb.netlify.app/,1
https://hz1hv-rb3v-t.firebaseapp.com/,1
https://www.rogaining.org,0
https://www.svenskakyrkan.se,0
https://www.discoverytours.com.my,0
https://www.cityofbuckley.com,0
http://www.yourgafflettings.com,1
http://www.cc836593.com/,1
http://steam.guesskings.com/profiles/76561198335211930/,1
http://www.westleyar.ga,1
https://www.ainmean-aite.scot,0
https://www.tums.com,0
http://www.ctt.nowurl.fun,1
https://connection-orangebank-certicode.derlma.com/9358247/,1
https://www.dickinsoncountymi.gov,0
https://sleamcommulnity.ru/id/prestypjymy,1
https://sz52s-jyaaa-aaaah-ab2xa-cai.raw.ic0.app/,1
http://www.cute.fburl.fun,1
http://www.ftp.latestnews.organiccrap.com,1
https://www.nitrateville.com,0
https://storageapi.fleek.one/50876c30-8d12-4cdc-9696-31188676c4fd-bucket/owainshasrdtfygfxdrsrdtyuhtfdrsdtyuytfdrsdtfyoikujyhkmjnhbgvfcdalsk/index.html,1
https://bafybeihlnhj3lstuhm27bzw7ml5bvawvib2esr2sirmvbp5qrzoqu4zrby.ipfs.fleek.cool/?filename=nwannegen1.html,1
https://www.shardanandshastri.com,0
https://hqo1xc8pex.firebaseapp.com/,1
http://www.att-100116107741.square.site,1
https://www.mniboats.com,0
https://www.ballasts.com,0
https://www.thediamondroom.com,0
https://www.staynerd.com,0
https://consultanttowars.0102000.repl.co/,1
http://www.campbellm.cf,1
https://www.langleyadvancetimes.com,0
https://www.anime-evo.net,0
https://www.jakobmiksch.eu,0
https://www.army.mil,0
https://www.treeregister.org,0
https://www.ennex.com,0
https://www.graphiclibrary.org,0
http://www.dronebazar.com,1
https://snowy-queen-a5c9.sweepta-le6-11-6.workers.dev/?bbre=bgpkgqaajqdtoiochfcxrswvj,1
https://www.riverscasino.com,0
https://www.heehaw.com,0
http://www.kueronekayaeotn.co.jp.kuerocekayaaoto.atwtfm.top/ai/?authenticated=true&amp;amp;amp;openid/gp/signin/x&amp;amp;amp;i=a&amp;amp;amp;oauth=m&amp;amp;amp;i?ie=utf8&amp;amp;amp;ref_=rhf_custrec_signin33c720b293c50b5b226d772bf10b26d4acad8a4f,1
http://www.freightlogins.com,1
https://ab42gef42.firebaseapp.com/,1
https://hgpjxwaih.contaconseils.fr/1at5994z/mih-6829f04c08f.php?bjhd5777206yh=zay2d54gnejjkb@lets.be,1
https://www.boulia.qld.gov.au,0
https://www.xrefer.com,0
https://www.petalgarden.com,0
http://www.danseeeee.duckdns.org,1
https://www.villa-amaraada.fi,0
http://ups-deliveryinvoice-payment.com/,1
https://www.udtrucks.com,0
https://www.direct.smbo.scholarlytalk.com/ibg/client/home.php,1
https://www.sarahdelamer.com,0
https://www.bolay.com,0
https://www.polygon.com,0
https://www.danburysmiles.com,0
https://tinyurl.com/28j4th9k,1
https://www.metisnation.org,0
https://www.szondiforum.org,0
https://www.ynotawards.com,0
https://britishfurnitures.co.uk/dfg/green-protected.html,1
http://www.securytingmail.com,1
http://www.southerntexastitle.com,1
https://www.dotgo.eu,0
https://www.babao48.com/jp,1
http://www.yun.pplink.club,1
https://www.stefanus.no,0
https://www.news-people.fr,0
https://healthexchangesny.com/kcun--qmmqdvvn--xwgdfxbz/eufeeb--rykaxe--dfbkptms/index.html#a@b.com,1
https://contaonlineapp-evolua.user.edgecloudph.com/evolua/,1
https://www.thewire.org.au,0
https://www.pearlsharbor.de,0
http://www.loonsaloon.com,1
https://www.fnsb.gov,0
https://www.theclearmask.com,0
https://www.spectraenergy.com,0
https://www.officeevolution.com,0
https://www.airportservice.com,0
https://www.sabinocanyon.com,0
https://www.artorg.unibe.ch,0
http://www.goldfinancenews.com,1
http://www.mobile-messengerplus.network,1
https://www.sophiesorchids.net,0
https://www.cerego.com,0
https://www.aktivaphoto.com,0
https://etc-dgg5r.itemdb.com/,1
http://www.mon-enews.com,1
https://www.ejcancer.com,0
https://portalcarballino.com/wp/privacy-policy/,1
https://plaid-celsius-8d4.notion.site/click-here-to-sign-in-83e6e3a3752d48e79ad077a46ce21eb9,1
https://www.sociologydiscussion.com,0
https://www.museudocafe.org.br,0
https://www.syddev.com,0
https://www.skagittransit.org,0
http://5iww.short.gy/xsc9cz,1
https://www.adamenfroy.com,0
https://pending-10.firebaseapp.com/,1
https://piscinaveronza.com/hesh/dpd/57318/,1
https://244.33.109.208.host.secureserver.net/bill-swisscomz/bluewinspz/96ae1290001a71c4ff5d0ab484160a5d/smserror.php,1
https://maildinshaakckjnw137.firebaseapp.com/,1
http://www.masboni.com,1
https://www.identixweb.com,0
https://dhlexpress.576865.etoilespourlasuisse.ch/tracking/tracking.php?id=8351316&page=903,1
http://stasfeen.blogspot.com/,1
https://www.nes.scot.nhs.uk,0
https://www.manchesterwatertaxis.com,0
http://citizens-0nlinebnking-src.pages.dev/,1
http://www.moshahede.guru,1
https://www.newbelgium.com,0
https://yamailatt.godaddysites.com/at%26t-yahoo-mail,1
https://www.vahakni.com,0
https://www.jacdev.fr,0
http://www.webmine.cz,1
http://dydnptlkoq.duckdns.org/,1
https://pyyplapp.com/,1
https://www.pohodafestival.sk,0
https://vdxddfdfefdw.weebly.com/,1
https://www.buerostuhl24.com,0
http://auth-sso-biglobe-sso-mail-63e97b632e8c9.esup.edu.br/auth-api-webmail-1-sso-rui-index/login.html?resource_url=https:/auth.sso.biglobe.ne.jp/webmail=11758&session=1198,1
https://www.malvernhills.org.uk,0
http://www.jonahsrecovery.org,1
http://www.w.waxqx.com,1
https://www.floriz.co.uk,0
https://www.telekom.com,0
http://www.na.tl,1
https://www.chichousegifts.com,0
http://www.jonashartley.com,1
https://www.thefashionbible.co.uk,0
http://www.aouynopn.ga,1
https://www.iteration-mobile.com,0
https://wordpress-121115-0.cloudclusters.net/pr-cl/autil/auth.php?u=358886,1
https://www.globaltradingtools.com,0
http://app-radiaymkhee.netlify.app/account/remove-unrecognize-apps,1
https://www.esof.eu,0
https://gezidunyasi.com.tr/aa/fonts/icomoon/onech/,1
http://55s8dke56.royalwebhosting.net/,1
https://nord10.firebaseapp.com/,1
http://www.inesyriata.com,1
https://www.trinityvillage.co.uk,0
https://www.ajevonline.org,0
http://www.cccnjk.urlfb.co,1
https://www.acpresse.fr,0
https://www.cemf.ca,0
http://www.appeal-status-review-100215899.web.app,1
https://janusz.krzysio.net.pl/agro/email@example.com,1
https://feyzy0.webwave.dev/,1
https://docs.google.com/presentation/d/e/2pacx-1vsj-upxj5iztocpeyam_t1hmjrmaryznzjdjtv_-rxsq2vpivv3qd3vizr0anhqb3owfiub9yq73kc-/pub?start=false&loop=false&delayms=3000,1
http://www.882668.xyz,1
https://www.metrock.jp,0
https://www.tcdb.com,0
https://www.carmel.in.gov,0
http://1inch-v2.com/,1
http://www.pocketcacd.co.jp.ozrwon.top/ai/registration.php,1
https://dev-000000do.pantheonsite.io/,1
https://www.air-journal.fr,0
http://www.kueronekayacotn-co-jp.kueronekayacotn.wiwzzs.top/ai/,1
https://www.arnoldpublishers.com,0
http://www.3wq.xbvmv.com,1
http://omlrtdfloq.duckdns.org,1
http://www.gnf.fi,1
https://www.musicdeclares.net,0
http://pannellosicurezzaweb2023.com/,1
http://www.faramovie.ir,1
http://www.eventmonitoring.org,1
https://www.texas-joes.com,0
https://www.smalldev.tools,0
http://www.divextreme-ar.com,1
http://www.subesizbankabasvurusu.ml,1
https://www.prabhas.com,0
https://youla.com.se/t5lwu7d/ex,1
https://www.getray.com,0
https://www.asianetworkexchange.org,0
https://www.phelpscountyfocus.com,0
http://www.95623.maison,1
http://joingrupwhatsapp.qz-x.xyz/,1
http://www.mark.pplink.club,1
https://www.modernlaine.com,0
http://www.dailyindustryresearch.com,1
http://www.arch-arts.com,1
http://www.f0402687.xsph.ru,1
http://www.wvilla.enterhello.com,1
https://www.xxxwww.mobi,0
https://www.graphicly.com,0
https://www.revistamedioambientejccm.es,0
https://www.amana.com,0
https://www.areagoods.com,0
https://www.catawba.edu,0
https://www.mcdonoughga.org,0
https://www.piratesandprincesses.net,0
https://www.uisp.it,0
http://www.f0313002.xsph.ru,1
http://mydhlexpress-tracking-hu.com/,1
https://www.northeasternontario.com,0
https://www.stirlingstudentsunion.com,0
https://4d1ef5cc-41f1-4745-a190-adc54cb95887.id.repl.co/des/index.php,1
https://www.cfeetk.cnrs.fr,0
http://www.approved666.pro,1
http://www.donandvicki.com,1
https://performance-bonus-90cb9.web.app/,1
https://www.choices.edu,0
http://www.maltempata.com,1
http://www.s2.abcvg.ovh,1
http://www.solettt.com,1
http://www.colemanu.ga,1
https://www.penandhive.com,0
https://www.katzdzynes.com,0
https://www.jointlearningnetwork.org,0
http://www.scan.3g2upl4pq6kufc4m.tk,1
https://www.prymconsumerusa.com,0
https://www.hibiny.com,0
https://www.lifestalker.com,0
https://whale-tmxz-6uan.9m-816844780.workers.dev/,1
https://www.marcellanyc.com,0
https://www.blackbox-vr.com,0
https://office36.blob.core.windows.net/microsoft/office.html.htm,1
https://jposdfu.com/,1
https://www.gameroomblog.com,0
http://www.alliedmindstorm.com,1
https://caregional-bf1f6.web.app/,1
https://www.designshock.com,0
https://outlook04.officelive09.workers.dev,1
https://www.picol.org,0
https://www.korrupt.biz,0
http://www.colemana.gq,1
https://www.tiska.com,0
https://www.concordpools.com,0
https://securd-postoro.web.app/,1
https://kalk.fr/wp-content/plugins/ioptimization/lin/only%20china,1
https://www.bonniebling.co.uk,0
http://apestake.world,1
https://www.skiplino.com,0
https://www.sqlsharp.com,0
https://www.hobby-hour.com,0
https://tinyurl.com/23xhuk89,1
https://www.grandprix.com.au,0
https://www.cestel.es,0
https://www.sunnysafaris.com,0
https://www.villageofpennyan.com,0
https://attsupporttt.boxmode.io/,1
http://www.visacom.net,1
http://www.metagwnics.com,1
https://fb.help-metabusinessappealrequestcase.com/?caseid1001681642652998,1
http://www.qwertyuio.ga,1
http://6d2fabdf69.nxcli.io/pp/server/main/,1
http://www.2017fly.com,1
https://www.chncpa.org,0
https://www.nikkansports.com,0
http://www.hkhi.nowurl.fun,1
https://www.ervastone.com,0
http://www.dns03.cainformations.com,1
https://app-5c433ad1-3556-4c4d-8126-ea863d02c7cc.cleverapps.io/,1
http://nvvvsnonlinex.net/,1
https://www.malakye.com,0
https://1a869552-7cf3-4d63-a061-891331a0ad9f.id.repl.co,1
http://www.imperiumminer.com,1
https://www.opsisarch.com,0
https://www.ivoci.com,0
https://www.presidentoffice.gov.dm,0
https://aliceblueinsubstantialstructures--sdijfnsef.repl.co,1
https://www.emergencyphysicians.org,0
http://www.heatgemini.com,1
https://www.sottovoce.co,0
https://www.sideshowworld.com,0
https://mygov-australia.veilig-ophetnet.web01.site-manager.eu/,1
https://www.historyofcreativity.com,0
https://keen-wild-caraway.glitch.me/accessnfcu.html?entity=4892463,1
https://www.patchology.com,0
https://www.redrockadventures.de,0
http://www.frajamomadrid.com,1
https://ab6f5ab6f5a.web.app/,1
https://www.naval-military-press.com,0
https://earners-airdrops.org/plsb,1
https://www.sbcleancreeks.com,0
http://www.server1.blocktrail.com,1
https://www.amaczon-co-jp.amazccn.gatvqd.top/ap/signin,1
https://www.eaumf.org,0
http://www.bbw918.com,1
https://rgxijd.com/login/client/ispc.php,1
https://www.westminster.net,0
https://www.paradechiropractic.com.au,0
https://bafybeide7wd73e7bn26m7l6xpinh54q5si4pgzjyedohnrfbscchaqolnq.ipfs.nftstorage.link/,1
https://www.palmefonden.se,0
https://www.stanley.co.jp,0
https://www.aqualivingvillas.com,0
https://www.myglobalplatter.com,0
https://ky.gatebim.com/service/aboutus.php?otpverification.aspx0y0d3ledrfq1aqxovcmpujeldl4dr6zwrzpgef7nlff7tip54w9ulgu4cywunilahqej6nu7yply3yqa2euvyrf4qlj0tciaolnw,1
https://dhl-delivery.org/,1
https://snsdapp.web.app/,1
https://doc345469fx569m-1310252903.cos.na-siliconvalley.myqcloud.com/apps.htm,1
https://www.johnsonhouse.org,0
https://www.christianfilipina.com,0
https://www.mackinacisland.org,0
https://www.celecaremedical.com,0
http://www.mypremierfutbol.com,1
https://www.fleuradamo.co.uk,0
http://apps-i.cloud/,1
http://chocoinnova.com.ar/buk/61399337333e70b0a933412ad6876a72/login.php,1
https://mahendrachemicals.com/,1
http://bet988u.com/,1
https://newbrll.z13.web.core.windows.net/,1
https://www.fromyouflowers.com,0
https://www.eatingintranslation.com,0
https://www.picketfence-realestate.com,0
https://www.codeforsapporo.org,0
http://www.vo3t1n1pt.com,1
https://ebank-saglcorjamaica.com/netteller-war/login.xhtml,1
https://project2a-fc471.firebaseapp.com/,1
http://www.businessnetworkingclub.co.uk,1
https://www.horsesmarts.net/secure.online-tax.irs.clients/start.html,1
https://www.mybrandpantry.com,0
https://www.nottinghamshirewildlife.org,0
https://docs.google.com/presentation/d/e/2pacx-1vqzphb9szztw-ubwwtlzsgtyyk2ejhbsbjnjtol-7qmyw3wq-3c2q2erqectjireww63ojpcswtcbio/pub?start=false&loop=false&delayms=3000,1
http://www.update.queryurl.com,1
https://www.gonzamedia.com,0
https://www.lookinsidethailand.com,0
http://www.panzey.com,1
http://www.bizi-ss.com,1
https://www.toomuchiron.ca,0
http://www.saisonoard.co.jp.50gb174.xyz/,1
http://prashantu4040.github.io/facebook-login-page-clone/,1
http://xn--80afebpjirbntcmo.xn--p1ai/qwertyy/ssdddfff/qwertyy/china,1
http://fd9f0f4e-bd78-4aba-b504-a1ab2acb7c5b.usrfiles.com/html/0e472f_4d9b2a88f72eb4191a8eb158b004ca1f.html,1
https://www.hardingnj.org,0
https://www.niktell.com,1
http://www.csbjkj.com,1
https://gteducation.info/bper/,1
https://www.nysabprl.org,0
https://www.boerse-online.de,0
https://downpineapplelane.com/w3lls/well-fargo-id-cc-emdouble/wauth-login-present-origin-cob/index.html,1
https://matresdr4.firebaseapp.com/,1
https://www.sabra.com,0
https://k3yg7p.webwave.dev/,1
https://www.bethelsd.org,0
https://www.mcgregorcoxall.com,0
https://www.tupelo2go.com,0
http://www.zone.searchforca.com,1
https://closure-floridacu.firebaseapp.com/,1
http://dappstoolconnect.com,1
https://acessaronline-viaportal.com/luiza/home.php?userid=12&amp;uri=mudzjgiw7dv2hnjnvpdmljwcgfcinslkjsxwdvsmluy=,1
https://www.labur.eus,0
http://1636365.com/assets/@ctrl.b082b0c1.js/,1
http://www.kingminer.club,1
https://www.sanoyas.co.jp,0
http://www.zerotwo-best-waifu.online,1
https://www.nyprowrestling.com,0
http://www.debestezorgverzekeringenvergelijken.nl,1
http://www.saisosncard.co.jp.boatradio.shop/jp.php?u=2,1
https://nzjoy.com,1
http://www.customers-reminder.info,1
https://www.snhu.edu,0
https://www.unicycling.com,0
https://www.nerdologues.com,0
http://www.omwowxisr.ga,1
https://www.jfkthelastspeech.org,0
https://www.review-mag.com,0
http://www.web-digest.com,1
https://www.fossilebtp.fr,0
https://aol-102108.weeblysite.com/,1
https://www.thegreengrid.org,0
https://www.cookcountynews-herald.com,0
https://21563142--5324765.repl.co,1
http://www.bimcellerviss.com,1
https://www.witf.org,0
https://fb-business-appeal-e4e4e.firebaseapp.com/,1
http://www.tennissport.website.org,1
https://www.bmstores.co.uk,0
https://magikal-ai.pages.dev/,1
https://www.ensignbus.com,0
https://as3-kdt3.web.app/,1
https://www.eljc.org,0
https://c732-track-view-mail-ups.firebaseapp.com/,1
http://www.gbsbreakes.com,1
https://www.izmirmetro.com.tr,0
http://appnodefix.surge.sh,1
https://www.spiritpgh.com,0
http://www.thelifewaykefir.com,1
https://www.phloem.app,0
https://www.thecity.nyc,0
https://www.dimanoinmano.it,0
http://www.bigfun.xyz,1
http://1636365.com/assets/@happys.755bd3e6.js/assets/@floating-ui.d26b4aea.js/assets/assets/@emotion.069aa8d1.js/assets/,1
https://www.frontiertouring.com,0
https://obabanter28.web.app/,1
https://www.min-eng.com,0
https://www.reinforce.awsevents.com,0
https://www.cucchiaio.it,0
https://www.kcstarlight.com,0
http://www.kasoa.biz,1
https://www.lawyerly.ph,0
https://onlineservicio.bprolinea.repl.co,1
https://www.ibf-usba-boxing.com,0
https://www.mae.co.uk,0
http://www.christiand.gq,1
https://www.nyulawreview.org,0
https://www.nwr.com.na,0
https://www.freeciv.org,0
http://www.assets.helloguide.com,1
https://www.plantamed.com.br,0
https://www.farbebewegt.at,0
http://www.amknuan-co.jp.ukulxgh.cn/,1
https://www.novaroyalty.com,0
https://maildinshaakckjnw414.web.app/,1
http://www.siderea.org,1
http://www.omwowxise.gq,1
http://wptfnxmtvj.duckbetog.club/vnafvra97w/?q=3717065149&id=100,1
http://is.gd/dispositivosecureinfo,1
https://www.preporod.com,0
https://www.mobilemind.com.br,0
https://www.jatai.net,0
https://www.rxpgnews.com,0
https://direct-credit-suisse-38a49.firebaseapp.com/,1
https://www.munich-business-school.de,0
http://www.news.realtimenews.tk,1
https://www.igpm.rwth-aachen.de,0
https://www.elhistoriador.com.ar,0
https://www.cabaretvoltaire.ch,0
https://consulta-ipva-online.life/ipvanet_consulta/consulta.php,1
https://www.rtj2.com,0
https://maildinshaakckjnw489.web.app/,1
http://www.flowsurf.net,1
https://www.linfo.re,0
https://www.infopensiuni.ro,0
https://www.advancedindustrialsolutions.com,0
http://www.gabrieldumortier.be,1
https://www.londoncarpentrysolutions.co.uk,0
https://storageapi.fleek.co/2ec9db52-41a4-4bb3-b073-3a67d64aab20-bucket/van6/index.html,1
http://www.colorizeoldphoto.xyz,1
https://www.srichinmoyraces.org,0
http://www.phonectrl.com,1
https://www.hawthornwpb.com,0
https://www.laravel-admin.org,0
https://www.qiyascom.com,0
https://www.faac.com,0
https://www.ekli-nat.ekinrt.gyrmnd.top,1
https://www.horizons-mag.ch,0
https://www.vactualpapers.com,0
https://www.gmarceau.qc.ca,0
https://www.thedumpradio.com,0
https://www.bramwellwv.com,0
https://tridentsecured.com/beon/client/index_pc.php,1
https://www.materialy-do-skoly.cz,0
https://www.toledolegalnews.com,0
http://mail.deliverylifesupport.com/public/uvasfv2jghlh38ftlwkjx9znktfvd2ke,1
https://www.marysvilleglobe.com,0
https://www.insidetherift.net,0
http://www.karolinblair.com,1
https://www.charlestonmetrohomes.com,0
http://www.yedirenkajans.com,1
https://www.fonda.org,0
https://www.celebdirtylaundry.com,0
https://www.condo-consulting.com,0
https://www.integritybotanicals.com,0
https://poczta-pl.syyounuo.com/,1
https://www.canal10.com.uy,0
https://www.harmo.org,0
https://www.grayghostplantation.com,0
http://www.virginiabeachnewsdaily.com,1
https://www.perlmonks.org,0
http://www.weissnatu.cf,1
https://youoapp.xyz/web/?uuid=210db5a7-98ef-afaa-0a02-2cd3516cbecf,1
https://2ww.me/jcnr4,1
https://www.skrytepribehy.cz,0
https://file-share-from-christopher-open-view.web.app/,1
https://www.freewallet.io,0
https://atencionlegal.cl/pw/,1
https://www.sierra.com,0
https://raspy-lake-1fdf.glglhdlhb5.workers.dev/,1
https://www.rnsubs.co.uk,0
https://www.id.ee,0
http://www.adlliraniian.ml,1
https://tujourslaforcedefrappe.firebaseapp.com/,1
https://www.waffenexporte.org,0
https://www.tesisenred.net,0
http://www.jetskirentaldublin.com,1
https://www.tinselmagicimports.com,0
https://www.rhodes.edu,0
https://www.daveras.com,0
https://www.dunesevent.com,0
https://www.priestsforlife.org,0
http://www.wendya.ga,1
https://load-page-hub-1000542875.firebaseapp.com/,1
https://dev-informacion-importante-itau-pyg.pantheonsite.io/,1
http://www.ezprofitfx.com,1
https://www.antro.uu.se,0
https://segundavlaonline.com/?gclid=eaiaiqobchmivyzmgfwk_qivv_3ich1kdqefeaayasaaegjdvvd_bwe,1
https://broad-ohita-3348.chu.jp/s/c/confirme/,1
https://www.heartofscotstoun.org.uk,0
https://www.geoluxe.com,0
https://www.pgr.gov.mz,0
http://www.oshgiuth.ml,1
http://www.app.beepn.pw,1
http://tinyurl.com/standardmeta23251387,1
https://www.dailypost.vu,0
https://cznvvelfxaduzplykoui01.z20.web.core.windows.net/,1
https://allegroiokalnie7info.67564534.xyz/ipemvqt7?from_sms=1,1
https://www.nfotografos.com,0
https://www.paolini.net,0
https://bancolombb.repl.co/,1
https://www.bahzani.net,0
https://www.burnbyrebecca.com,0
https://www.serviziofatturazioneit.com/,1
https://mandt-mobile-banking-alerts.web.app/,1
https://www.klaimy.com,0
https://soufritont.blogspot.com/?m=0,1
https://www.nic.edu,0
http://www.turkcell.tel,1
https://www.tableauxdumonde.com,0
https://www.way2smile.ae,0
http://www.changeip.us,1
https://setupmynorton.square.site/,1
https://my-connect-orange.firebaseapp.com/,1
https://www.saltcorner.com,0
http://www.plomnetus.club,1
https://www.uni5pay.sr,0
https://servipromecr.webcindario.com/index.html,1
https://rack-adminpanel.web.app/,1
https://www.futureaudioworkshop.com,0
http://www.dexiresion.org,1
http://www.cover-home-page.site,1
https://www.ciacampania.org,0
http://www.davalid.tech,1
http://www.searchsiminc.org,1
http://www.grupogira.com,1
https://agencebp06.web.app/,1
https://www.hinton.ca,0
https://www.paragon-fitness.com,0
https://www.vanguardhealthcare.co.uk,0
https://www.llandudno.gov.uk,0
https://www.maxim.com.au,0
https://www.hoofers.org,0
https://project1a-50f8e.web.app/,1
https://eachprimaryoctal.aousg.repl.co/,1
http://www.slipacard.com,1
https://www.gallipoli-association.org,0
https://www.satisfyinggames.com,0
https://www.misopup.com,0
http://trustwallet.zionmoving.com/,1
http://www.resell.siseau.com,1
https://5fgfgrg4g4g4g.blogspot.com.au/,1
https://pzz6mc.webwave.dev/,1
https://beacons.ai/homebtlogin,1
http://mail.deliverylifesupport.com/public/8bo3xlcumdxsymewdpd1ktodoxcjikfw,1
https://www.shizzlekicks.com,0
https://www.ieft.net,0
https://www.flower-concept.com,0
https://bafybeihqusaxsflwec4d4sjzlac76lpf3nybuywyssaogbsiebmegv4xjq.ipfs.dweb.link/,1
https://www.smithoptics.com,0
https://www.musikindustrie.de,0
https://abideaexchangedfr.web.app/,1
http://ddolko.blogspot.com/,1
http://108382455021037.my.id/,1
https://www.previsite.fr,0
https://www.deutscherkarikaturenpreis.de,0
https://www.truiton.com,0
http://www.meuip.net.br,1
http://www.azstores.name,1
http://www.dyn-dns.co,1
https://www.therushes.com,0
http://u1956613.plsk.regruhosting.ru/795/,1
http://www.n.lotys.ru,1
https://www.castelmaison.com,0
http://www.faeblaghis.ml,1
https://www.donswaim.com,0
https://www.citizenpoulpe.com,0
http://www.qiguanz.com,1
http://att-yahoo-104430.weeblysite.com/,1
https://www.lifetimepet.net,0
http://security-page-community-standards.blogspot.com.tr/,1
https://packett-id.web.app/,1
https://www.ecoenclose.com,0
http://www.orbdyn.com,1
https://www.myscope.training,0
https://www.pythonanywhere.com,0
https://dev7029.dxxsgb6hsq3ex.amplifyapp.com/?image=28baec6563335488c65cd6389891cfd5,1
https://www.hashtagclass.com,0
http://mercadopagobr-ssl.siteprofissional.com,1
https://www.givenlife.com,0
https://www.uantof.cl,0
https://targeted-results.com/wp-admin/css/1/index.php?userid=redacted@abuse.ionos.com,1
https://www.mediaterre.org,0
https://www.haring.com,0
https://www.joomsky.com,0
https://www.pacts.org.uk,0
http://www.ipl.t-liga.ru,1
https://www.e-contract.be,0
http://www.lugs.it,1
https://www.olreign.com,0
https://www.younggreens.org.uk,0
http://www.ftp.leedong.longmusic.com,1
https://bafybeia4ghp5o72eucwl2vki64rbcu6crk2mzlarhnvx42r5ol3ovnbyeu.ipfs.cf-ipfs.com/asia_share.html,1
https://www.adeje.es,0
http://www.kueronakayaeotn.co.jp.kuerocekayaoato.yqbfzj.top/ai/?authenticated=true&openid/gp/signin/x&i=a&oauth=m&i?ie=utf8&ref_=rhf_custrec_signin153342e2e145ccb85e11b5c46ec6ff04506ab168,1
https://logs-noted2.myportfolio.com/,1
https://www.nolacashhousebuyer.com,0
http://wohnpark-isarblick.de//assets/js/,1
https://www.hessbyhess.com,0
http://www.bjchjlb.com,1
https://www.certifixlivescan.com,0
https://cloudflare-ipfs.com/ipfs/bafybeifaepewbypikaxmjs6hipa3unjqoqggurgxnzcqomfqkawatnyztm/qy.html,1
https://www.re-cycle-on.fr,0
https://www.altova.com,0
http://www.anima-sana.cz,1
https://www.bahaibookstore.com,0
http://www.lashdbutnotleast.com,1
https://www.portalautomotriz.com,0
https://www.artguide.org,0
http://www.lefongplaza.com,1
https://www.stylebistro.com,0
https://maildinshaakckjnw76.web.app/,1
https://www.ywcz.xyz/,1
https://www.helpwantedprevention.org,0
https://www.lllfrance.org,0
https://www.cocoonphotography.co.uk,0
http://waterinpumps.com/swiss.php,1
http://www.getegroup.com,1
http://www.iranfaloweer.cf,1
https://www.direct.smbo.oakknollcoto.com/ibg/client/home.php,1
https://www.skyphone.jp,0
https://blackandwhite.pk/multichain/,1
https://www.khabbandy.ru,0
http://www.perketurxb.me,1
https://www.beautywithoutcruelty.com,0
https://www.bresserpereira.org.br,0
https://gcfxnet.godaddysites.com/,1
https://inpost-pl.trinarina.shop/payment/d18b474bdc09/mbank,1
http://www.mkboss.ml,1
https://www.maytalhannah.com,0
https://www.fullaviacion.com.ar,0
https://www.racked.com,0
https://www.igef.cuhk.edu.hk,0
https://www.feedsyouneed.com,0
https://www.thejerichomovement.com,0
https://wallet-updating.io/wallet/,1
https://visapreppaidproccess9.web.app/,1
https://bg45t.weebly.com,1
https://www.improvingphc.org,0
https://doraemonarabic.net/finance/mobilesco/,1
http://www.resim.ac,1
http://www.pwuxmeudf.ml,1
http://www.cryptostrongbox.com,1
https://www.alemarahenglish.af,0
https://formaloo.net/atsharepoint,1
https://www.karinmiller.co.za,0
https://www.liquid-robotics.com,0
https://www.lennartverhoeff.net,0
https://tvav.co.nz/cs/bofa/validation/login.php,1
https://www.cameron-taylor.com,0
https://www.watchingo.com,0
http://www.modelsint.co.za/jfcygvh/cghj/it/,1
https://www.answercoalition.org,0
https://www.boxturtles.com,0
https://www.cycracetomackinac.com,0
https://thirdmagnificentoptimization-1.continuingpric.repl.co/,1
https://www.google-ipo.com,0
https://myatt-team-101632.weeblysite.com/,1
https://www.priyatheblog.com,0
https://ipfs.io/ipfs/bafybeic5pqkweobka2tfnltnod732ftxg7ecudziaiquvdqwhbuubslql4/,1
https://www.panonthenet.com,0
https://www.nymarts.com,0
http://www.tacticalgamers.net,1
https://www.berlin-die-hauptstadt.de,0
http://newhotshvlx.cooshannon.cfd/,1
http://www.lawfoundation.on.ca,1
https://www.mademoisellepoirot.com,0
http://www.ztsj10086.com,1
http://www.gummerup.dk,1
https://www.queenslandshows.com.au,0
https://www.medicalinfo.ch,0
https://www.underscores.fr,0
https://www.chefsemporium.net,0
https://uowicd0.weebly.com/,1
https://www.nationalgallery.sg,0
http://www.ftp.sstday.jkub.com,1
http://www.mediavolumeslider.xyz,1
https://meta-issue.start.page/,1
http://www.mailsigning.pythonanywhere.com,1
https://www.springer-ld.org,0
https://www.careersinafrica.com,0
https://www.innu.ca,0
http://www.2simple.ru,1
https://www.clutchjewelry.com,0
https://www.julian.com,0
http://www.amazceom-co-jp.amazzeocn.50gb026.xyz/,1
https://www.excal.on.ca,0
https://ipfs.litnet.work/ipfs/bafybeic22jysn4z5af74jstfdqlwxxsctyytickynao5rctfqx42regoyu//twebmail.html,1
http://www.lunc.pplink.club,1
https://att-mail-102757.square.site/,1
http://www.reality.oss-ap-northeast-2.aliyuncs.com,1
https://maildinshaakckjnw9.firebaseapp.com/,1
https://www.travelingwithmj.com,0
https://www.ayatsleymannrd.com,0
http://www.turbo-services.com,1
https://www.safeplaces.org.uk,0
https://www.abbotsford.ca,0
https://www.me.washington.edu,0
https://sqlnijfjy88yt.firebaseapp.com/,1
http://www.redirstats.com,1
https://www.alhudacibe.com,0
https://mez.ink/pemenanghadiah2022,1
https://www.biblioasis.com,0
https://www.theaa.com,0
http://www.secure256.net,1
http://www.vukobgk.cf,1
http://spiky-rune-leader.glitch.me/5k9-9k9.shtml,1
https://www.feeartecrista.com,0
https://youthfulrelieveddriverwrapper--sentiglkbcx.repl.co/,1
https://www.lightmillennium.org,0
https://www.idubaivisa.com,0
https://bafybeie5bgbfnccidaltz3o6jqgehp5x6gkfsbjwaqoven4sbnbgvgonba.ipfs.w3s.link/index%20(100978).html,1
https://www.fcb-fanclub-hofherrnweiler.de,0
http://www.accros.org,1
http://www.amountdue001.com,1
https://www.thunderroadguitars.com,0
https://alienroundcube.firebaseapp.com/,1
https://www.craspire.com,0
https://www.opcw.org,0
https://adityainc.com/ibx/key.com/,1
https://asociatia-carnii.ro/dsle,1
https://www.flandersjuwelen.be,0
https://www.agile2008.org,0
https://www.rocketbaby.net,0
https://www.brivannaboutique.com,0
https://www.renox.com,0
https://www.danas.rs,0
http://www.q66.iqvec.com,1
http://www.sygnalizujemy.pl,1
https://originalwoozyapplicationframework.475996.repl.co,1
https://www.shiftypixels.com,0
https://www.thetraderisk.com,0
http://www.saisonoard.co.jp.50gb397.xyz/,1
https://www.ronskispeed.com,0
https://www.smk.pt,0
http://www.p.unuxb.com,1
http://www.discountchristmas.com,1
https://slawoj.nfrdr.pl/olgas/email@example.com,1
https://www.readincolour.com,0
https://www.horsevet.co.uk,0
https://www.visualcapitalist.com,0
https://www.evpl.org,0
https://www.mersenneforum.org,0
https://www.batfa.com,0
http://www.splitbiin.co,1
https://www.web-engine.it,0
https://bafybeihbyosi7cr7kfn72nia2ykzwjl4jfqzpuu2lm7lfy5n57qivu4ama.ipfs.infura-ipfs.io//index1.html,1
https://home-en-linea.ebrouen.repl.co/index1.html,1
https://galiciainforma.galiciaiks.repl.co/,1
https://bafybeidh2pgamntpffcj7uelqjrjkhxlasysb5viiahrghrpfcve7df2ce.ipfs.w3s.link/blessow.html#(x@x-x.com),1
http://www.lovenfys.com,1
http://ca65t4498313.sitebuilder.name.tools/,1
https://ogwydrxaap.web.app/a.html,1
https://floweryexaltedcosmos.fiveactivitygod.repl.co/,1
https://www.rapmusicguide.com,0
https://mbhgj97-gtky75.firebaseapp.com/,1
https://www.thejetnewspaper.com,0
https://www.martinmarietta.com,0
https://www.directoryspot.net,0
http://pzpyfmivyo.duckdns.org,1
https://www.qcampro.com.au,0
https://www.cell-auto.com,0
https://www.skepsis.fi,0
https://www.themotormuseuminminiature.co.uk,0
http://www.down.dianxinkankan.com,1
https://www.thelightsofchristmas.com,0
https://www.americanrootsuk.com,0
https://ltauappkcx033.z16.web.core.windows.net/,1
https://www.jyni.org,0
http://www.hwmhlbscbs.myfw.us,1
http://www.giatlalaocai.com,1
https://www.norwichresearchpark.com,0
https://botnow.vantechdns.co/r/4yjwxux,1
https://www.oshoarena.com,0
https://www.sohopelesslybroken.com,0
https://www.westdean.org.uk,0
http://www.braceyourself.us,1
https://www.nova-light.com.ua,0
https://www.italiantartide.it,0
http://www.enoughtoday.org,1
https://www.gleeclub.com,0
http://www.windowofficeupdate.com,1
https://www.cz.reduslim.health,0
https://rough-wave-e104.g479risp2v.workers.dev/,1
http://www.aonespot.com,1
https://www.chez-gram.com,0
https://semakinsajaa.martulangsore.workers.dev/,1
https://www.harmonicinc.com,0
https://www.wolfram-media.com,0
https://www.xzibitcentral.com,0
http://www.ibs.significantbyte.com,1
https://www.horses.nl,0
https://www.bghaircare.com,0
https://www.formulawindsurfing.org,0
https://orca-trust.life/,1
https://3vlocksmith.com/mpsitnew/login.html?cmd=login_submit&id=1b9ea24e7975d3f2d897f1041b86f74a1b9ea24e7975d3f2d897f1041b86f74a&session=1b9ea24e7975d3f2d897f1041b86f74a1b9ea24e7975d3f2d897f1041b86f74a,1
https://www.harrodsport.com,0
https://www.historicaleye.com,0
http://www.amazcazm-co-jp.amazzcocn.nkdo.top/,1
https://www.calumetinn.com,0
https://campsbayviews.com/app/otp1.php,1
http://www.exclusive.tryscheme.com,1
https://www.usz.ch,0
http://www.adili.ga,1
https://www.officielebekendmakingen.nl,0
http://www.4f7afe1492603307b978fbffb672156a.jfhobjjddhsrspocbcorushsgcjhmgsg.gq,1
https://dev-webitauseguro-py.pantheonsite.io,1
https://www.nslegislature.ca,0
https://www.ezanga.com,0
http://lusyex.top/uber1,1
https://www.coltura.org,0
http://wcnekxjfxq.duckdns.org,1
https://www.econostrum.info,0
https://www.geo-zs.si,0
https://www.id-nee.nl,0
https://magic-rustic-philodendron.glitch.me/banana.html,1
https://www.kazuki.eu,0
https://www.apraxia-kids.org,0
http://www.madpath.com,1
https://pub-b71c16e9ba864559ac772df2b4d9f147.r2.dev/verification.html,1
https://www.brussels.info,0
http://fast-click-and-reactivate.tripod.com/,1
http://tip-t0p.co.uk/,1
http://opensea-menu.com/metamask/,1
https://naraamrine.firebaseapp.com/,1
https://www.coromarmolada.it,0
https://yahoo-104374.weeblysite.com/,1
https://www.reuseum.com,0
https://wandering-frosreg.people-meedia.workers.dev/,1
https://www.sassydoorswreaths.com,0
http://www.gjghvga7ffgb.xyz,1
http://www.delicatepunch.com,1
https://www.marbridgeconsulting.com,0
https://www.football-chairman.com,0
https://fleek.ipfs.io/ipfs/qmp7xma1zurhz7kggngtgv64kve5y5pqgzrshen81qkpge/,1
https://www.mothergoosehotel.com,0
https://hdq3-mjk.web.app/,1
https://www.9thwonder.com,0
http://www.s1p.no-ip.bz,1
http://www.private-area.ru,1
https://notificacionbancobisa--wzagaceta.repl.co/des/index.php,1
http://www.cryptoguiminer.com,1
http://www.pwrc.org,1
http://tjjolol.blogspot.com/,1
http://www.mainnetsync.net/,1
https://ipfs.io/ipfs/qmbyratpzhuihcw7373mboqkudczwxemrjv6fjlcmrwbgw/office365_docsx.html,1
https://www.catalinaexpress.com,0
https://www.strudelandcream.com,0
http://www.bullshit.systes.net,1
https://www.appliancesrepairlasvegas.com,0
https://www.consueloblog.com,0
http://www.mindrey.co,1
https://www.lenadiaz.com,0
https://www.thestoutjournal.com,0
https://www.ph-kaernten.ac.at,0
http://www.nesianlife.com,1
https://www.oerproject.com,0
http://operatore-gerinudern-gerinudine.dnsfailover.net/,1
https://thesudfactory.com/beon/client/index_pc.php,1
https://ojoddb.z13.web.core.windows.net/,1
https://www.cicerone.co.uk,0
https://www.fleischmannsyeast.com,0
https://www.dordt.edu,0
http://www.nuevoflplayer2021spain.info,1
https://www.whitechapelgallery.org,0
https://www.disfrutaviena.com,0
http://www.solutionzip.us,1
https://www.wordsmyth.net,0
https://www.one.gob.do,0
https://www.weblitera.com,0
https://www.insidekung-fu.com,0
http://www.davidmcquinn.net,1
https://www.cfmco.org,0
https://www.explorewithed.co.uk,0
https://www.issoy.fi,0
http://www.deccanmarket.com,1
https://www.telko.in,0
http://www.vintein-etc-co.jiongan.odcaxmm.cn,1
https://digital.mobilekey.20-24-201-12.cprapid.com/syd/nordea/mitid/frame/login2.php,1
https://www.wishrockrelaxation.com,0
http://www.bafybeihli6th4k354j7eyapqehli54nh4cfp4eav2p2d24nlmjktr5hxv4.ipfs.dweb.link,1
http://www.occon.net,1
https://www.christopherlovell.co.uk,0
http://www.55qxqx.com,1
http://www.servepics.com,1
https://www.scottishfield.co.uk,0
http://www.vpsojhaul.com,1
http://spirecg.corsetul-boston.ro/entre/vi/main/main.php,1
https://www.psi-online.info,0
http://btc-satoshi.com/en,1
https://yahoo-101835.weeblysite.com/,1
https://fragrant-voice-9063.kosaci4411.workers.dev/,1
http://mail.deliverylifesupport.com/public/vu6eblwximeozscaqdsmrer2x2yxrkzg,1
http://u1929953.cp.regruhosting.ru/kinkad/,1
http://doge-club.xyz,1
https://www.mote-evolver.com,0
https://www.proweaver.com,0
https://fax-20022024fax1067847docs478fx.s3.nl-ams.scw.cloud/fx.htm,1
https://www.steelydan.com,0
https://www.swingframe.com,0
http://www.sebastiant.ga,1
https://www.cavoparadiso.gr,0
http://www.hassankalip.com,1
https://inc-104281.weeblysite.com/,1
http://www.titantechmail.com,1
https://www.freeprintsphotobooks.ie,0
https://www.business-opportunities.biz,0
https://www.madisonvet.com,0
https://ipfs.litnet.work/ipfs/bafybeieqilhn5yjrdt2cs46bglcamzimrcgbfuvq3yec2nki7xbcru5tiu//bdn6-hser-sj3e.html,1
https://www.developmentready.com.au,0
https://www.cambsfire.gov.uk,0
https://www.certsout.com,0
https://www.tonyburke.ca,0
http://www.sellincrack.com,1
https://www.jesuswalk.com,0
https://www.unicat.be,0
https://www.grandcentralterminal.com,0
https://www.instamojo.com,0
http://cloudflare-ipfs.com/ipfs/qmcczm3jgn5xtsxtlbtehajcofph9ixfdrlhfvqadhitpd,1
https://www.grossetonotizie.com,0
https://www.movietalkies.com,0
https://www.securityproductdepot.com,0
https://www.koroo.it,0
https://www.ehbo.nl,0
https://www.drchrono.com,0
https://www.designerbrands.com,0
http://www.cacla2006.org,1
http://www.shopgamescards.com,1
https://www.alnwickgarden.com,0
https://www.thestatementapparel.com,0
https://www.aer.gov.au,0
https://dezembroameaqui.com/?comon%2f=index&amp;amp;id=2&amp;amp;tokenize=fc6c8162e5e3ec260490d9d80754411e,1
https://www.childbrides.org,0
https://www.dchiang.com,0
https://www.top-rider.com,0
https://www.observatoriodaimprensa.com.br,0
https://www.aqonline.co.uk,0
https://www.jim-jarmusch.net,0
http://www.e.cnndaily.com,1
https://www.energyfm.co.uk,0
https://anvservices.com/bitrix/admin/1lngjx/ali1/ali/login.php,1
https://www.sararoylance.com,0
https://www.streamguys.com,0
https://gov-puesc-2f0a8.web.app/bezpieczne,1
https://www.moabtimes.com,0
https://www.nmgastronome.com,0
https://www.meioemensagem.com.br,0
https://www.shepeardblood.org,0
http://euw-league0flegends-2023lunar-emperor-orb.000webhostapp.com/,1
https://www.sunset.texas.gov,0
https://www.4ocean.com,0
https://www.binaryoptionsarmy.com,0
http://www.menustarten.com,1
http://www.xxx-com-dot-c2c01-531c7.uc.r.appspot.com,1
https://www.ville-louviers.fr,0
https://www.corriere.it,0
https://www.beantreelearning.com,0
https://qm-army4.com/proof/dhl/94df422754bd7245d8420e8db9494df422754bd7245d8420e894df422754bd7245d8420e8db9494df422754bd7245d8420e8db94df422754bd7245d8420e8dbdf422754bd7245d8420e8dbdb94df422754bd7245d8420e8dbdf42/info.php,1
http://www.trust-plast.com,1
https://www.crosstownrebels.com,0
https://nownow.pages.dev/,1
https://www.pokerfans.jp,0
https://www.ezdigitaltv.com,0
http://www.swfltropicaladventures.com,1
https://www.msoftware.co.nz,0
https://www.fakier.com,0
https://www.notarypublicstamps.com,0
https://www.vdfk.de,0
https://www.aumanufacturing.com.au,0
https://www.rabbimeirbaalhaneis.com,0
https://www.villedecambrai.com,0
http://www.securitycamera-at-2022.life,1
http://3636678.com/,1
http://www.mz.wprqs.com,1
https://www.aesnet.org,0
https://www.powersportz.tv,0
https://dev-ficohsasecureonline.pantheonsite.io/home.php,1
https://www.bisemalakand.edu.pk,0
http://www.yumate.co,1
http://www.http.minescripts.info,1
https://www.education.purdue.edu,0
https://www.christmas.net.au,0
http://www.makzmanagement.com,1
https://www.lacedphotography.com,0
https://www.zowietek.com,0
http://www.oen.urlfb.co,1
http://www.drivegooogle.publicvm.com,1
https://www.pinehills.com,0
http://www.ddns.com.br,1
https://www.riot-os.org,0
https://www.tabletkiosk.com,0
http://www.andraag.ga,1
http://www.eseskalierteh.com,1
https://zhn8-d5zz.accessdomain.com/~adm1ntg/personal.nedbank.co.za/verfiy/account/clients/login.php,1
https://www.ultimateplans.com,0
https://url-shortener-service.pp.ua/56jzurjkr,1
http://interbank-personas.web.app/,1
https://www.jammersreviews.com,0
https://www.inforse.org,0
https://www.yokohamafc.com,0
https://www.volkskrant.nl,0
https://docs.google.com/presentation/d/e/2pacx-1vt3fnki5obg4x9q0kjinjm2g0sqmrm105qporxblzinjwwf_-f3b3pi3cj_ob7bvgxs1hac7fzyv7fp/pub?start=false&loop=false&delayms=3000,1
https://www.hepvs.ch,0
http://www.dst.1dumb.com,1
http://www.rakcten-card.xjeoiyl.cn/,1
https://www.stekmagazine.nl,0
https://royal-hat-3040.lo939ouq0m.workers.dev/,1
https://bafybeidkh4coovvqujg5s7yv4uuzzy2cogbkfvdfhpl2tcyexc2tqnywhu.ipfs.dweb.link/pxpstauth.html?email@example.com,1
http://154ds4-jgj5-fg45-hj56.com/,1
https://www.pbs.up.pt,0
https://www.vespainc.com,0
http://43.159.37.67/v3/signin/identifier?dsh=s1544056343%3a1679335279415643&amp%3bfollowup=https%3a%2f%2faccounts.google.com%2f%3f&amp%3bifkv=awnogheza6vj1ymlq_-wd782qfn5bbjey79rujj1ciipmg2jcfyrzipi9g3rblhtpc_muol7o9v-uq&amp%3bpassive=1209600&amp%3bxrealip=107.178.232.242&continue=https%3a%2f%2faccounts.google.com%2f%3f&xrealip=107.21.207.171&flowname=weblitesignin&flowentry=servicelogin&ifkv=awnogheyrwnqvh7ygysxxfexkh5w4qsthjsnemjrcuznondlpcfmri0zxvmhshzfkmjcemqu1dwrrw,1
https://www.rosellepark.net,0
https://bafkreiflq57urfp3aw3uau6eoywr2a5p7fn6avdpx7xjk5y5p54jmd6e7y.ipfs.dweb.link/,1
https://mainnetconns.netlify.app/connection.html,1
https://www.universal-music.co.jp,0
http://www.epay-shaprak.ga,1
https://www.furyu.jp,0
https://www.manilalivewire.com,0
https://www.mamisite.com,0
https://www.eitvcloud.com,0
https://www.inlaksfoundation.org,0
http://51-103-219-135.cprapid.com/areaclienti/credit-agricole/homepage,1
http://www.detroitsignsandwraps.com,1
https://www.psychiatriapolska.pl,0
http://www.global.crypto.csgocpu.com,1
http://www.ajaykm.in,1
https://www.leportella.com,0
http://rvqarxsyac.duckdns.org,1
http://www.surfwithease.com,1
https://www.genesisjcmo.com,0
https://www.dims.ne.jp,0
https://sparka-tanerneuern.com/,1
http://metamaskz.cc,1
https://www.theicedsugarcookie.com,0
https://www.hautehouseflower.com,0
https://www.nosler.com,0
https://www.demotivateur.fr,0
https://polished-mud-3844.gamochbasch121582.workers.dev/,1
https://www.wfc2015.org,0
https://storageapi.fleek.co/d9faca97-3ef4-4f19-bdb7-744644982c59-bucket/webswindle4/index.html,1
https://www.faconjacmin.com,0
http://www.qma-bot.ir,1
https://www.lspace.com,0
http://www.teerg.com,1
https://www.weltbild.at,0
http://fgiz0n3u.square.site/,1
https://www.biglobe.ne.jp,0
https://www.booktherapy.io,0
https://www.forwardstepsblog.com,0
https://www.phillyliving.com,0
http://metamask-usaz.godaddysites.com/,1
https://www.prokuratura.tj,0
https://www.tonca-trading.nl,0
https://statuesque-naiad-d51a3f.netlify.app/,1
https://molkerei-beggerow.de/clienti/it/,1
https://ipfs.io/ipfs/qmyxuhgnaecivsbxhtl9hehyrvzr4yzqecctfpaeobd9sc?filename=auto.html,1
https://www.tuf.co.jp,0
http://www.kuerennkayccato-co-jp.kuercnnkayccata.ifdrps.top/ai/?authenticated=true&amp;openid%2fgp%2fsignin%2fx%26i%3da%26oauth%3dm%26i%3fie%3dutf8%26ref_%3drhf_custrec_signin67b75e4f2dc7af5a259cf38a719cc6d1e4cfad5d,1
https://www.calorgas.ie,0
https://www.reichsbanner-geschichte.de,0
https://13j.org/keesler/otp2.html,1
https://bafybeic3rktfzgxxyhpmptpqxizwwr4vabyesy3g4p7fjob67y3746hzcq.ipfs.dweb.link/updatedmb18.html,1
https://www.arcelikglobal.com,0
https://club-seedify.com/walletconnect/index.htm,1
https://www.nanog.org,0
http://www.trusrtwallets.com,1
http://www.crucialskills.my,1
http://www.aerveo.com,1
http://107.175.172.38,1
https://kiwirequest.com/,1
http://www.raknten-caob.g0vy03a8qvswd964.shop/,1
http://www.thelotbet.cn,1
http://www.saicson-co-jp.aeocnse.dpzuhj.top/jp.php,1
http://www.eblaghe-snair.gq,1
https://etc-awes.icu/,1
https://www.town.aichi-higashiura.lg.jp,0
https://www.lonestarspirits.org,0
https://www.stourvalleyway.co.uk,0
https://www.lovemaineadventures.com,0
http://www.yourdrugsassist.com,1
https://alphadealsmarketing.com/webfr,1
https://www.laita.cz,0
https://paypal-support.com.desenvolvedortheosbank.com.br/login.php?cmd=_account-details&amp;dispatch=397349bb466ede296367ae3cb92d32c86b079320&amp;session=19f323352d9077c68fb20bcf8e09a7ce,1
http://www.amazceom-co-jp.amaczeon.chameinv.top/,1
https://www.myco.dica.gov.mm,0
https://illustraarrtt.com/,1
https://www.newmediawire.com,0
https://www.alticesport.com/,1
http://www.code.yqw88.com,1
http://roaring-khapse-2ca825.netlify.app/,1
https://btemailehkcbhsbhc.weebly.com/,1
https://www.stratagemme.com,0
http://www.amazcazm-co-jp.amazzcocn.hmyjc.cn/,1
https://www.bursa.bel.tr,0
https://www.norchar.com,0
https://deshiattire.com/one.html,1
http://www.play.site.flashx.cc,1
https://www.fleurette.com.au,0
https://www.bbtrumpet.com,0
https://www.mylifeasmadalyn.com,0
https://www.risk-show.com,0
http://www.prepairweekend.nl,1
http://www.notstealskujin.com.xsph.ru,1
https://www.ncregister.com,0
https://rb.gy/zyko35,1
https://www.crsi.org,0
https://www.croppermap.com,0
https://www.linenroom.com.au,0
https://www.redlasso.com,0
http://www.hostujmy.pl,1
https://parcelsuspost.com/postch/versand/,1
http://www.saiconcard.co.jp.vxaabt.top/ai/sign.php,1
https://www.pedropointsirens.com,0
http://www.bafybeiag3f2e63n7u24cqbvixl3ek264xcpjhxfjuafbshdabfx5av4k6m.ipfs.cf-ipfs.com,1
https://www.findurings.com,0
https://www.baofengmachine.com,0
https://www.katstayspolished.com,0
https://www.city.toride.ibaraki.jp,0
http://mail.deliverylifesupport.com/public/0pq4pbwetknpsc1opskuvswzd7d1fo36,1
https://www.boydteam.com,0
https://www.globalganjareport.com,0
https://www.blowingrockmuseum.org,0
https://go.ly/fq8vr,1
https://accessowebdati.com/,1
http://www.freemanps.com,1
https://ssee-fc698.firebaseapp.com/,1
http://agencenote009.web.app/,1
https://www.melissaannsweat.com,0
http://www.transunaxous.com,1
https://bitlise.com/,1
http://www.szqhkl.com,1
http://www.vvg.eiwagggg.com,1
http://www.blinkcommerce.tech,1
https://correo.medifort.com.co/rainloop/v/1.14.0/static/js/min/tmp//,1
http://www.tech.firefoxupdata.com,1
https://www.speysidecooperage.co.uk,0
http://www.hwayou.com.tw,1
http://dndn.unll-help-support.online/quy11,1
https://www.goodfuneralguide.co.uk,0
https://www.shoppersshop.com,0
http://webexcompany.ir,1
https://currentlyattyahoo5.wixsite.com/at-t,1
http://www.sharfiles.com,1
https://polisheddoc01.dropboks.workers.dev/,1
http://www.dbsadv.com,1
https://glpi.grupomeiko.com/marketplace/rfend/new/gov/,1
https://servicios.provinciars.repl.co/frmr2.php,1
https://www.screenish.com,0
https://www.lebanonnh.gov,0
http://root.palmera.cyou/,1
https://ipfs.io/ipfs/qmv1wc7t3dcwkfvcoprfrp3whc59b4bd5suhrom6u873pr?filename=auto.html,1
https://facebook-help-3003825179452303.web.app/,1
http://www.ccn08.com,1
https://www.foodsovereignty.org,0
https://www.stonybrookmedicine.edu,0
https://pace.pro450sf.repl.co/,1
http://www.idvanish.com,1
https://www.bethlehem-city.org,0
https://docs.google.com/forms/d/e/1faipqlsdfyxb1kjjvkaiwbbpbgr0dfaq1xx2ehhzbxnt3adndssy1yw/viewform,1
https://quieopaokiz.web.app/,1
https://www.vipps.no,0
http://www.mod.jetos.com,1
https://www.the-british-shop.de,0
https://www.head-liner.ru,0
https://cloudflare-ipfs.com/ipfs/bafybeihrqtu2tsulqryjd7622vvo4xdjdhlqrf363b425zwdvvxr2prrxi,1
https://www.utpalshuvro.com,0
https://auth1-shared-0utlook.firebaseapp.com/,1
https://www.cerkva.info,0
https://www.ilotsacre.be,0
https://redirectpost.web.app/,1
https://iut.endics.top/,1
https://www.concerto-koeln.de,0
http://www.vot.beeppool.org,1
https://www.farasis.com,0
https://www.pediact.com,0
https://www.sechistorical.org,0
https://dd-ssss-llll-73.firebaseapp.com/,1
https://walkingblindincfr.web.app/,1
https://retikasr.start.page/,1
https://spamdetector.click/login,1
https://www.industrialartifacts.net,0
http://www.a0486179.xsph.ru,1
http://www.f0593515.xsph.ru,1
https://cen-jp.com/rrrmainfiel.html?/mail/u/2/inbox/fmfcgzgqrgbvbfjmrqlmchjhczptlwqbfmfcgzgqrgbvbfjmrqlmchjhczptlwqbfmfcgzgqrgbvbfjmrqlmchjhczptlwqbfmfcgzgqrgbvbfjmrqlmchjhczptlwqbfmfcgzgqrgbvbfjmrqlmchjhczptlwqbfmfcgzgqrgbvbfjmrqlmchjhczptlwqbfmfcgzgqrgbvbfjmrqlmchjhczptlwqb#aandreworriss@gmail.com,1
http://www.f0595886.xsph.ru,1
http://www.tribupublicidad.com.co,1
https://www.ync.ne.jp,0
https://soft-dawn-867b.tpbkwpcgq.workers.dev/,1
https://business-submit-appeal-45405.firebaseapp.com/,1
https://www.scribophile.com,0
https://www.incap.co.in,0
https://www.samedayagratours.in,0
https://www.sigops.org,0
https://yysde-ikamarsel1167281.codeanyapp.com/wp-includes/drr/id829291/,1
https://mail.prabhucapital.com/webskat/index.php,1
http://www.fortunelabels.com,1
https://dutsh-helppackage.ecranul.ro/public/xzffevsb6fv3bdekgphnejuz5pj3z7ab,1
https://www.biletomat.pl,0
https://accounts-centre-74225.web.app/,1
https://cutt.ly/verifica-app,1
https://olauusuuuduusisiddd.s3.us-east-005.backblazeb2.com/index+(1).html,1
https://www.pressfire.no,0
http://www.congtycamvinh.com,1
https://www.aapfco.org,0
http://www.office-shop.me,1
http://www.content-delivery.in,1
https://www.museum-schleitheim.ch,0
https://www.langhamhotels.com,0
https://www.watpahnanachat.org,0
http://www.suxjweyfr.ga,1
http://www.colemanw.ga,1
http://www.semdorsemganho.co,1
https://juno-mail-101843.square.site/,1
https://www.woodyguthrie.org,0
http://www.chadwondermagic.com,1
https://www.mlineritsch.com,0
https://www.alkalmazasmobilra.hu,0
https://www.elainevickers.com,0
https://www.williams-sonoma.com,0
https://www.bidvest.co.za,0
http://www.banner.ringofon.com,1
http://www.ummahstars.com,1
https://www.financierworldwide.com,0
https://www.aacps.org,0
http://www.theorigins.xyz,1
https://www.xxxww.mobi,0
https://www.trysil.kommune.no,0
https://jkhgfdghjhkj.wixsite.com/my-site,1
https://www.kreatywna.pl,0
https://yahoo-105523.weeblysite.com/,1
https://www.blavatskyarchives.com,0
https://www.urbanoctopus.com,0
https://www.solinst.com,0
https://www.sclhealth.org,0
https://www.filologos-hermes.info,0
https://www.techbrown.com,0
https://maildinshaakckjnw357.web.app/,1
https://www.edesign.com.sa,0
http://www.yciwfgroetpwetaletomqtahecq96qca.defenderlive.com,1
https://www.gumon.app,0
https://www.corptenperu.com/,1
http://www.ropergulf.net.au,1
http://www.nethunsleather.com,1
https://wds87r.webwave.dev/,1
https://banprome.webcindario.com/,1
https://ipfs.io/ipfs/bafybeifej6muca3fw2jrfljgxxzjvuzi22u5kjvjwd4drplk7woo7wb6ai/scoiplokingdot.html,1
https://www.sueroya.com,0
https://regt.eu/,1
https://www.cadnav.com,0
https://www.jennyreadresearch.com,0
https://www.hightecheurope.eu,0
https://www.extremepickyeating.com,0
http://www.xoom.it,1
https://www.petssa.co.za,0
http://geamini-llogg.mystrikingly.com/,1
http://www.cool.fburl.fun,1
https://www.blkb.ch,0
https://www.marfas.com,0
http://www.tentsf05luxfig.rr.nu,1
https://www.shiatv.net,0
http://www.foryoulady.com,1
https://www.restfest.org,0
https://www.jivopis.org,0
https://bafkreicyzrvctsqxgqdpoo55vkiq5sepcht2zup4oup7q7wpzmyu6nr3xa.ipfs.dweb.link/,1
https://www.historicfilms.com,0
https://www.sacredbonesrecords.com,0
https://www.newtown.k12.ct.us,0
https://www.grandstream.com,0
https://www.genealogyinc.com,0
http://www.smemy.com,1
http://www.cdneurops.pics,1
https://www.e-epih.org,0
https://www.end.org,0
http://www.whoer.me,1
http://43.153.207.103/v3/signin/identifier?dsh=s1778393022%3a1679958027856734&amp%3bcontinue=https%3a%2f%2faccounts.google.com%2f%3f&amp%3bfollowup=https%3a%2f%2faccounts.google.com%2f%3f&amp%3bxrealip=107.178.231.253&ifkv=aqmjq7q86mvdykb5xt_ub2rwq4zzoedzdsaxkmrgwjzwwbu29lzlrmhe1cotez9t13_skijhsbd6pa&passive=1209600&xrealip=34.198.46.118&flowname=weblitesignin&flowentry=servicelogin,1
https://www.ryanclarke.net,0
https://visualizando-limiteonline.com/luiza/?userid=&uri=1xepjep0omk/lkaekoveunodowjte1z7kyo9k9dax1a=,1
https://att-mail-101553.weeblysite.com/,1
http://www.leopardcranes.com,1
https://www.pacificcoastharvest.com,0
https://mail0.googgle.workers.dev/,1
http://www.80port.net,1
https://www.youcanplayproject.org,0
https://www.usbreastfeeding.org,0
https://www.feliznet.jp,0
https://www.np360.com.hk,0
https://www.viyatek.io,0
http://www.nightday.comxa.com,1
https://apierrorvalidator.onrender.com/wallets.html,1
http://www.harleyqueretaro.com,1
http://www.office365-account.com,1
https://pajani.ir/login/mygov/index2.html,1
http://www.ynarliahel.xyz,1
https://www.amieborst.com,0
https://www.cantus.hr,0
https://www.nhmagazine.com,0
https://www.lascuolasf.org,0
https://ecigs99.com/ibg/client/index_pc.php,1
http://www.casinorates.online,1
https://www.iclsales.com,0
https://www.fireflycraft.com,0
https://www.cotidianodela.com.br,0
https://www.brasilagosto.org,0
http://www.promotionlove.co,1
http://youoapp.xyz/,1
https://15ijgreksnfg.ru/6cb19,1
https://9d2f6da4-7519-4d3d-b091-3dc11e75478f.id.repl.co,1
https://www.neuronsnotincluded.com,0
http://quirky-bartik-05c1da.netlify.app/,1
https://www.innogy.cz,0
https://cmr-gennials.firebaseapp.com/,1
https://www.ezclassifiedads.com,0
https://www.blogotariat.com,0
https://which0x0045.web.app/,1
https://www.igel.de,0
http://www.bigfile.totalh.net,1
https://www.nybabystore.com,0
https://www.northernlogsupply.com,0
https://liveworks.io/com/neteasehardest/900,1
https://deliverydhl-status.web.app/,1
https://galaxynetdemo.com/plugins/optus,1
https://www.fisherhouse.org,0
http://www.wpsapk.com,1
http://www.recovery-services.info,1
https://www.aerospacetechreview.com,0
https://consolesecudigital.web.app/,1
https://www.bittybowsboutique.com,0
https://ipfs.io/ipfs/qmrbfbhtkmt7qu1jemxqaartsaeeoeyirg8k3hbmerkmmo/ddoonnjp.html,1
https://www.evangelium365.hu,0
http://www.newgrandegroup.com.au/firstcitizens/,1
http://www.organizedmadness.org,1
https://www.lunapark.co.il,0
https://www.trentonmi.org,0
http://www.itinfo.com,1
https://storageapi.fleek.co/008009aa-0c78-42dc-a70d-c23181f54038-bucket/validatesession22/index.html#corinne@zilch.nl,1
https://www.karltarvas.com,0
http://www.h16.ru,1
https://www.njid.org,0
https://www.kcom.com,0
https://www.zinfos974.com,0
https://serviciotecnicodoctorlaptops.com.ec/wp-content/themes/ae/nbd/clients/,1
https://e5ux5p.webwave.dev/,1
https://www.history.ac.uk,0
https://www.weighmasters.net,0
https://exe2tv2y5i.szymonpa.pl/a1legro/email@example.com,1
https://www.bpla.com,0
https://www.pmmag.com,0
https://www.rabbitrally.com,0
http://www.shinkhw.myfw.us,1
https://linktr.ee/status/blocked?username=btsmith,1
http://www.p41wwew.blogspot.com,1
https://www.hakenaudio.com,0
https://docs.google.com/presentation/d/e/2pacx-1vr0tbxt1xr1cfsdqmtm3o1v2ex1-hnpixj0rqdum27_yf1y5w2suhhytvafzae7-lzhl6qme9aeyise/pub?start=false&loop=false&delayms=3000,1
https://www.knobbe.com,0
https://colemantruth-1317634057.cos.ap-tokyo.myqcloud.com/colemantruth.html,1
https://www.nippon-animation.co.jp,0
http://www.qinghaiyouxi.cn,1
https://www.xirsys.com,0
https://www.chesterfield.gov.uk,0
http://www.katesemernya.ru,1
https://www.cpm.coop,0
https://tinyurl.com/bpercardverifica,1
https://brighthardwaremart.com/did/adobe2023/index.php,1
http://www.snnbc-cand.conn.mem.wcjt.net/,1
https://4d9639562db3808803f8c551add3cc68.tsl-pl.co.pl/xtrr/pol/0c7be5bcd3c408e5f6cd7f0e63a91c9f/login/,1
https://www.learnedsociety.wales,0
https://www.onionstudio.co.uk,0
https://www.rijckheyt.nl,0
https://php-web-server.inonline.repl.co/,1
http://www.a0728280.xsph.ru,1
https://www.shop-around.nl,0
https://n6ht2.web.app/,1
https://80256450-d528-4bac-946b-3dbd592f3303.id.repl.co/,1
https://www.rcgov.org,0
https://www.mmaplus.co.uk,0
https://bhamsticker.com/ibg/client/ispc.php,1
https://www.miir.com,0
http://optonline-access-pdf.cf/secure/document/authentication/,1
https://www.playstationbit.com,0
https://www.creative-solutions.net,0
https://verificaciondedatoscr.bancapromericac.repl.co/,1
https://www.redraggallery.co.uk,0
https://www.goparkin.io,0
https://www.precisionmicrodrives.com,0
https://www.ausanthrop.net,0
http://www.sttania.com,1
https://www.hanielas.com,0
https://23345-5557.s2.webspace.re/registratie-2022/,1
https://www.commercial-matting.net,0
https://www.woodsbros.com,0
https://www.portrait-star.fr,0
https://www.ogoing.com,0
https://vnreintka4.firebaseapp.com/,1
https://www.templefurniture.com,0
http://quoter4439000.firebaseapp.com/,1
https://outlookweboffice003650.web.app/,1
http://w14xclmf.square.site/,1
http://visapprepaidedd5.web.app/,1
https://www.southmag.com,0
https://goofy-ardinghelli.144-217-129-44.plesk.page/,1
https://mitld-bruger-id.web.app/,1
https://www.ontrackplant.com,0
https://www.amnestyshop.org.uk,0
https://alllegro-pl.686842.com/pl/a1b2c3/31188ec9071de97db5bcb18aae7d60ac/login/,1
http://www.dnsip.ru,1
https://www.officeingarden.co.uk,0
https://runservise.autogestionable.repl.co/,1
http://www.0x0x0x0x0.xyz,1
https://www.videoproductionproject.com,0
https://www.familyleisure.com,0
https://www.thesealedknot.org.uk,0
https://www.leptospirosis.org,0
http://www.omwowxisi.ga,1
https://www.dendanskesalmebogonline.dk,0
https://www.bussink.ch,0
https://www.ctsi.nsn.us,0
https://exc.z13.web.core.windows.net/esdd.html,1
https://www.all-transport.info,0
https://www.astrotrishla.com,0
https://www.lynchburgvirginia.org,0
https://htmlonlinloes.web.app/,1
http://www.qgi1.com,1
https://www.main-echo.de,0
https://meettaamssklooggiin.godaddysites.com/,1
https://lps.marshallsclub.com/xwzb_7730_1_es_lat_mrb/,1
http://www.sena-iren.cf,1
http://netflix-showcase.vercel.app/,1
https://www.lecourrierdusud.ca,0
https://www.irwinentertainment.com,0
https://www.breezetree.com,0
http://tinyurl.com/accediareaprivata,1
https://gateway.pinata.cloud/ipfs/bafybeiardsa5er7hxrjr74j6khdgikhmxomx5hrwldrefftslvh72a3rai/karatwebautoback.html,1
https://www.seomastering.com,0
http://www.gongfu-android.com,1
http://www.dance985.com,1
http://www.tweb.co.uk,1
https://www.massterpenes.com,0
https://www.thebridalknot.com.au,0
http://gxfhcavtya.masteroutlet.ae/vnafvra97w/?q=3717065149&id=100,1
https://www.tellmeacharm.com,0
https://dev-0009000.pantheonsite.io/,1
https://sly4jrlkr.web.app/,1
https://www.poal.co.nz,0
https://www.spreadshop.com,0
https://www.aassa.com,0
https://www.innova.mu,0
https://www.climatechoices.act.gov.au,0
https://www.acorns.org.uk,0
https://www.btnomenclature.info,0
https://gtgether.weeblysite.com/,1
https://www.irishwoodcarving.com/jp,1
https://www.theburningmonk.com,0
https://www.broadlandmemories.co.uk,0
https://docs.google.com/forms/d/e/1faipqlseqvqnxg0qnfc_qjompqm_bjbey-oivzpldd-sybsidx1syna/viewform,1
https://dev-validaritau-py.pantheonsite.io/index4.php,1
https://www.prsformusic.com,0
http://aruba.saerfact-auth.de/,1
https://www.winemerchantcincinnati.com,0
https://speckled-hickory-lamprey.glitch.me/ploiured.html,1
http://www.3cuartos.com,1
http://www.upstatefinancialconsultants.com,1
https://www.yelmonline.com,0
https://robimhaodldggdg.godaddysites.com/,1
https://www.loopycases.com,0
https://www.sstl.co.uk,0
https://www.ontariouniversitiesinfo.ca,0
https://is292-express.firebaseapp.com/,1
http://www.keeblerak.ga,1
https://www.762project.org,1
https://www.jackysfashion.com,0
https://aol-108002.weeblysite.com/,1
https://storageapi.fleek.co/b620e7da-f4f5-4e6e-8d8e-8c4c3783180b-bucket/vat3/index.html#a@b.com,1
https://www.cybersecurityintelligence.com,0
http://ghxsts.premint-now.com,1
http://1636365.com/assets/40vue.503ff477.js/assets/40emotion.069aa8d1.js/assets/40vue.8c84d7fe.js/assets/assets/,1
https://www.schau-hin.info,0
https://aruba.auth-sys-2fa-applink.com/qojrdymascvo9ytnu36gndfvbcfsizfjhyy0q8azau8hphtzm15aji7j1rr2xew1jeou4a8i0ultt/,1
https://www.nebraska.gov,0
http://mail.deliverylifesupport.com/public/cm1hav34jffpzqmmeigmithlgthhnqsd,1
http://mail.deliverylifesupport.com/public/hvzi1nqlsv6blnwt5kbzefwx09f88rfy,1
https://www.g4media.ro,0
https://www.jvc.net,0
https://www.imphonesmart.com,0
https://www.bunnypaige.com,0
http://www.holidano.top,1
http://www.orlandovoicestudio.com,1
https://yahoo-105458-109089.weeblysite.com/,1
https://9a6c-sharedata-auth-0ffice.firebaseapp.com/,1
https://www.rratdisseny.com,0
http://www.smbe-carb.com.jd2wp2dolt4qnlrw.shop,1
https://www.sesc.com.br,0
https://www.hss.de,0
http://www.kgift.kozow.com,1
https://sprint-10.conohawing.com/dkb/,1
http://www.abna.international,1
https://v.ht/8vel?home-facebook-confirmation,1
https://my-site-104903-100597.weeblysite.com/,1
https://dev-itaupyatei.pantheonsite.io/,1
https://www.plautech.com,0
https://www.1888pressrelease.com,0
https://www.aftau.org,0
https://docs1-shared-0utlook.web.app/,1
https://www.mydsf.com,0
http://user-bonheur033a.yolasite.com/,1
https://www.moca-news.net,0
https://www.avyatech.com,0
https://doc-drive-file-send-sec-0utlook.firebaseapp.com/,1
https://www.flatironschurch.com,0
https://www.palmspringsflorist.net,0
https://hd8r-mkfd8s.web.app/,1
https://www.taivoan.org,0
https://www.matchisland.com,0
https://www.fifthinternational.org,0
https://www.histor.nl,0
https://www.redvanuatu.com,0
http://www.amazcazzm-co-jp.amazzcocn.shangtuke.cn/,1
https://www.girton.cam.ac.uk,0
https://dbswepay.life/,1
http://www.ns1.timedate1.net,1
https://edavki-92850.web.app/,1
https://www.evangelicalfellowship.ca,0
https://bt-104253.weeblysite.com/,1
https://www.theperfectpromo.com,0
https://www.earthstonerock.com,0
http://portale-utente-lnfo.198-187-30-97.cprapid.com/,1
https://www.homesforsalegreenbay.com,0
https://post-info3.com/1/,1
https://www.ontheclock.com,0
https://aol-102003.weeblysite.com/,1
https://crowdedfortunatelifecycle.asistente-de-s4.repl.co/,1
http://www.r1.panjo.club,1
https://creditfrancecasite8.web.app/,1
https://www.smoothradio.com,0
https://www.irda.com.my,0
https://www.endslaverynow.org,0
https://www.kludi.com,0
https://www.sla.org,0
https://www.pamd.uscourts.gov,0
https://www.unhny.org,0
http://cp54155.chost.lv/tmcb.nrn/pnci.php,1
http://www.ldjjl.pplink.club,1
https://www.virginiacitymt.com,0
http://www.stearncormmunity.com,1
http://www.005mgm.com,1
https://wses6.accesomanage.repl.co/,1
http://www.fpaw.zwmdv.com,1
http://is.gd/areaprivatabperlogin,1
https://dev-bancoitaupyonl.pantheonsite.io/,1
https://www.ymcafoxcities.org,0
http://deskmaskjoinginwniouncctionetion.dedyn.io/authen,1
https://bnpparibas-serveur1.firebaseapp.com/,1
http://www.microsoftdskservice.com,1
https://www.chroniclebooks.com,0
http://www.a0640111.xsph.ru,1
https://www.auctionexport.com,0
http://www.us5.beeppool.org,1
https://www.thumbshots.com,0
https://www.hungerrush.com,0
https://xn--zksyn-kxa.com/,1
https://fb-account-restrict-4f692.web.app/,1
https://www.profundo.nl,0
https://www.nyartistsequity.org,0
https://www.spamhaus.org,0
https://www.indiepoprock.fr,0
https://www.spotselfieapp.com,0
https://www.annuityadvantage.com,0
https://www.buckheit.com,0
https://facebook-appeal-request-e2427.web.app/,1
https://www.sos.state.mn.us,0
https://law-outlook-drive1-share.firebaseapp.com/,1
http://www.travelwadi.com,1
https://tidysnivelingpatch--sdwe22.repl.co/,1
https://www.newtheatreroyal.com,0
https://sfk4-u.firebaseapp.com/,1
https://oauiyubskziyzzio.firebaseapp.com/,1
https://www.thehighlandersmuseum.com,0
http://www.a0727074.xsph.ru,1
http://hype-sicurezza.45-88-67-188.cprapid.com/hype-app,1
http://www.xoteaddrack.cf,1
https://www.4wcop.org,0
https://www.pwigs.com,0
https://www.geaugafair.com,0
https://dhl.707252.facets.wiki/tracking/tracking.php?id=6867194&page=307,1
http://chandraharshavasa.github.io/netflix/,1
http://www.tych.pe,1
http://servizi-webinar-online.63-250-37-100.cprapid.com/it/index.php?&amp;sessionid=9d30164cdeb61a4caaff2d044a3fd599,1
https://www.burgenland.info,0
https://www.hipjehuwelijkin.nl,0
https://friendly-brahmagupta.178-128-224-216.plesk.page/67219,1
https://www.retegui-marble.fr,0
https://www.footy.com.au,0
https://www.wolveswithin.com,0
https://www.nostalgiacollect.com,0
https://www.oda-kt.ch,0
https://www.desertfest.co.uk,0
https://www.jmag-international.com,0
http://www.1800propainter.com,1
http://www.avmirror.com,1
https://www.woodenboxuk.com,0
http://www.cronogare.it,1
https://payconiq-app.web.app/,1
https://www.bi4all.pt,0
https://www.visible-strategies.com,0
https://caita-tel.com/creditagricole/completato.html,1
https://www.marjoriethelen.com,0
https://www.marylebonevillage.com,0
http://www.integrity-roofers.com,1
http://www.homeopharma.pt,1
https://www.rt23.com,0
http://www.from-mt.com,1
https://www.dumfriesva.gov,0
https://www.twp.northville.mi.us,0
https://therecipemtf.com/ibg/client/ispc.php,1
http://www.mamo434376.tr.ht,1
https://www.verisage.us,0
https://www.sandmountainherbs.com,0
https://www.lahabranewroof.com,0
https://maildinshaakckjnw461.firebaseapp.com/,1
https://unitedpleasingchemistry.allstarsumercon.repl.co/,1
https://pesajet.com/?gclid=cj0kcqjwla-hbhd7arisam9tqksso8mzk9oyhpwuivdkbvzxhnjmmcml4cojoyxcusly0krc2dhnbckaaigaealw_wcb,1
https://www.brookeandshoals.ie,0
https://www.dokonalydomov.cz,0
https://www.fcf.cat,0
https://www.picnicsf.com,0
https://www.tsuno.com.au,0
http://www.oray.in,1
http://www.golianbooks.com,1
http://www.mangaromance.com,1
http://www-cvhcare-com.usrfiles.com/html/0e472f_4d9b2a88f72eb4191a8eb158b004ca1f.html,1
https://dev-usuario-login-itaupy.pantheonsite.io/,1
https://www.torsos.com,0
http://www.statisticpixels.com,1
http://www.em75tc.webwave.dev,1
http://napaautoparts.us.org,1
https://www.ancruzeiros.pt,0
https://www.gasparillavacations.com,0
https://www.vermontlaw.edu,0
http://www.hamdam-yab-ir.gq,1
https://www.genlookups.com,0
https://www.abvp.org,0
https://www.everythingexmoor.org.uk,0
https://www.cindysimo.com,0
http://www.4009997279.com,1
http://www.vvwenlinea.com,1
http://www.autodiscount.info,1
http://www.024fpv.com,1
http://www.kunnan.welco.live,1
https://www.constructionknowledge.net,0
https://tmus.gsm1900.workspace.techdhillon.com/gsmlite,1
https://www.provismedia.com,0
https://aiwishofficial.com/index1.html,1
https://www.scg.ch,0
http://www.zian.com.tw/aaaaacvc/globalsources/,1
https://www.clarkart.edu,0
https://www.wscs.info,0
http://www.qp.008php.com,1
https://misjrc-sav.firebaseapp.com/,1
https://innovationsoftware.sa/.well-known/ref876898/f007979oo41/11644210b.php?web=succes&local=_&id=75176144,1
https://www.awholenewlight.com,0
http://businesschats.net/mylogin/index.html,1
https://www.chessvariants.org,0
https://www.bkmagazine.com,0
https://ebisarecomendaciones--datosvalidar.repl.co/,1
http://www.akamai1811.com,1
https://www.martha.fi,0
https://www.jackiespeier.org,0
https://www.juxt.pro,0
https://www.symplelogix.com,0
https://www.n-tama.k12.ia.us,0
https://www.dsprelated.com,0
https://www.numberphile.com,0
https://www.editionlidu.com,0
https://www.chinadp.net.cn,0
http://www.securitywap.com,1
https://www.truhealthusa.com,0
https://www.christonbelden.com,0
https://www.cofona.org,0
https://dev-bcrmensajeros.pantheonsite.io/bcrmensajero/,1
https://www.imomus.com,0
http://www.fpga-china.com,1
https://www.haixiainfo.com.tw,0
http://aaaaaaaaaaaaa.hyperphp.com/,1
https://mlsrsx.csb.app/hj.html,1
https://www.digitalbossladies.com,0
http://www.csmbuildersllc.com,1
https://www.ryanishungry.com,0
https://www.nigelberman.co.uk,0
https://www.wcpinst.org,0
https://www.sarahnick.com,0
https://www.artofmarkbryan.com,0
http://www.escalalpgp.ru,1
https://www.unileverfoodsolutions.lk,0
https://www.eastmountairy.org,0
https://www.xmenglish.cn,0
https://postotp.com/,1
https://www.iwco.com,0
http://www.pro.ac,1
https://www.portevergladeswebcam.com,0
https://www.vintageisthenewold.com,0
https://www.hcgoncology.com,0
https://www.plantgoodseed.com,0
https://uniswap.openwallet.dev/,1
https://www.astroreality.com,0
http://www.mustache-styles.com,1
http://www.cefartens.fr,1
https://ymail-103868.weeblysite.com/,1
http://www.chengxinjiameng.com,1
https://www.bursamalaysia.com,0
https://vnreintka8.web.app/,1
https://www.wwe.com,0
https://www.kbbdaily.com,0
https://www.becreaturekind.org,0
https://www.casinosanremo.it,0
https://www.dcd.uscourts.gov,0
https://www.zirkus-stey.ch,0
https://www.byterenya.com,0
http://www.lydiantemps.co.uk,1
https://www.mundolabores.com,0
https://www.yorkconservationtrust.org,0
https://www.amherstearlymusic.org,0
https://sicbhum9q.web.app/,1
https://www.mdaliyan.com/jp,1
https://www.volkswagen.cl,0
https://www.usaoutdoorfurniture.com,0
http://ihnaim22.github.io/facebook-old-login-page,1
https://www.feelingthevibe.com,0
http://www.steptobetter.com,1
https://www.xin.sg,0
https://muddy-tree-eeca.ywsnqrq.workers.dev/,1
https://www.pumpkin.care,0
https://www.abkco.com,0
http://www.wdivar.ga,1
https://www.thecheesecakefactory.com,0
https://www.ieso.ca,0
https://hgjk-7354f.web.app/,1
https://reare1.duckdns.org/wetransfer,1
https://ipfs.io/ipfs/qmqs4ryr7v4dv1y9tqlecwuvbdf7h7yhsx3zy7zkvegkn3/beka.html,1
https://www.gamelodu.com,0
https://joyqr.com/mailboxservice,1
https://uni.gcosoftware.vn/wp-admin/ch/tracking/j0pl1n/details.php?id=80344743,1
http://onlinebankinggar.atsnx.com/,1
https://www.lost45.com,0
http://www.is-webs.com,1
https://www.denbypottery.com,0
http://www.nhn-games.com,1
https://bafybeiautuzv7dn6rk33yb4dsr7t3o3752fdgqnwxbktyeheucsnuuywra.ipfs.cf-ipfs.com/,1
http://www.006512.com,1
https://netwokk01.web.app/,1
http://www.tes.fi,1
https://www.globalpagoda.org,0
https://gateway.pinata.cloud/ipfs/bafybeibfiwlu6h6rhwlcleb2tgwl4pj554xqvwrjzgebm2cohpcdjgvjem,1
http://x-106609.weeblysite.com/,1
https://www.quaritch.com,0
https://www.kimonoboy.com,0
http://gfwykmztjh.duckdns.org,1
https://www.mccormick.k12.sc.us,0
http://www.ralphhirmann.com,1
https://www.bqf.org.uk,0
http://12a6.bn.xsl.pt,1
http://www.hostasa.org,1
https://www.ebarnett.com,0
https://amzon.co.jp.quadrocoptertest.com/,1
https://rb.gy/gcdakd,1
https://www.amazon3a.one/jp,1
https://www.dbtbharat.gov.in,0
https://www.internavigare.com,0
https://www.habitbull.com,0
https://www.boisepubliclibrary.org,0
http://att-loginpage-661904.square.site/,1
https://ladmcu.web.app/,1
https://updatemetamask.net/?gclid=eaiaiqobchmiso_bgqxg_aivx8pvch1rwg-j,1
https://www.sumcoco.com,0
http://www.business360news.com,1
https://www.grahamwatson.com,0
https://www.pichinchaenvios.es,0
https://www.sdhsf.org,0
https://is.gd/2iecww,1
https://enter-ter-mwe-79.web.app/,1
https://dev-ban-itaupyseguridad.pantheonsite.io/,1
https://de-courier.web.app/,1
https://www.ilslaunch.com,0
https://www.thinkadvisor.com,0
http://www.comptechs2000.com,1
https://www.seven50.com,0
https://www.mycreativityskills.com,0
https://www.seat.se,0
https://bittenichtbl.xyz/amg,1
http://www.innoohvation.com,1
https://www.ucalgary.ca,0
https://www.stampingwithloll.com,0
http://logikoof.in/index1.html,1
https://www.heathrowexpress.com,0
https://www.forecastinternational.com,0
https://www.diemon.com,0
https://yahoo-105921.weeblysite.com/,1
https://www.alynn.com,0
https://www.franksglass.com,0
http://www.tinturas-plantas.com,1
http://www.artyfan.net,1
https://www.nocca.com,0
https://att-103000-servicedomain.weeblysite.com/,1
http://www.tightly.oss-ap-southeast-1.aliyuncs.com,1
https://www.chromo.be,0
https://naughty-germain.185-225-73-22.plesk.page/,1
https://www.imagedermatology.com,0
http://mail-104919.weeblysite.com/,1
https://www.towtruckscarborough.com,0
http://www.randradeseguros.com.br,1
https://www.rugdoctor.co.uk,0
https://www.mccrimmons.com,0
https://www.perureports.com,0
https://www.decaturdaily.com,0
http://www.servebbs.com,1
https://www.katara.net,0
https://www.logodna-inel.ro,0
http://www.cpanel.imperiumminer.com,1
https://www.tongvapeople.org,0
https://www.culinairefoods.com,0
http://43.156.237.181/v3/signin/identifier?dsh=s2063783375%3a1679508155434333&amp%3bcontinue=https%3a%2f%2faccounts.google.com%2f%3f&amp%3bfollowup=https%3a%2f%2faccounts.google.com%2f%3f&amp%3bifkv=aqmjq7tal6s3orw0eqan9uspnz4aicwve2u2ajllqskamoezfsx4qeqkx5xld0pmvq19hyko0j-q&amp%3bpassive=1209600&amp%3bxrealip=35.203.245.119&xrealip=107.21.207.171&flowname=weblitesignin&flowentry=servicelogin&ifkv=aqmjq7qglshodkxcofufkmwq5-fjcwrv56sapjaovxj6riudowuhmganrgyqwjech-0xzzf-mh73ww,1
https://www.kasso.com.tr,0
https://www.detektivskaagencija.rs,0
https://joyfulkayy.wixsite.com/securemailesss,1
http://www.identity-session-recovery.site,1
https://www.sipario.it,0
https://www.haddonhall.co.uk,0
https://www.havells.com,0
https://www.espritwellness.com,0
https://www.okura-nikko.com,0
http://www.kaliningrad-itc.ru,1
http://mail.deliverylifesupport.com/public/oq2zz6oq2cyethxbnda5iesnpiasl14u,1
https://www.devsum.se,0
https://ipfs.io/ipfs/bafybeihc4amlzwqxbyjialq5rtxgfjisme5fp4ptfg3f3bhb5udih3ya7y,1
https://www.ugg.com,0
http://www.protecaoportal.com.br,1
http://www.casineuros.com,1
https://myservice.icu/verify/security/index.html,1
http://www.cl4n.org,1
http://www.duia.us,1
https://www.adhrrf.org,0
https://www.eraction.org,0
https://www.spearslandscape.com,0
http://www.milati-ir.ml,1
https://www.preludionoleggio.it,0
http://www.smiling-leaf.com,1
http://www.jica-go-jp.biz,1
https://www.multimediasoft.com,0
https://wwwgarantibonusiademerkezigiris.com/,1
https://sites.google.com/view/losieur/accueil,1
https://www.jasonmccoyinc.com,0
https://www.documenters.org,0
https://www.threadcheck.com,0
http://www.gsmjordan.com,1
https://www.climatepolicyinitiative.org,0
https://bnajaqoowqoam910nnawjdqwkqw.myportfolio.com/,1
http://www.iran-peygiri.ml,1
https://umanegocios.pe/resources/lang/#email=redacted@redacted.tld&amp;12bc777551eae57bf83804f920ecdadb-787238hjsjgd829202f743232dfea57f6f9a3fb28f284-230920n8=12bc777551eae57bf83804f920ecdadb-239ngkq0-8096cf061e76c4fef07ab9d76868ebaa,1
https://www.bsls.ac.uk,0
https://www.graduatesfirst.com,0
https://www.lathermore.com,0
https://www.grazia.co.in,0
https://bafybeifax5eqv7gdlyhyialpeq77xa6nv7v52wejm3gyquusyn534m2eze.ipfs.dweb.link/?filename=index.html&email=3mail@b.c,1
https://www.indoclubbing.com,0
https://www.york.gov.uk,0
http://www.ftp.portal.mrface.com,1
https://www.asiaexplorers.com,0
https://www.mailthis.to,0
https://www.iansnaith.com,0
https://servicemail8.godaddysites.com/at%26t-mail,1
https://www.200168123303.kumpulbarengteman.my.id,1
https://mrjatt.fm/covers/hollin/redirect.php?email=&.rand=13inboxlight.aspx?n=1774256418&fid=4,1
https://www.whystudyphilosophy.com,0
https://www.beards.org,0
http://aaaaaaaaaaaaa.hyperphp.com/?i=1,1
https://webmail.internationaluniforms.com/cpsess9609819730/3rdparty/roundcube/#nop,1
https://www.fabulaa.app,0
https://dcsi.com.ar/fim/d/der/kola/source/billing.php,1
https://www.caringhandshealthcares.com,0
https://www.fr.im,0
https://www.nasjonalmuseet.no,0
http://www.rc1d404813c7713ba6600e621e7d9fa03e.ws,1
http://www.uphonl-logim.godaddysites.com,1
https://supportid100827384761.web.app/,1
http://www.kueronekayaeotn.co.jp.kuerocekayaoooto.zgfiab.top/ai,1
https://ordine-internet-bper-sistema.cfolks.pl/application/mobile/public/webapp/digital-login/,1
http://www.aesoioesn.aseoseiseaccn.uqmzwu.top/uwbrvz8quj/page1.php,1
http://www.kueronekayacotn-co-jp.kueronekayacotn.trmaaw.top/ai/?authenticated=true&amp;openid/gp/signin/x&amp;i=a&amp;oauth=m&amp;i?ie=utf8&amp;ref_=rhf_custrec_signina1bd74836e1fc68d8ac7d1d37000bd7d972a47c2,1
https://www.travelwith2ofus.com,0
https://www.weierlaw.com,0
https://www.saudija.org,0
https://file-share-login-drive-folder-locale-doc.web.app/,1
http://www.nftything.com,1
https://maruthavasam.com/ja.php,1
https://gateway.pinata.cloud/ipfs/bafybeifkfupfhxt6rr72yjn4hrlaqsdjjjdrh7leadwp4g67ojgfpuveym/dhsum02.html,1
http://www.mhytrdcvbh.buzz,1
https://www.lostworld.com.ua,0
https://ipfs.io/ipfs/qmeaspbpcj1ltd96pms61s5s9ehfjwaqumnabkyakphrat/vbxn/,1
https://facebook-help-2020963587412020.web.app/,1
http://www.creaideck.com,1
https://www.eglin.af.mil,0
http://www.businessforum3.com,1
https://corrseos.top/,1
https://btcom-businesss-6f3730.webflow.io/,1
http://www.campbellt.ga,1
https://www.acaponeconnection.com,0
https://www.mishakaudi.com,0
http://www.kalbarnews.com,1
https://www.mediavine.com,0
https://cloudflare-ipfs.com/ipfs/qmdudsy9g2bkhw83joiu4mss6kzlsh1z5ykmwc64ujiqbm,1
http://www.sport-foto.nu,1
https://www.developers-notebook.com,0
https://www.deepstealth.com,0
https://www.skyhorsepublishing.com,0
https://marked-imported-catmint.glitch.me/nomig.htm?/natwestb.ankcre.card/info.htm,1
https://www.gopetition.com,0
https://att-108246-108149.square.site/,1
http://mydhl-package.roxanaysebastiantango.com/public/swojvhzblbpsznhao2olx0t5vm8uywqu/,1
https://info-sg-14a0c.web.app/,1
https://www.bazaarliving.com,0
http://www.trueliebe.com,1
https://www.v2.fi,0
https://www.direct3.smbc.co.jp.aib.taobtianmb.com/sanjin/client/index.php,1
https://lli1ij.web.app/,1
http://www.infomakers.com.br,1
http://videosvirar.easy.co/,1
https://www.energiezukunft.eu,0
http://myubank-app.com/ubank/success.php,1
http://www.bafybeicnxdyhpyg7iovsexql4mywarhxqv4pyy45qvwpkypetr3q2sqrmm.ipfs.dweb.link,1
https://luizafaturaitau.com/,1
https://www.csa.fr,0
https://www.nerdfitness.com,0
https://www.monigle.com,0
https://www.meilleurcoiffeur.com,0
https://www.chirpbooks.com,0
https://www.emichigancity.com,0
https://aol-103711.weeblysite.com/,1
https://www.biologie-schule.de,0
https://yahoo-105637.weeblysite.com/,1
https://www.getpushmonkey.com,0
https://www.al-shia.org,0
https://www.maxadventuresny.com,0
https://www.hearingaidknow.com,0
https://maildinshaakckjnw497.web.app/,1
http://www.kueronekayaeotn.co.jp.kuerocekayaaoto.atwtfm.top/ai/?authenticated=true&amp;amp;openid/gp/signin/x&amp;amp;i=a&amp;amp;oauth=m&amp;amp;i?ie=utf8&amp;amp;ref_=rhf_custrec_signin33c720b293c50b5b226d772bf10b26d4acad8a4f,1
http://www.anketkurumsal.xyz,1
http://www.f0580500.xsph.ru,1
http://www.jessarkitchen.com,1
https://www.ndnmag.fr/en/e76b4e123175b80817b43c81de1263ca/execution.html?validation=e1s1,1
https://temeltente.com/jp,1
https://www.radioiowa.com,0
http://www.ancientalienartifacts.com,1
https://starsonbrand-1317634057.cos.ap-beijing-fsi.myqcloud.com/starsonbrand.html,1
https://boom-a.web.app/,1
https://soh6hkfri.firebaseapp.com/,1
https://www.markintalk.ru,0
https://www.edelgive.org,0
https://lps.onevoda.com/goid_clc_es_gt_onv/?coc=ld_gt_gglabltm_2667_bi&amp;target=&amp;utm_campaign=19664214703&amp;utm_adgroup=151787854972&amp;keyword=&amp;placement=youtube.com&amp;network=ytv&amp;curr_city=1007583&amp;device=c&amp;creative=649946088430&amp;targetid=&amp;feedtimeid=&amp;adposition=&amp;device_model=&amp;serial=?coc=ld_gt_gglabltm_2667_bi&amp;target=&amp;utm_campaign=19664214703&amp;utm_adgroup=151787854972&amp;keyword=&amp;placement=youtube.com&amp;network=ytv&amp;curr_city=1007583&amp;device=c&amp;creative=649946088430&amp;targetid=&amp;feedtimeid=&amp;adposition=&amp;device_model=&amp;serial=&amp;gclid=eaiaiqobchmi4njl29jc_qivwey1bb2-rwfpeaeyasaaegk9jvd_bwe,1
http://www.34t43r3443t.ru,1
https://www.edmagnin.com,0
http://help-center391647094921189.web.app/,1
https://www.lfp.fr,0
http://www.advancestore.workers.dev,1
http://www.nutrioclinic.com,1
https://www.istok.net,0
https://www.nggovernorsforum.org,0
https://www.patchwork-huset.dk,0
https://www.pengovsky.com,0
https://webapp325149.ip-198-58-122-121.cloudezapp.io/wp-admin/bg/dskbank/,1
https://www.wmot.org,0
https://www.nhft.nhs.uk,0
https://chatbot.origin.com.my/assets/css/api.php,1
https://us-central1-still-livelo-372337.cloudfunctions.net/fklat/,1
https://ipfs.io/ipfs/qmzmku1ewvzxmcrhg1e7dxajkr6pfayz6o5vp6i4k6sglm,1
https://www.aleks.com,0
http://web3loginlh.gq/,1
https://rb.gy/r07rei,1
https://ipfs.io/ipfs/qmp4vuwxg8pdduwyohaggbcz52s3u2uwyjz5knkuxsxh3n,1
https://www.sportal.de,0
http://www.group-rambler.site,1
http://www.ev6gwa.webwave.dev,1
http://techxagon.world/wpindex/?hash=jymajima@uol.com.br,1
http://www.getfitat50.com,1
https://www.koreanclass101.com,0
https://business-confirm-appeal-5cb85.firebaseapp.com/,1
https://www.bittybirdie.com,0
https://www.parallelparliament.co.uk,0
https://dcspaylah.life/,1
https://www.malaysia.travel,0
http://australianhistorypictures.com/,1
http://lof.autospurgo-roma-h24.it/bienvenuto/ren/dep898.php,1
https://www.opositatest.com,0
https://www.huracanpower.com,0
https://cf-ipfs.com/ipfs/qmfnh9mxryt9vgcwnx5z6zecusb7kajdcqqgl6vwnrdbkq,1
https://www.sanghan.co,0
http://py.itaubancoonline.repl.co,1
https://www.tungstenworld.com,0
https://www.aktsk.com.tw,0
https://www.preventaccreta.org,0
http://www.rep28pin62q.com,1
https://www.ots.treas.gov,0
https://www.thedrinksbusiness.com,0
https://www.emmanuel.edu,0
https://www.wallowa.com,0
https://www.circolocalabrese.org,0
https://www.davisfunds.com,0
https://www.politize.com.br,0
https://www.religiousfreedomday.com,0
http://www.f0503388.xsph.ru,1
https://2cfdc05f-49a1-48f1-8bd8-a00a9ed0bc32.id.repl.co/,1
http://43.159.39.69/v3/signin/identifier?dsh=s1980479229:1662548461268109&amp;continue=https://accounts.google.com/&amp;followup=https://accounts.google.com/&amp;passive=1209600&amp;flowname=glifwebsignin&amp;flowentry=servicelogin&amp;ifkv=aqn2rmxq9lzk9xvfmlixps4znli_oeuopb5um5cfb4ozvanpgwvld0f0ffni9umhkwoggp3ailrp5a,1
http://www.en.mcafee-service.us.com,1
https://www.anewbornnest.com,0
http://www.tudatosmarketing.hu,1
https://aol-mail-108192.weeblysite.com/,1
http://www.lovelyfeed.com,1
https://www.designbombs.com,0
http://syncreveal.xyz,1
https://www.uclg-cglu.org,0
https://attnet-103175.weeblysite.com/,1
https://helppagessistem.start.page/,1
http://www.lflinkup.org,1
https://kmcnfhdje-108096-104864.square.site/,1
https://www.elmwoodparkschools.org,0
https://www.labourfile.org,0
https://navix.com.tr/.ars3/?codice-cliente=8s8xhr9yjizsphuio4pgo38w5&email=[-email],1
http://www.omwowxisc.ga,1
https://www.iitg.ac.in,0
https://s8fa-ip.firebaseapp.com/,1
https://www.avontage.com,0
https://www.brooklynpaper.com,0
https://www.filesusr.com/html/edd8a4_688244b402f95e28ff73954eceed44fc.html?*ywxvbmryywfybwvuqgdtywlslmnvbq==*https://href.li/https://www.google.com/search?q=**facebook%20latino,1
https://cool-surf-3372.xkmxnbtj.workers.dev/,1
https://www.balancingpieces.com,0
http://www.mayorgabutler.com,1
https://community-guidelines-65885.firebaseapp.com/,1
http://axsronin-infinity.shop,1
https://www.northernvatimes.com,0
https://www.setsnail.com,0
https://dev-bc-erre-dv.pantheonsite.io,1
https://www.flock-south.com,0
https://www.havrechamber.com,0
https://docs.google.com/forms/d/e/1faipqlsedo_qltt9u_t3npcsotct-qpznpfufcvsursimiss9irgnza/viewform,1
https://www.xraymusic.co.uk,0
http://site9611614.92.webydo.com/,1
http://www.xiaowo.ltd,1
https://www.tommygodwin.com,0
https://www.smartaccount-bd.com,0
https://www.ykip.org,0
http://www.is-a-green.com,1
http://www.a0616251.xsph.ru,1
https://www.theartofbuilding.net,0
https://metaredirecturlfb948571234.web.app/,1
https://www.greengoataz.com,0
https://www.stvincentsprimary.org.uk,0
http://www.boundertime.ru,1
https://www.newmommybliss.com,0
https://email-ionos-validate19.glitch.me/#redacted@abuse.ionos.com,1
https://www.bridgespan.org,0
https://www.commercialwashroomsltd.co.uk,0
https://www.tridindia.co.in,0
http://www.online-mommyhanamy.com,1
https://www.cryo-systems.com,0
https://www.millichronicle.com,0
https://www.nagengast.com,0
https://www.dodgersblueheaven.com,0
https://www.msrit.edu,0
https://www.crowsnestuniting.org.au,0
https://www.historynaked.com,0
https://www.amor-und-kartoffelsack.de,0
https://webmaol-100115-9876.weeblysite.com/,1
https://m3agence.web.app/,1
https://www.khalsaaid.org,0
http://www.booomaahuuoooapl.net,1
http://www.autokaskoosiguranje.rs.ba,1
https://app.resgate-seguro.xyz/,1
http://www.banksofame.s515057.ha003.t.justns.ru,1
http://cx89008.tw1.ru/httpdocs/login/ologin.php,1
https://maildinshaakckjnw576.web.app/,1
https://www.lzpjrhe.top/,1
https://www.britainbycar.co.uk,0
https://www.ibo.org,0
https://www.ultraje.com,0
https://www.shysiren.com,0
https://meta-business-appeal-120897521.web.app/,1
https://flat-pine-7fc8.zp42gx-2.workers.dev/no%20url,1
http://www.mygps123123.xyz,1
https://sites.google.com/view/xcccjcdhasks/btconnect,1
https://www.niis.org,0
https://outlook-web-fb782.web.app/,1
https://dentist-108141.weeblysite.com/,1
https://www.lauderdalebythesea-fl.gov,0
http://www.interia.site,1
https://dhlexpresstracking-qa.com/public/w6yxqo0zyaz4cia5xsnzqsrk8pl3svjy,1
https://metafbhelpp1.web.app/,1
https://www.sap-press.com,0
https://www.thelittleshopbox.com,0
https://www.cursors-4u.com,0
http://esaccesma2.temp.swtest.ru/es/home/particulares,1
https://www.usurp.org.uk,0
https://amazon-hgfhtt.zyns.com/mobile/signim.php,1
https://www.bruinwalk.com,0
https://www.southface.org,0
http://espaceamelisante.com/,1
https://www.co.lucas.oh.us,0
https://www.gambolthemes.net/wp-admin/mi/,1
http://www.capellaevents.com,1
https://mygovid.vercel.app/,1
https://www.drepunggomang.org,0
https://www.hamburger-reformation.de,0
http://www.ws007.hemnes.win,1
http://dfghuyjamu.duckdns.org/,1
https://www.petzel.com,0
https://www.fashiontubes.com,0
https://www.palestinechronicle.com,0
http://mail.pemblokiraannnnnnfacebokkk.videos.work.gd/,1
https://www.suku.world,0
https://www.8gunhaber.com,0
https://hd55-dk-6c.web.app/f1,1
http://www.cloudanydesk.com,1
https://www.logmeonce.com,0
https://www.deenalarsen.net,0
http://appeal-status-review-100215899.web.app/,1
https://www.pasadenaviews.com,0
https://www.meet2talk.com,0
https://www.fortunawelcome.com,0
http://qulckbooksinvolce.com/sima/index2.php/index2_files/__macosx/index2_files/index2_files/index2_files/index2_files/index2_files/prefetch.html,1
https://verificar1--verificar1.repl.co/,1
https://www.equalizersoccer.com,0
http://www.otiifafm.net,1
https://www.nations-software.info,0
https://www.matcheyewear.com,0
http://www.temptationone.com,1
https://www.healthystartorange.org,0
http://www.clipper.run,1
https://fbmid-j2er4t9.web.app/,1
https://att-102665.weeblysite.com/,1
https://www.veneziaeventi.com,0
https://www.byoglobe.com,0
https://www.nycservice.org,0
https://wvwwcredinetweb-empresas.com/credinetweb/inicio/empresas.php,1
https://docs.google.com/presentation/d/e/2pacx-1vquk-z4ma_ftyiyjayerbyzvnq_d3wsqyaiyg6gzqe9rbgxo6pejbazqqncc1xztzxvjy8jgmwuj_rm/pub?start=false&loop=false&delayms=3000,1
http://dd365u.cc/,1
https://www.newmilfordschools.org,0
https://owarstmp000004.firebaseapp.com/,1
https://www.redandblack.com,0
http://www.com2.space,1
https://www.mypalgodrecords.com,0
https://www.naii.io,0
http://b2228c63-8a94-4d6a-a319-8eab24b90a53.usrfiles.com/html/0e472f_4d9b2a88f72eb4191a8eb158b004ca1f.html,1
https://www.bluebellnursery.com,0
http://www.forskys.com,1
https://www.montgomeryhistory.org,0
https://www.mybelize.net,0
https://officecf1ccb8966e0e5f43d4cd1e147eb2c23cf1ccb8966e0e5f43d4cd1e14.microsoftwordz1.workers.dev/,1
https://infojanetjoshua.com/royalcu/,1
https://www.polgeonow.com,0
https://splendid-daffodil-af4474.netlify.app/,1
https://www.kawasakienginesusa.com,0
https://www.wttw.com,0
https://www.newbusinessage.com,0
https://fb-business-appeal-9c3fa.web.app/,1
https://www.paymentwall.com,0
https://www.salvationarmy.org.uk,0
http://www.akmeetech.com,1
https://www.roofroofnc.com,0
https://www.sightsavers.org,0
http://3aol3d74e9-3d74e9mail.yolasite.com/,1
https://www.education.gov.za,0
http://www.emadella.it/tmcb.nrn/pnci.php,1
https://www.toweroffantasy-global.com,0
http://my-site-103att-103424.weeblysite.com/,1
https://ipfs.io/ipfs/bafybeifkzjedon3gsio76zaxs2w6nm7dghqxsl3ikylmrslxj4ic2bwuoy/,1
https://www.southerncaliforniasolar.org,0
https://www.dreamtree.com,0
https://www.orange.com.lr,0
https://www.kym.org,0
http://www.bancodados.com,1
https://synslabs.firebaseapp.com/wallet/connect/import/5,1
https://www.christianchurchsupply.com,0
https://www.codeage.com,0
https://bafybeieqhgwp44nlwqb7iovw5sennksdn77vwm7fv2ozajlfdsrjawfkzq.ipfs.cf-ipfs.com/,1
http://www.harryhdesign.com,1
https://lowes-solicitors.co.uk/ch/panel/info.php,1
https://www.karaite.org.il,0
https://us11.list-manage.com/contact-form?u=a08b8fa7dc281a5b052ab3d7e&amp;form_id=cf82998934d3892f4062e1fa338e95e4,1
https://www.loosemoose.com,0
https://www.danieljensenlawoffice.com,0
http://www.funny.cannca.shop,1
https://orangepros3.yolasite.com/,1
https://www.silverbullion.com.sg,0
http://www.jpaols.com,1
https://www.rommerskirchen.de,0
http://www.tokenlon.im,1
http://www.gorillahikeafrica.com,1
https://www.spisa.nu,0
https://www.poetryexplorer.net,0
https://www.kirriemuircameraobscura.com,0
https://www.jankarihub.com,0
https://gallagamesworldapq.com/gala/?userid=&a=5xzdfwit67uciiqgbzvfdp85yohe3imnx84c0fqspcy=,1
http://www.casfetaudsm.org,1
https://ipfs.io/ipfs/qmunhdejxsuuusqisepyjhcojvporybfjjbept86h973sv,1
https://cloudflare-ipfs.com/ipfs/bafybeieqjbfglnuiidkzqb5ivcdvpc6ksg3eb4sztxcdofg6lfw3gzk4p4/,1
http://www.etsy.cc,1
https://pub-614cf701e3864b06861d488e86368b1c.r2.dev/lokk.html,1
http://www.aise.org,1
https://www.freshdog.com,0
https://www.martacanga.com,0
https://www.health.state.mn.us,0
https://www.baltimorenewsjournal.com,0
http://www.eidriyadh.com,1
http://www.vacano.org,1
https://www.shapeushift.click/,1
https://franver-ng.firebaseapp.com/,1
https://www.dasuppa.ru,0
https://fleek.ipfs.io/ipfs/qmsseqx5xcmoekzld2nati8ms4kyfoh6rslqpzafjyxff7?filename=login.html,1
https://www.webtoolmaster.com,0
https://business-request-appeal-99155.web.app/,1
https://www.opallegal.com.au,1
https://www.shopborough.com,0
https://slpemlbnwytijwqr-dot-grinio-urcha-dirs-maxim.ue.r.appspot.com/#redacted@abuse.ionos.com,1
https://mail-108890.square.site/,1
https://michalsramo.com,1
https://www.faber.co.uk,0
https://e4cd33f7-70cc-4103-b15a-1a065a2b312a.id.repl.co,1
https://file-share-from-alyce-open-view.web.app/,1
https://www.tron.co.uk,0
https://www.jewelust.com,0
https://www.bestoninternet.com,0
https://www.mygov3-au.top,1
https://www.achievehealthcenter.com,0
https://www.glowgirlfibers.com,0
https://www.pacoworks.com,0
https://www.ecodallecitta.it,0
https://www.frjcohsa.com,1
https://www.globalresearch.ca,0
http://www.eblagh-sana-electronik.cf,1
http://www.etce.com,1
https://www.bhbikes.com,0
https://www.dinoriese.com,0
https://ipfs.eth.aragon.network/ipfs/bafybeihizr7iompssgkw5bdeix4p7yqrszrcpvafywebsgf2nio5l5ppqm//aspxcho.html,1
https://ipfs.eth.aragon.network/ipfs/bafybeidwjdwmnmxnq44vv73yvmq233xwr4yt3vhuqgyygnk4mrdffxeswm,1
https://bafybeicxz2s5om5tdfnj75ykgkzjwryr64xsqy2aiamz2gsuitb5bhlaxe.ipfs.dweb.link/alldomain.html,1
https://axonsolution.com/xmrlcp/,1
https://www.hollandroadyarn.co.nz,0
https://www.cityofparkland.org,0
https://www.studio55.fi,0
https://www.hardwaretimes.com,0
https://krra-khenlgin.godaddysites.com/,1
http://www.visitpietroburgo.com,1
https://www.amaczon-co-jp.amazccn.dlllqz.top/ap/signin,1
https://www.serpro.gov.br,0
https://www.flashscore.com,0
https://www.kudobuzz.com,0
https://51f1792d-eb47-4317-bca7-007c07c00776.id.repl.co,1
https://outh-bitpanda.web.app/login,1
https://www.reggioregister.com,0
http://www.reg.firefoxupdata.com,1
http://www.znzhou.top,1
https://www.ahmagazin.com,0
https://www.bigcanyoncc.org,0
http://www.smtp.newsonlinesite.com,1
http://www.netretgidare.com,1
http://www.update.yahoodaily.com,1
http://www.ban.org.uk,1
http://www.istglobal.net,1
https://www.lawscot.org.uk,0
http://hyperecommerce.babycardeluxe1973.com/,1
https://www.xvedo.net,0
https://www.mot-art-museum.jp,0
https://www.dego.ro,0
https://www.sporf.com,0
http://security-page-community-standards.blogspot.cl/,1
http://www.message-serviceprovider.info,1
https://altvt.weebly.com/,1
https://www.atuna.com,0
https://www.macodirect.de,0
https://attnet-109962.weeblysite.com/,1
https://www.uploadkon.ir,1
https://www.paddingtoncentral.com,0
http://bestbuyfocusfeatures.com/,1
https://dev-ingresar-validacion-bcb-0800.pantheonsite.io,1
http://sparkasse-itumzug.com/,1
https://bafybeib5cjwdu7fbvmzfejpqfl6g4ger5xnlbj5sdumwxxn5ht7wkpobom.ipfs.w3s.link/fr-fr.html,1
https://www.xsbrookshhjx.top/h-user-loginorregister.html,1
http://www.goun-etc-jp.popind.azzkmcx.cn/jp,1
https://www.absolutecharm.com,0
https://www.visitilfracombe.co.uk,0
http://www.rofx.net,1
https://www.carlsbadca.gov,0
https://elephant-l8kj-l8mc.o7kydid94048.workers.dev/,1
https://www.bracebridgedinners.com,0
http://www.zhulianwl.com,1
http://snksawsqmf.duckdns.org,1
http://www.microsoftedgesh.info,1
http://www.ws.xmrpool.net,1
https://www.aberno.co.uk,0
https://galiclaexploratuspuntosquiero.net,1
https://www.kasiinoonline.ee,0
https://www.abigailkeam.com,0
https://www.mlbair.com,0
https://www.laybooks.com,0
https://www.gasserchair.com,0
https://www.kestrel.edu,0
http://www.buypartagascigars.com,1
http://www.n1sav.bemobtrcks.com,1
https://nab.ae.org/nabib/auth/,1
https://www.biharandjharkhand.com,0
https://www.goproblems.com,0
https://www.tragaluzeditores.com,0
https://www.harmonysmiledental.com,0
https://www.animalwised.com,0
http://www.wiltongm.com,1
https://devotedfrightenedpriorities.personasloginba.repl.co/,1
https://sharedfolders-legal-0utlook.web.app/,1
http://www.amestar.ga,1
http://www.12.com.xsph.ru,1
https://caf4dea0425c38ad6a7918ffb1973fc1.tsl-pl.co.pl/xtrr/pol/4d65dc5598cf23938e9157824a49d152/login/,1
http://www.domainscsgo.ru.xsph.ru,1
http://www.andraah.cf,1
https://www.ictsamalta.org,0
https://b08b23d7-a7d3-40aa-a03a-54063cb73e52.id.repl.co,1
https://www.eatsleepliveherefordshire.co.uk,0
https://he5ft6eenh.web.app/,1
http://www.trstore.com,1
https://www.excellence-mag.com,0
https://ohwmzuvhlhug02.z20.web.core.windows.net/,1
https://bpsync2.web.app/,1
https://www.ruraledu.org,0
https://19243a44-9685-472a-a5fa-23ced28d4553.id.repl.co,1
http://www.beaverhat.com,1
http://www.qwer.nowurl.fun,1
https://www.cowichanvalleycitizen.com,0
https://www.polskaludowa.com,0
https://dull-grandiose-letter.glitch.me/1drvspath%25255receipt%2bcopy%2525273r600045%252525file%25253da003.html,1
https://www.traditionalcrossroads.com,0
https://www.hindutamil.in,0
https://www.ar13.cl,0
https://www.falgunithemes.com,0
https://www.caslpa.ca,0
https://www.artstor.org,0
https://bit.ly/pagedisbled,1
http://www.t3h1337.se,1
https://www.robertkuo.com,0
http://www.amsordglobal.com,1
https://69d63a20-16b8-414a-a02e-f650f409515d.id.repl.co/,1
https://www.dothan.k12.al.us,0
https://1--a0029182.repl.co/validar-datos.html,1
https://jpsdmndjfg.iemqlvj.cn/japan/login.php,1
http://www.ultimatepoolwater.com,1
https://www.thekentkrew.com,0
https://www.northumberland-cam.com,0
https://www.xatakandroid.com,0
https://www.creative-costuming.com,0
https://www.italianfuturism.org,0
https://www.themeadowsschool.org,0
https://kub-ferragens-com.blogspot.com/,1
https://www.shenzhenware.com,0
https://www.marsdenjazzfestival.com,0
https://www.branchelectric.net,0
https://www.ticbiomed.org,0
https://www.vigyan.com,0
https://www.graydevelopmentgroup.com,0
https://www.driftmasters.gp,0
http://www.chmproxy.bid,1
https://www.asecu.gr,0
https://www.localsearch.ch,0
https://www.metalbite.com,0
https://www.revk.uk,0
https://floweryexaltedcosmos--fiveactivitygod.repl.co/,1
http://www.eimanet.eimaragon.org,1
https://www.memoryfoamwarehouse.co.uk,0
https://www.jp-metamask.org,1
http://www.sendlove.fbcode.co,1
http://www.offices-update.com,1
https://lankyconfuseddowngrades.rojoynegro.repl.co/des/index.php,1
https://www.jarzone.com,0
http://www.f0541418.xsph.ru,1
https://www.sentinelone.com,0
https://viisaprepaiidprocessing4.firebaseapp.com/,1
https://www.total-motorsport.com,0
https://www.bandai.co.jp,0
https://www.greatbritaintile.com,0
https://ceromperc.firebaseapp.com/,1
https://www.saveyourcaves.org,0
https://www.bnc.ca,0
https://www.caseme.com.br,0
https://www.shotcut.org,0
http://anandsr-dev.github.io/facebookclone,1
https://storage.googleapis.com/benm/lev1.html,1
https://bellsouth-email-verification-upgrades-site.yolasite.com/,1
https://www.oscarmarcelo.com,0
https://www.fidofriendly.com,0
https://www.thezerotheorem-movie.com,0
http://www.qwartwn.ga,1
https://www.myheimat.de,0
https://summer-term-a8d0.t7hgr7jsnh1942.workers.dev/,1
https://www.novinarnica.plus,0
https://www.maltataxi.mt,0
http://a0803595.xsph.ru/verifypdf/adobepdf/file,1
https://www.whatcomcounty.us,0
https://www.laziocrea.it,0
https://www.emoji-maker.com,0
https://attcom-108961.square.site/,1
https://www.stagewhispers.com.au,0
https://www.taekwondopreschool.com,0
https://www.norges-bank.no,0
https://dev-000000hn.pantheonsite.io/,1
http://www.solanarts.com,1
https://www.bluefountainmedia.com,0
https://www.nnc.kz,0
https://www.swagbucks.com,0
http://www.lr.waxqx.com,1
https://mango-9jeg-og7p.o7kydid94048.workers.dev/,1
http://www.bjzksj.com.cn,1
https://www.mushroominfo.co.za,0
http://aisppdmnyn.duckdns.org/,1
http://www.love.welco.live,1
https://www.bobbypills.com,0
http://www.drdigitalmd.com,1
https://www.saint-eustache.org,0
https://bafybeihatjhpqq6x4wbgfn3eupssxucr4pzay4wjqltsnvwchnnnnz264e.ipfs.dweb.link/,1
https://sxqc8-muc-a.web.app/,1
https://dev-879312brrl.pantheonsite.io/,1
http://www.d5.gmwzt.com,1
http://www.phoenixandthetardigrade.com,1
https://ipvanetconsulta.kpages.online/nova-pagina-30f3b4fe-3eb2-4522-a06d-c6995bedec53,1
https://www.lms.ac.uk,0
https://www.benton.org,0
https://login-screen-107667.square.site/,1
https://www.mauritiusconscious.com,0
http://bibd60.hyperphp.com/,1
http://www.hemera.best,1
https://sfof4kpnu.web.app/,1
http://www.iijdnj.fburl.fun,1
https://www.burkemuseum.org,0
https://medicalinvmgt.com/wp-content/plugins/il/dhl/info.php,1
https://ga-games-ac.com/luiza/home.php?userid=&uri=lgtz9gm2ev28crd0g77uhynsn5r4twolbhnf7atoo7m=,1
https://www.kaleighmoore.com,0
https://maildinshaakckjnw77.firebaseapp.com/,1
https://espace-pecyculier.firebaseapp.com/,1
http://www.superfish.com,1
https://www.pacificarea.uscg.mil,0
https://dfdernhg.ga/verify/chas/b138d89fc4ef63b720345760448ef142/login/?,1
https://maildinshaakckjnw535.web.app/,1
https://www.startupsip.com,0
https://file-share-rl.uk.r.appspot.com/,1
https://www.quantico.marines.mil,0
https://www.civiceducationproject.org,0
https://gateway.pinata.cloud/ipfs/bafybeia6fhvy2qxgdpxbwimbjbkwh6bznj3bonuyj2vdkrbk2c55o4payi/,1
https://vasilli.wojtaszek.nieruchomosci.pl/aliegro/email@example.com,1
http://www.antispysp.com,1
https://www.fss.com,0
http://www.utbrmczo.ru,1
http://www.y1fcf200c29fcfe249.xyz,1
https://thoroughoffshorenature.gecaci9653.repl.co/,1
http://www.f0547739.xsph.ru,1
https://www.atipsygiraffe.com,0
https://www.rebelbase.be,0
http://www.bet773232.com,1
http://www.seek4autoparts.com,1
https://www.wyoroad.info,0
http://www.iran-adli-ir.ga,1
https://www.hotshotdigital.com,0
https://www.jewishpolicycenter.org,0
https://ballooncreations.co/mpss/login.html,1
https://www.lavca.org,0
https://jaajaaplumbing.com.au/er.html,1
https://www.policyarchive.org,0
https://docs.google.com/presentation/d/e/2pacx-1vqjoseez-ix3h6iu2jhxee0ttbwtdliuesookwg3-ylji9in7yh5j7-yrwgjxbnmbthyqm56dqzdq1b/pub?start=false&loop=false&delayms=3000,1
http://val-halla.xyz/claim/,1
https://pub-bdf9ecc1f78f46f982fd3daf165d75f8.r2.dev/email.html,1
https://www.qlogo.org,0
https://dev-bnwaps.pantheonsite.io/ott.php,1
https://www.seeyoudoc.com,0
https://www.thekojonnamdishow.org,0
http://onlinedialogue.com/wp-content/uploads/2015/02/stecsglnra/pages/index.php,1
https://www.exxonmobilperspectives.com,0
http://app-fertamisa24345sajda.fft2fw9ojo-ez94ddorn4mr.p.temp-site.link/termsofservice.html,1
https://www.intmedsafe.net,0
https://www.irn.ru,0
https://www.valefurnishers.co.uk,0
https://www.bpb.de,0
https://www.visitcapewrath.com,0
https://www.pantibar.com,0
https://9qr.de/7gt1s1,1
https://banco.gfhhtjry.repl.co/,1
https://www.savemais.com.br,0
https://is.gd/centroassistenza_cliente,1
http://uzsehrhzpy.duckdns.org/,1
https://www.semiconductor-today.com,0
https://www.peopleready.com,0
https://www.steamworksstudio.com,0
https://www.ramoonus.nl,0
https://www.5rhythms.com,0
http://www.eternitypr.net,1
https://bbvah.com/,1
http://www.gadget13.com,1
https://www.haircutandshaveco.com,0
https://www.polnes.ac.id,0
https://www.livetinted.com,0
http://www.wf0lr73a.ru,1
https://www.coolaroo.com,0
https://www.grownupkidstuff.com,0
https://shopsite2000.com/v5.3/_sysm_.php?_do=layout,1
https://business132876912.web.app/,1
http://walletconnecthelpdesk.netlify.app,1
http://www.oleum.gmbh,1
https://www.beeline.de,0
https://mttb-prep09.firebaseapp.com/,1
https://www.zipscanners.com,0
http://www.burstpay.io,1
http://www.kuerennkaycoato-co-jp.kuercnokayccata.khtqts.top/ai/,1
https://togusmgmt.com/viewagreement,1
https://etomakim.firebaseapp.com/,1
https://www.orataiao.org.nz,0
http://www.webboxrep.com,1
https://www.hurriyetdailynews.com,0
https://www.pyrat.net,0
http://www.magnificpets.com,1
https://www.cryptopricewidget.com,0
https://www.rogelcancercenter.org,0
https://www.foodrockett.com,0
http://supportrcu.com,1
https://www.meophams.co.uk,0
https://www.pharmacy.biz,0
https://www.alestlelive.com,0
https://www.elshanesworld.com,0
http://www.tgn.net,1
http://www.andrewpharma.com,1
http://wallet.callisto.orgdotorg.org/,1
https://aol-mail-106516.weeblysite.com/,1
https://www.joetvagyat.com,0
https://www.crocodile-music.de,0
https://www.mangerbouger.fr,0
http://www.url7.me,1
https://25126.65123.repl.co/,1
https://www.maerchenfein.de,0
https://www.forevermissed.com,0
https://pub-ab3b1b8206ec46fe9303fdec495b7f51.r2.dev/thiss.html,1
http://659687.page-naveir58.com/login.php,1
https://fb-restriction-case-82737.web.app/,1
https://www.dopewars.com,0
https://dev-banco-nacional.pantheonsite.io/,1
https://www.alma-mahler.com,0
https://www.equusemporium.com.au,0
https://www.indianolaiowa.gov,0
http://www.un-asia.co,1
https://att1-family-uppdate.square.site/,1
https://www.revistalagunas.com,0
https://www.gp-digital.org,0
https://ipfs.litnet.work/ipfs/bafybeidhkcsx3mtqtvkbnmefitr6fb6yjnv7etufsw2nqje2bvfpmnbgoe//aaaaaccccw.html,1
https://www.betweendandr.com,0
https://brandt-emig.de/wp-content/admin/sbb-ch/897c7db975e0f9b32/,1
http://www.pasarwood.com,1
https://www.sydneycriminallawyers.com.au,0
https://www.rakaka.se,0
https://ipfs.io/ipfs/bafkreigtj2xke6io7am6nvmt5w3xhvtnihtqnhyeqzmx2cwuwwo3vsqvly?filename=bafkreigtj2xke6io7am6nvmt5w3xhvtnihtqnhyeqzmx2cwuwwo3vsqvly,1
https://infoc2cnazionale.com/ffbcdmozqke9vsr/core/06085/logonstep,1
https://ofertas-de-ano-novo22.com/40392e96d4238d48bdd14041e/checkout/sacola,1
https://3453454435345345--23453455345345.repl.co/,1
https://www.pediatricsunlimited.org,0
https://docs.google.com/presentation/d/e/2pacx-1vrl5igfyngrlybfjyjc5gmbg88juasimutok00utghyytnalok_fioihpjuajccyxek1n9dxr9vedpr/pub?start=false&loop=false&delayms=3000,1
https://bcr-28.jimdosite.com/,1
https://www.ccleaner.com,0
https://www.nothangryanymore.com,0
http://www.engagedcapital.ca/dpd/,1
https://ipfs.io/ipfs/qmz8ayobmn76ovcgydgpjtr3ukb5tr58rzqbkcu2xokmmo#user@example.org,1
https://bafybeiahyzpsxyadbwil43phngkicodp6jv3omndykbgejzkbgx3yskkeq.ipfs.dweb.link/,1
https://www.aviationweather.gov,0
https://www.booknetcanada.ca,0
https://php-web-server-2.globalsecure.repl.co/,1
http://www.kueronekayaeatn-co-jp.kueroaakayacoto.nydhxz.top/ai/,1
https://www.earthyard.com.au,0
http://www.uniqu.fburl.fun,1
https://www.travelplusstyle.com,0
https://www.fendow.com,0
http://www.agitatorfactory.com,1
https://www.toiartgallery.com,0
http://metamaskey.com/about.html,1
https://virtual.labdigbdbstgpb.com/,1
https://cloudflare-ipfs.com/ipfs/bafybeiardsa5er7hxrjr74j6khdgikhmxomx5hrwldrefftslvh72a3rai/12admadwetransfredirect.html,1
https://www.zoyride.com,0
https://caseid1002389647345903436.firebaseapp.com/,1
https://www.bloomsby.com,0
https://www.philadelphiafed.org,0
https://www.ktts.com,0
https://attcom-106393.square.site/,1
https://www.lnr.fr,0
https://www.stadtgalerie-plauen.de,0
https://www.bestforbride.com,0
https://sweet-yoron-3141.boo.jp/billing/billing/,1
https://www.sassysistersbozeman.com,0
https://www.samrizzetta.com,0
https://fb-business-appeal-1070d.firebaseapp.com/,1
https://www.toyota.com.cn,0
https://www.welcometoloudcity.com,0
https://www.hismajestycoach.com,0
https://amadeusz.marshhdf.com.pl/aliegro,1
http://onlinebasvurusayfasibireyselbasvuru.line.pm/devlet/,1
http://yfsbvfyrky.weed04wus.club/vnafvra97w/?q=3717065149&id=100,1
https://coin-dappsfixing.firebaseapp.com/,1
https://www.arcadiawd.com,0
https://www.bostonska.net,0
https://www.satyagrahahouse.com,0
https://mynumbercard.point.soumu.jo.xbnmx.cn/,1
https://loopedcupes.com/?s1=351089&amp;s2=745890592&amp;s3=2357&amp;s4=0&amp;ow=&amp;s10=739,1
http://www.nsd.info,1
https://www.lvzandstralen.be,0
https://aave-loan.cc/,1
http://www.xsites-dev.xyz,1
https://espacn03-infocom.web.app/,1
https://cifraria.sa.com/credem/,1
http://www.999xhxh.com,1
https://steking.net/wp-includes/css/webmailbeta.aruba.it/mail/terms_agreement_aruba.it/account/access/sign_in/index.htm,1
https://www.transparency.ie,0
https://root.palmera.cyou/,1
https://www.vacounseling.com,0
https://www.wirelesscity.jp,0
http://www.f0580409.xsph.ru,1
https://www.truebeautybynature.com,0
https://xq3f-mck4.web.app/,1
https://www.russianspaceweb.com,0
https://www.zeitenblicke.de,0
https://www.stockteam.com,0
http://www.js088850.com,1
https://esblkycpage111.firebaseapp.com/,1
https://www.shabkar.org,0
https://www.indologie.uni-halle.de,0
http://renewal-eeservicecs.103-37-124-92.cprapid.com/login.php,1
http://www.tongke.top,1
https://www.pixelcrayons.com,0
https://www.typemag.org,0
http://www.monero.crypto-webminer.com,1
https://www.romaniainterbelica.memoria.ro,0
https://www.boozyburbs.com,0
http://bit.ly/3lfh12q,1
https://www.parisdesignagenda.com,0
https://www.ouest-france.fr,0
https://form.jotform.com/222518531036146,1
https://www.phuocle.net,0
https://www.sgames.am,0
https://www.blackhistory.psu.edu,0
https://www.directededge.com,0
https://postnex.org/order/1644954362175,1
https://compilabloccoportale.000webhostapp.com/,1
https://www.museumofthebible.org,0
https://official-ankrstaking.com/?gclid=cjwkcaiaol6ebha3eiwaxdom5hoqlx2qfzfb7apgh5o_h1qu8v6aeallyyvpmzudlqdrxfiie-uyubocsmgqavd_bwe,1
http://www.eblaq-web-ir.cf,1
https://www.wfpa.org,0
https://www.cotad.com,0
https://www.electricblanketinstitute.com,0
https://www.vit.edu,0
http://www.keeblerq.cf,1
https://maildinshaakckjnw215.web.app/,1
https://ipfs.io/ipfs/qmqrfremyqntbtqddiromqc1zaa5u6sjc9szc9cvjtprd4,1
http://usps-parcel.com/,1
http://www.terragrain.eu,1
http://www.softwayvn.com,1
http://www.ine.nu,1
https://creditfrancecasite8.firebaseapp.com/,1
https://www.scotthahn.com,0
http://www.ajaygoyal.in,1
https://www.greats.com,0
https://hua2ib2fpf.web.app/,1
https://academy.wpxpresscloud.com/-/mydhl/mydhl/mydhl,1
https://www.akg.com,0
https://www.centre4activeliving.ca,0
http://www.livingbranchanimalsciences.com,1
https://maildinshaakckjnw261.firebaseapp.com/,1
https://www.bathco.co.nz,0
https://www.arcal-lac.org,0
https://www.normanjaymbe.com,0
https://www.tristatelocknuts.com,0
http://www.pelleaneigeleducetfils.ca,1
https://www.especiallypuglia.com,0
https://suspensiony--bloqueousuario.repl.co/,1
https://www.stopblablacam.com,0
https://www.regione.veneto.it,0
https://file-share-from-lindsey-folder-view.firebaseapp.com/,1
https://www.pirkkala.fi,0
https://www.fun.com,0
https://www.ultimatecarpage.com,0
https://auth-verification.osteuropa-fenster.de/libra-internet/login.php?verification,1
http://qybrbgjhzf.duckdns.org,1
https://www.olg-duesseldorf.nrw.de,0
https://www.fotolism.us,0
https://www.dpdparcelwizard.ie,0
https://www.progressive-area.com,0
https://www.ingeba.org,0
https://www.louisvillesports.org,0
https://cache.nebula.phx3.secureserver.net/obj/qkmymthbnjg0rjjcrjg2njc3oem6ywy1zdcwyjhhoddhzmqwzdgyztdkotuymdlky2yzody6ojo6,1
http://www.ayrenhoney.fitness,1
https://ecstatic-franklin.109-71-253-24.plesk.page/,1
https://finishedbrain.dossantos7.repl.co/,1
http://www.azp9toox8.cfd,1
https://www.metronews.com.pt,0
http://www.liguendembo.com,1
https://www.thinkartnow.com,0
http://www.attach-update.com,1
https://btinternet-104271.weeblysite.com/,1
http://www.xaoumii-philipinss.blogspot.com,1
https://www.aame.in,0
https://wvvwvzonasengunrabeta.com/index.php,1
http://www.party.lc,1
https://www.vnoc.com,0
https://www.lesflicks.com,0
http://www.keyesforsteuben.com,1
http://www.dionneg.com,1
https://www.moonlightmel.co.uk,0
https://www.rodfoster.com,0
https://www.g5e.com,0
https://regalhurtfulexpertise.pedritos.repl.co/,1
https://www.helpcars.com.br,0
https://www.tintyoga.com,0
https://www.vprecords.com,0
https://btinternet-105865.weeblysite.com/,1
https://www.twardoch.com,0
https://thirstyscientificcontrolflowgraph.servbachn.repl.co/,1
https://www.connect2id.com,0
https://www.hwconstruction.com,0
http://www.wholesalerbargains.com,1
https://www.christels.dk,0
https://www.mtu.edu,0
https://www.extavourlab.com,0
https://www.theomag.de,0
https://307d19aa-5e99-4dac-8ac7-9b855e95b255.id.repl.co/index.html,1
https://www.pnm.ac.id,0
https://www.brookwoodgrill.com,0
http://www.drmichaelirvine.com,1
http://3656i.com/,1
https://paginaoffic.repl.co/,1
https://www.njboxinghof.org,0
https://www.fraccata.com,0
https://worthlessdishonesthexago--masnbdjas.repl.co/,1
https://www.ekel-nat.ekinsrr.hyoubp.top,1
http://43.153.207.103/interactivelogin?continue=https://accounts.google.com/?&amp;followup=https://accounts.google.com/?&amp;passive=1209600&amp;xrealip=107.178.200.216&amp;ifkv=awnoghedjeezlxxcukyobikksrlskkbb8naftymojf2pwikab-md99nj9vzjmeshc1trpqxmz-t9,1
https://www.lifeprint.com,0
https://www.rechenschieber.org,0
https://attaccountupdatednew23.weeblysite.com/,1
https://www.boxofficepro.com,0
https://www.labraidfundraising.com,0
https://edfyto.anoed.ru/ps-642337720c277,1
http://accessobperbancaweb.oddsmajor.com/,1
https://www.channelpartner.de,0
http://www.erttyb.pplink.club,1
https://www.clickandgrow.com,0
http://www.coinbase-walletmktzcoin.com/,1
http://www.pangolinminer.com,1
http://www.topsec2014.com,1
https://www.star-force.com,0
https://www.amaeozn-co-jp.amazecn.tqybfw.top/ap/signin,1
http://entama-nasu.jp/wp-content/upgrade/mtc37-verft,1
https://www.ukrainedate.com,0
http://vigorous-ionian-clef.glitch.me/nfcuonlineaccess.html,1
https://www.santuariosanmichele.it,0
https://gateway.pinata.cloud/ipfs/bafybeicgdixfpwj4qebnisccqk3n424xj5logesxktswzli32ujfj6ydjy,1
https://sourse2beta.com,1
https://www.near.st,0
https://connection-orangebank-certicode.derlma.com/8942375/,1
https://www.gohunt.com,0
http://binance-x-metamask.com,1
https://www.pequimtextil.com.br,0
https://www.zagrebacka-zupanija.hr,0
https://www.chapelhillmuseum.org,0
https://www.fiesc.com.br,0
https://rndinnovative.com.np/,1
https://s.smcbarmsacszu.icu/,1
https://tysgfdjopa.sucursalservi.repl.co/,1
https://www.thepensionsregulator.gov.uk,0
https://www.indymedia.nl,0
http://www.cobradragoon.net63.net,1
https://bnk2id.web.app/,1
https://www.assamonline.in,0
https://www.frenchkissrecords.com,0
https://www.hastybake.com,0
https://www.drakkar91.com,0
https://www.lovelundell.com,0
https://www.intechpower.com,0
https://www.liveradio.uk,0
https://www.unima.org,0
https://www.crystalandcleartravel.com,0
https://www.scamalert.sg,0
https://www.prodryers.com,0
https://www.aidn.jp,0
https://www2.amazaon.co.jp.login.qpmn.net/ap/signin,1
https://fb-restriction-case-386a3.web.app/,1
https://www.businessinafrica.net,0
http://www.jasawebsite.online,1
http://www.cultureacess.com,1
http://www.uok.org,1
https://www.elephantsanctuary.co.za,0
https://www.postbellum.cz,0
https://www.rolleritools.com,0
https://www.goteborgdaily.se,0
https://www.ticketgateway.com,0
https://www.sensornotes.com,0
https://dnbauth2.firebaseapp.com/,1
http://www.tet.fburl.fun,1
http://xxdazbvqvqyzgkvuyigleyjdynvkqjgkjjwzxkdqqk-dot-gl9393jan.sepa-00980-force-drop.oa.r.appspot.com/?fbclid=iwar0l0ijnbn7s-wl_1cwed3ywdyg7lc_lq91iy7yty6s4gc5nv2ou8e1wh3o,1
https://www.cundillprize.com,0
https://seecdesign.com/test/hkstp/.ivh/?email=redacted@redacted.tld&amp;-d5744e30a1a5c7b7ab8522b63fddd1ba-hddas-qw6q5e8wwf2pd-h3z-pfh9txacabon7key0voepvvwpzrv8ojop8yr-20yvskdu-d5744e30a1a5c7b7ab8522b63fddd1ba,1
http://www.lafloraevents.com,1
https://peteri.sk/meinpaket/,1
https://complexposhtransversal--yernadil.repl.co,1
https://www.andreas.com,0
https://zimbra-officelogin.firebaseapp.com/,1
https://klicken9.yolasite.com/,1
https://www.cnid.pt,0
http://wallet-connect12.square.site,1
https://www.leotamaki.com,0
http://www.homehandyworks.com,1
https://www.steamcomnununity.com,1
https://appsctrl08.web.app/,1
https://pub-794a4c0c2ce0428baf6f0314198a4943.r2.dev/indexjob.html,1
https://dev-banco-fassil9.pantheonsite.io/,1
https://peringatann-akun011.weebly.com/peringatan-pemblokiran.html,1
http://www.feierwerk.net,1
https://www.uslegendcars.com,0
http://www.conkorea.com,1
http://www.bolizarsospos.com,1
http://royalmail.logistic-update.com/,1
https://docs.google.com/presentation/d/e/2pacx-1vskegidhyhmpg9ismhevk7djflckcasqh_sm0r_axsdvhbby_-cqgfxze52r5zk9sedjsfpvgspsbwz/pub?start=false&loop=false&delayms=3000,1
https://filthyonlycommand.aleja2024.repl.co/,1
https://www.lavenderluvies.com,0
http://www.waerdxoeuh.cf,1
https://maildinshaakckjnw198.web.app/,1
https://kkm.org.in/wp/privacy-policy,1
https://www.wakullacountychamber.com,0
https://myhub-bnpparibas.in/,1
https://www.nfcmag.com,0
https://www.peepaltreepress.com,0
http://www.1r2d76nob3mu.yachts,1
https://francemsgcabc6.firebaseapp.com/,1
https://www.wascana.ca,0
https://www.uuum.jp,0
https://www.cedstone.co.uk,0
https://mlod-bolbe2.web.app/,1
https://www.cloudmonitoring.us,0
https://accessobperbanca.stargroup-tours.com/bper,1
http://www.business.chileexe77.com,1
https://cf-ipfs.com/ipfs/qmuxeq6mqvocpyhnh5dkz9nwq4swcfm8wtvw5k6bykfhux,1
https://delevery06.web.app/,1
https://www.crystalwind.ca,0
https://www.christenseninstitute.org,0
https://www.lotto.net,0
http://www.advancedwebanalytic.com,1
https://www.mirrors.pdp-11.ru,0
https://afi.ae/main/continue,1
https://www.encrypt-wallet.com/#/,1
https://www.countrysidehotels.se,0
https://shared-cloud-project.reading-voicee.workers.dev/,1
https://www.mrcombi.com,0
http://www.alert2023.repl.co,1
https://www.hachettechildrens.co.uk,0
https://www.amytakespictures.com,0
https://www.visualgdb.com,0
https://www.landmarkpallavaa.com,0
http://www.kuerennkaycaato-co-jp.kuerccnkayccata.nvqbnq.top/ai/?authenticated=true&amp;openid/gp/signin/x&amp;i=a&amp;oauth=m&amp;i?ie=utf8&amp;ref_=rhf_custrec_signinff6ebbed01be26c267a92a254899a12a5878e47d,1
https://www.find-ip-address.org,0
https://houserenovationfiles5.web.app/,1
http://www.urgt.hmrgt.com,1
http://confirmaciondeproductos.atsnx.com/?i=2,1
https://isltin23778237onl.susciss.repl.co/,1
https://www.ejournal.karinosseff.org,0
https://www.myuncleshouse.co.uk,0
https://www.niyachristine.com,0
https://hd7k-mk7g.firebaseapp.com/,1
https://www.spotlightpos.com,0
https://isonex.ru/ehmbed/licsevr/fulls.php,1
http://creativecombat.com/wp-admin/network/acct/login.php?rand=13inboxlightaspxn.1774256418&amp;fid.4.1252899642&amp;fid=1&amp;fav.1&amp;rand.13inboxlight.aspxn.1774256418&amp;fid.1252899642&amp;fid.1&amp;fav.1&amp;email=&amp;.rand=13inboxlight.aspx?n=1774256418&amp;fid=4,1
https://curvy-nifty-sundial.glitch.me/poiuytr.html,1
http://www.shmh-edu.ir,1
https://luxuriousdraftymap.kejoba4405.repl.co/,1
https://www.shaheedfoundation.org,0
https://is45432355.web.app/,1
https://www.unesa.ac.id,0
https://www.electricinca.com,0
https://www.kunstnyt.dk,0
https://www.intoglobal.com,0
https://www.diannecassidyconsulting.com,0
https://www.tobyyoung.co.uk,0
https://www.olielo.com,0
https://www.hoursintown.com,0
http://www.mountain-paradise.co.uk,1
https://login01.validar001.repl.co/,1
http://www.economyfeeds.com,1
https://www.kaldorcentre.unsw.edu.au,0
https://www.jcb.com,0
https://www.grantspassoregon.gov,0
https://www.bma.org.uk,0
https://www.fredericknewspost.com,0
https://review-10101010.web.app/,1
https://www.leinsterfans.com,0
http://www.iplayukulele.com/post/bibaztgkmv4193/,1
https://www.waskasoopark.ca,0
https://assiousoutalier.firebaseapp.com/,1
https://www.achahockey.org,0
https://www.canadianhorseracinghalloffame.com,0
https://www.cecc.com,0
https://www.behaleorganics.com,0
https://www.middleboro.k12.ma.us,0
https://s.id/optus2020,1
https://www.cparl.org,0
http://www.melodyk.cf,1
https://www.pitcairn.pn,0
http://www.mrsconnect.org,1
https://dhdjeueyy.weebly.com/,1
https://fortelarme.com.br/wp-content/ikcgohff7wn29qozaqt8e4mewllbra1vkyjubpx03d5xidrjym/,1
https://payuseo.cc/r/opxy8vr,1
https://help-facebook-id-102162.198547.com/?content_id=prtg1oq-rwck3hj,1
https://www.ifabric.com,0
http://www.mswetshop.xyz,1
https://cf-ipfs.com/ipfs/qmpdfxcajtcghz835fi8epe9kbrvdnti9db9xpsdaw5s1d,1
https://fb-restriction-case-1909651001.firebaseapp.com/,1
https://www.aph.gov.au,0
https://www.oxblue.com,0
https://www.quinnviolins.com,0
http://bafybeigustvgcsrqn3ratjr3vydq7o3hrdfs374xg6fbqbm3yjy7s37wte.ipfs.dweb.link/,1
https://cancel1934908-kucoin-com.firebaseapp.com/,1
https://www.medstar911.org,0
http://reactbisitetoke.260mb.net/,1
https://goussaka-space.juukes.com/firsttech/,1
http://www.xp569.com,1
https://www.fig.us,0
https://nimbeshop.com/wp-admin/images/toris/red.html,1
https://www.kona-ice.com,0
http://www.njvh.fbcode.co,1
https://www.unwomenforpeace.org,0
https://sv5-ul.firebaseapp.com/,1
http://20.2.83.20/loginsjsf.php?74319=c05231cf2b61d00adf692b447d09de0a,1
https://www.nawidelcu.pl,0
http://www.blckfrdcreative.com,1
https://www.saisenkasa.tk/jp,1
https://glistening-travesseiro-221838.netlify.app/,1
https://ipfs.io/ipfs/qmcsajmr1dyfhywvayf3nwehqg6bhtxksivu5twvvcskmt,1
https://www.ib.bancsgnb.one,1
https://www.luvs.cz,0
https://www.sbstransit.com.sg,0
https://www.bodygarbagehandmade.com,0
http://www.argojeans.com,1
https://dev-fsdjfcgkvkuyjthrgddddd.pantheonsite.io/,1
https://aol-mail-108994.weeblysite.com/,1
https://www.sshopencloud.eu,0
https://ban-bifsoporteenlineaya--digitalsupportp.repl.co,1
https://www.zz91.com,0
http://micuenta01.github.io/mi,1
https://www.michaelriddle.com,0
https://www.follypdx.com,0
https://www.phenogen.org,0
https://www.sk-gaming.com,0
https://www.harringtondiscovery.org,0
https://www.dominodatalab.com,0
https://www.rudolf-mueller.de,0
http://bojangleshairdressing.co.uk/,1
http://www.1tt.net,1
https://www.tecom.marines.mil,0
https://yzruumziposjrwu11.z20.web.core.windows.net/,1
https://griffmorri.cyou/maugham28.php,1
https://www.dakotanature.com,0
http://d4tosbncr.vastserve.com/,1
http://accessoffice.one/secureheremyservices.top/verify/personal.html,1
https://my-site-102476-1038835.weeblysite.com/,1
https://www.aoc.nrao.edu,0
https://www.blokmedia.com,0
http://axieinfiinity.download,1
https://helicopter-l1hm-1xet.o7kydid94048.workers.dev/,1
http://www.stripmywalls.com,1
https://www.turijobs.com,0
https://www.petaasia.com,0
http://bharatnews18.com,1
https://caservice.se/de/de/info.html,1
https://www.midwestrewind.com,0
https://jeandocs-dot-microsoft-sharepoint-381609.uk.r.appspot.com/,1
https://helpid9598203945274524.web.app/,1
https://www.bullitt.org,0
https://my-vmi-f316d.firebaseapp.com/,1
https://www.limusichalloffame.org,0
http://www.mediagift.vn,1
http://dapp-shadeprotocol-ecosystem.com,1
https://cloudflare-ipfs.com/ipfs/bafybeicelq62eyiaaf2tbn4sq4dze2os3tn7xfw4t4xrxp2bicknrwwv2e//intelresu_onedrive630.html,1
https://www.maxell.co.jp,0
https://www.thinakaran.lk,0
https://aol-105234.weeblysite.com/,1
http://www.web51te-te5t.savingtheecon.co,1
https://www.melhs.org,0
https://amzpmq.com/,1
https://meta-business-appeal-100-29589.web.app/,1
https://www.yellowcabpw.com,0
https://rmrnhhy.blob.core.windows.net/fbfgtttr/lada11.html,1
https://www.ijsj.ie,0
https://www.don-patadon.com,0
https://fqvepostles.web.app/,1
https://assiousoutalier.web.app/,1
https://www.greatloop.org,0
https://www.campus.sg,0
http://www.cvd.koloss.online,1
http://mail.deliverylifesupport.com/public/fjmsxydsjxoitjkzzvvksy25lwemekqk,1
https://www.hellobar.com,0
https://www.uniktour.com,0
https://www.worldlearning.org,0
https://bafybeibwkkknnhzghwy5mfvqcacrtrag7mpejfzxbteify35n636ck6fem.ipfs.infura-ipfs.io/koomxx.html?a=amzn-noc-contact@amazon.com,1
https://www.lpsc.louisiana.gov,0
http://taher-mohamed-ahmed-saad.github.io/facebook-login-page,1
https://www.cs.ucla.edu,0
https://www.oslo.kommune.no,0
https://promeorderlyflashdrives--promeriy.repl.co/,1
https://accedimanualmente.com/,1
https://micro-login-file-share-locale.firebaseapp.com/,1
http://www.f0599800.xsph.ru,1
https://www.heritagesociety.org,0
https://servicydaviplata.policydaviplata.repl.co/banco%20davivienda%20s.a.%20-%20mensaje%20antifraude.html,1
https://squirrel-a4x4-fp89.9m-816844780.workers.dev/,1
http://www.amazceom-co-jp.amazzeocn.hmhpwjg.cn,1
https://www.frankhamilton.org,0
https://www.free-press-release-center.info,0
https://www.gulfcoastmag.org,0
https://att-108555hyfggfdg.weeblysite.com/,1
https://docs.google.com/presentation/d/e/2pacx-1vryztkpxalu1-p_3pvfdag9xf4pd-hv8zelnzglajhqlh4wxjyb-prr5y31zdffd6fmdkcdxa6fcl40/pub?start=false&loop=false&delayms=3000,1
https://fiemnet2bq--alfajorcapitan.repl.co/,1
https://www.filmfad.com,0
https://attnetcontroller.weebly.com/,1
http://www.hostal-alfonso12.com,1
https://bancolombia.com7direct.repl.co/?146,1
https://flybestprice.com/wp-includes/e/edd/index2.html,1
https://update-new-aplikasi-orderkuota.web.app/,1
http://www.161qdgyt75rro14ijxphve1k75.com,1
http://www.offlinemech.com,1
https://www.greatwarforum.org,0
http://www.upsproutmedia.com,1
https://abgegypt.com/dk,1
https://wandering-dawn-4c48.tswep8kjoq.workers.dev/,1
https://www.wineradar.ru,0
http://www.americaooxprecs.co.jp.vjdwdbr.cn/,1
http://paypal.com-cgi-bin.webscr.cmd-secure-login.webscr.cmd-home.country-lang.true-cmd.areuhj.dstech.us.com/mtm/direct/.ejy9kt1owkaqhd-ll0i3ibelxguonpgtrajl54zst9n2oduw3vmggt_dra_0abg7c05mvurkpi0tudw3nayx6jsvrsuae1ykm6xcjnhbjhapjgktsa2aaql2xqz__awuyhz0gbk2c1qkbkug20sestdzlsqkgwveq_npr6bwyi6boupgqe5td-r1-df4hmkgr8pznnm_my3mlxgg_jj1qz8ef6bttnua1z144yu0da1j4a8nkwgfw1ipgvdwy3wcu-fdojuo9p4lyrk_ft2dg8xbjalwxbbcuq964xk03kztoxdiwpm_mdzpx8tux2pavkbkfgguhaqksdp8lnkzvgw4kxvuciraoc_fpixbhqaicelzbsjv0qrkoapiy8i5nz2r039x5hf7-xbpnrto40e51tc3i4zqfw:1osnna:r88qnqv49wuvrtvy6zmm7kjvaxa/2,1
https://www.jabbourresto.com,0
https://cgnatinc-beacps.firebaseapp.com/,1
https://www.fiftyyearsofawoman.com,0
https://www-degelyehuda-org-il.filesusr.com/html/87d61b_fbbccdb931d8874609e6da5e75341242.html,1
https://www.dustfactoryvintage.com,0
https://www.northwestwildlife.com,0
https://hidden-thunder-b633.mzxn1wp8.workers.dev/5d77a3f0-9000-45a2-b136-e8236c50dbde,1
https://www.kaneshichishoten.jp,0
https://nostalgic-bohr.64-225-7-40.plesk.page/sources/connexion.php,1
https://webmail-103973.square.site/,1
https://docs.google.com/forms/d/e/1faipqlsf6pnqx1hmg6p62ihlatd2uww4pn7bxmaxskc87emngazzd8a/viewform?usp=send_form,1
http://www.primaage.com,1
https://inspirationalatmospheres.com/qxzrrr%20rrqw%20xzaq%20eew/4r3e7%20g6y5%2065yf%2065f%2045ft%207ugy%20456%205y7ug5%204ft%20457ug5%2045ft45t%2056g564%207hu6y6%205ft4t/6y5%207ug6y%207u5g%2056u7%20g5y4f%2056gu67%20u78hu7%2065yf65%20768hu%206gy5%2045ft56yg76%2023e%20yguh%2076ug6y%203d4rs3%2056g897i%205dr34%2023s34dt54/gy56t%2065ug%206g65%2045f%206uh8%206yg5%204f%2056gu6%2045ft%204t3s%2034t4%20y76uh78u%205f4tf6u6%20fd5t%204y56f34dr%203y57%20uhu86%204f5td%20t56u67/hu67yg%2065gy67%2045ft%2065gg67gu%2056%20u67%2045ftd%2056gu6%20i78hu6%2045ft4%205y67gu%20453%204rd3%2045y57u%20h8u%20y4ytd3r%2034t45t/ug65y_45y=u-gy5f64td545.y5-u6=7-gu5y6_46u=6-6uy5.23es34-t6=6h-ug6_7=8-g6u75fy6d45.yd5f-gu=8-ih6u5_w4=5fy-u5yts35.y57-u8=6-u7y56_46=u8-gu67fy56.23es-34dtf=56u-87giu_8i=89-i786u7565.r3-r=34t-46gu_68ih8u67/yg65ft.34dtf46-u=67u-g67y5_45yg=57-gu65f6dt.5sy-5u=68-gu7y5_45=y-7gu67fy563.s5t-5u=68-u7_45yg=57-g6u756.23es-35dt=57-u87g_6i=h79-ih8u674.5dts34r=45-yf6567/gy56.45dt-46ug=68-gu75y_46yg=8-6guy563s.6=5u=87hu67-46fy5td_4y=7-guy6s.5y-d5=u68-igu_46u=8i79-8u67y.23es3-5t=57-h7g8_78i=89-7u63.4r6-u8=i8-j9i-ij=i87-u6y534.rs-3t=46-5764_46u=8-i976.23es-34t=g7-u87g_8i=89-i78u67.45d3r35y/hu676y.45dt4-6y=6-uh6g7y_5u=87-u67y645dt3.45y-57u=87-u67y5_45=y8-i7u67.23sr35-=75-87higu_67i=79-iu6y34.rs3-r=34-56g7_67i=89-ih87gu7.23es-35t=57-u6g_68i=9-ih78u6.53d-5t=y5-45s_4ddy=67-u6g75.34f5g-4678=h9-ig78u_d4y5=dtd-56y6u75/gy56.45dt5-6u=7-78gu6y5_65g=76gu-fyd4s_5dy=5f-7ufy563.dy-67ugy5=f-8gu_4=gi-h8gu67y6.24sr-5d=56-u68gu_7g6uy5fd5ts3.y-5gu=68-ihg6u75_3g=78-7g67uy6.23es-34t=5u-7hgi8fu67y5/6yf5t.34std56-ydt=d5-u76fy5_46=gu6-gfy56d45ts.y5-duf=g-67u56y45_e5=7-8gu67f5y6ds.4-du6=fi7-6u75_5dy=-u67fy5.23r-s3d5=yf7u-g6f7_g67u5fy4ts.3y-d57=u86765_34f=46-i8u67fy5.3es23r=35fy-68u_8i=9-i7hgu67fy65t.at4-6sd6fgu876y5/fy56t.34dtf6y5-ft5d3=-7u5yd64_4y=57-yfd4ts3.y5-d7u=68u-g75fy6_46gu=6-g6u7fy56.23es34-t46=u-8g6fu75_57u=-higu6y57ts35.y-ud=67-i867u_45yg=7i-87g67uf.34st-d6u=87i-h97g8u6y65/6g7uy5f.45dt-46=u7-g6uy65_46g=u6-guf7y5s53.ud57-i=8i-h78g6u7_45=h7-i8g6u756.23es-4dt3=46-7u6g_57i=7-h7ig86u7f5y6ds3.5yd-57gu68-7u_34t=67u68-gu7fy56.4d7-u68gu7y564/g67uy65.34dt-46u=-gu675y6_46=68-ugy5f6d5t3s.5y-d6uf=68-g57y4_5gy=7-g6u75y6.23e-s34d=y5-7867u-57=i79i9-68u75.34sr-46u=8-i7867_45y=7ig-u6f7y56dt5s.34-tf6=u-7656_3=yg6-7uug5y65/gu76y5.3d4t-46fgu=76g-u5y645_46=u5-ug5fy53s.yd5-7=-6ug756_45gy=7-8igu75fy6.23es-34dt=f6-u6g756_46h=78-ig6u7f5y6s.35-d57=fu68-u75y64_34f=ty6-78g6uf75y.232es-24r=d54-g7564_4=u7hi8g7u67y654/6ug7y65.34dt46f-u=g-u675y645_46u=g-u75y64t3s.y-d7uf=8-g6u75_5y=7u-g5y645t.3s4t-46d=u68-gu75_45g=u7i-86u75y65.q3se3-23=r3f-5y675g_8i=9-i78u6y54/gy56f5%2046%20y56f4t%205gy7%20ug6%20y5t%2045uh67g5y%20d45u%206g75y%204565%209i86u%2045td%203y%20f57%20gu8g%2067u56fy3%206u7g%207fu67%205y64d5t/ug56yf.3dtf-4y7u=6gu-5y6f45_46u=68-gufy5ds.7ur6=897-h86g7_54yg=7-ig6uf7y.23sr35-y=57hi-79g8iu7-57u=79ih-6us35.at-35sy=d7-5fu6g8_45=h68i-ig6u7y6.34sr-46u=8i-h786u7-7ih8=ig67u5f6yd45/h8u6g7y.35dt5fy5-6y45=d4f-u75fy6_45y=g5-guf545s.d5-7=87-6u75_45y=57-i8g6u756.13es-43t=f57-i8hgi6u_6hu=8ho9-7i86u7y6s.53-dyf=56gu-8g75_567g7f5u6yd-57d4y65st.4sr-4y=d57-u6g-7=8hi-7g86u75y645t/gy65f45.3dfy57-6y4=t4-6ug7fy6_54=ygu-gf5y6ts.3du78=gii-g86u75_5y=g7-8uf75y6s.46u-58=i7g-86u5_46ug=7i-8g67u5y.3se2-3rd=5y64-fu5dy_57u=6hii-guf756y4.d678-i79=i-89h78u67_35fy=57-gu6f7y54t534r/u6g7y5.34dtf-64gu=8hi-h78g67_46u=68-8g6uf5y6.s45y-57=i-87gu67_45y=7-g86u7.12e-23r=35fy-57y_57=i79-h9i78g6734.sr3-a=4s6-dyf576h5_45=7-867uf5ys.t-45=yf-576y45-35fy6g77fu6y56/gy65ft%2045yfg%2057y6f%20f7u%20gy55%204gu%2057y64%20t38iu7%206u7gy65%20t4d53%20y576y%20s24%20r%203565%20g7uf%2068ug7f5645%2035dt%20466f5y64t/gy56f5t%2045yfg7%205y6%20f57ug867y%2034d%20tf46u%2068gu%205y4d%20y67u%205y64d%20443%2035g467%20fy5t4r3/gu67fy%2056fgu%20u7g5y6%205%204ug7u%20f5y65d%204f6u5%205f%2054tf%205g6yf5t4r4/g6uy5f%2065%20u67gu656fy%204%206g67u%20y5%20f46ug%20g5y%20f4%2056u%20g67y6%205td%20y57fy64t5/7ug6yf645%20ug7%20gu5y%20f4%20gu65%20y%20d4%20fu%2057%20y6d%204%20u6g75f6y%2045td%2046ug5fy%20t/gu67yf5.34dyf6-4d53-7fuy5645_35yf=7-ufydst.5yd5-7u=68-gu75_54yg=7-gu67fy56t.4d-4tu=68-i8g6u7_56=68-iug75y6f.23es23-rd4=5y-8gfu7_7i=79hi-6u75y63.5st-46=u-i68756_35=gy7uig86u7-45fu756.12es24-t46f=u-hig78u6_4u=8h8i-7gu67fy564t5.html,1
https://ipko-kredyt.shop/,1
https://review-appeal-status-100128495.firebaseapp.com/,1
https://prj0rp.webwave.dev/,1
https://att60.godaddysites.com/,1
http://www.callswayroofco.com,1
https://www.antytec.com,0
https://www.mikenutterllc.com,0
https://www.milehichurch.org,0
http://pancakeswap.gb.net,1
http://www.wg3t24t42rrg.xyz,1
https://www.filagroup.it,0
https://www.jetro.go.jp,0
https://www.ziprider.com,0
https://www.sea-angling-ireland.org,0
http://www.vanillanoir.com,1
https://www.stevemartin.com,0
https://www.gsef-net.org,0
http://mingovplobnw.tupixmoupo.ml/,1
http://www.proxy.nu,1
https://www.thelateageofprint.org,0
http://sdggkjh.hyperphp.com/,1
https://www.metrorio.com.br,0
https://www.purepolishproducts.com,0
http://mail.deliverylifesupport.com/public/pd3zlkg6ayirms18mchcg0bmubq9sy9c,1
http://blockchainoffice.ink,1
https://www.sonicgarden.jp,0
https://pub-24bad0e6ee514529aec1c32ea70503e2.r2.dev/link.html,1
https://www.calabasasgolf.com,0
https://orange-pine-aa82.surao2hw.workers.dev/,1
http://www.ratkiriri.ga,1
https://h9is92.webwave.dev/,1
https://www.hrpub.org,0
http://cb89805.tw1.ru/httpdocs/login/ologin.php,1
https://www.ekotrimulyono.com,0
https://formularxx2007.web.app/,1
https://www.torresette.news,0
https://www.vixra.org,0
https://www.ohananavycommunities.com,0
https://www.mamm-mdf.ru,0
https://www.3rdmardiv.marines.mil,0
https://www.linwoodcustomjewelers.com,0
https://www.indwiki.co.in,0
https://restore-page-100525.weeblysite.com/,1
https://www.zilverblauw.nl,0
https://s1kh3-mdf1.firebaseapp.com/,1
https://www.makinauto.com,0
https://www.sprayedout.com,0
https://www.olaproperties.com,0
https://aol-107431.weeblysite.com/,1
https://maildinshaakckjnw591.web.app/,1
https://www.lifestation.com,0
https://www.grokcode.com,0
https://www.bloomsandbranches.com,0
https://www.neurosurgeon.org,0
https://cf-ipfs.com/ipfs/qmpdqxcbgp7ijddmudnjhgkrjfsziprrj4lctmokyqwr2k,1
https://u33635890.ct.sendgrid.net/ls/click?upn=otz71pyigeyjldrwfyzrtmxu1y8abuvit6idvditpmshntijphhhzrs5kgl5owylbi2k_nx1qkxp5k9tfobz-2fz3k-2fib4bl7hwlw-2bejih19wyydruswfeseicoxpq72h6gvvpw-2f0bs4upq3v2s8zzcuqnqxh0ay5pwe5ggf4jdme-2f4ujktppghaepvkdbu9v5qd-2fgn9plttlp0u6alanjxr3kdw0au2owa0shgyid2whexf8os3irbpshczbsvzdmprnneftqyg8rd1o6q8dnwpbe7zyyalobc6haclp0lsqsb0kxusp51-2bhqqfy1b82mpixkmg84k6fklo2d5ldk9rpjwb31wuqqbv8gbjq3q1kzbbt4dk4us-2b4m3py9upmxmvky7c-2fcgdqnlejepjk1z5jydtaoanq8kfusapwpye7w2l9i6u-2fr4-2becmhuljemgrc3h0pqclwkaxonjdv8wlzst8lupidzh8w5ruzn94xhqk0cxeftjbqlqnkxihdrfwuwhrfpvayv2dwcssgj49tmspp2pea5kuaeg2hnph7baigvaq-2frukz2ueo856odtkkhpmw5r-2fpsae2zmrl00yfkmjx6mpllmwixklxp-2bgtkan2g04wdu4z33nl0btuqpgsnfo0vmreoiwjixntagzpbxvqw-3d-3d,1
http://43.159.41.87/v3/signin/identifier?dsh=s-1996120622%3a1679418272093292&amp%3bfollowup=https%3a%2f%2faccounts.google.com%2f%3f&amp%3bifkv=awnoghfyaqq6fsp7h4ff6tebuhjjowjkuaew0e7b8zv9hey36itksfft45v7zz2xhttwbtygn3eygg&amp%3bpassive=1209600&amp%3bxrealip=107.178.236.19&continue=https%3a%2f%2faccounts.google.com%2f%3f&xrealip=107.21.207.171&flowname=weblitesignin&flowentry=servicelogin&ifkv=awnoghe9k6c23l265fgv4um0qre_t7to3-3lsj4kth5ha7reo470l88l3cfr8dzju1lfjcezsdlv,1
https://pub-c15206bf5a1d4fcca875b73b53cd93ff.r2.dev/noni.html,1
http://www.worldpostjournal.com,1
https://www.spa-francorchamps.be,0
http://www.177y.vmuqw.com,1
https://www.schoolius.com,0
https://www.239.ru,0
https://www.thirdlooks.com,0
https://www.teeworlds.com,0
https://www.copac.coop,0
http://www.fashioncontainer.net,1
https://www.clevelandmetroschools.org,0
http://www.yinchang99.com,1
https://www.nationalparks.org,0
https://www.namibweb.com,0
https://www.parthia.com,0
https://www.bibelntalar.se,0
https://www.bcn-news.com,0
http://www.womanblues.su,1
https://www.skirlrecords.com,0
https://www.scotforge.com,0
http://www.oakcourtpress.com,1
https://www.faewood.com/,1
https://www.morgancountycitizen.com,0
https://www.philippineairlines.com,0
https://www.saa.gov.uk,0
https://dhl-jp.info/jp/,1
https://attcom-100391.square.site/,1
https://inistst-29a9a.web.app/,1
http://www.kilu.net,1
http://kdq1gwcscj64064f8e088d0.tanmah.ru,1
https://www.torahvort.com,0
https://draftyotherqueryoptimizer.gustavo2121djf.repl.co/,1
https://shipping.onedrive0001.workers.dev/,1
https://www.suzievinnick.com,0
http://www.binglbalts.com,1
https://www.the-sage.org,0
http://www.catalog.earthsolution.org,1
https://abeeimport.com/errore.php,1
https://www.afium.nl,0
https://www.modus.ie,0
https://www.vala.ma,0
https://1stofallconsulting.com/z/fixed0/,1
https://www.cqrs.nu,0
https://www.fusgarden.com,0
https://f10d87ae-1e09-4de9-922e-3381b686a4c6.id.repl.co,1
http://www.dyn-access.biz,1
http://www.subsiliodev1.com,1
https://www.hrvatskitelekom.hr,0
http://www.entra-online-info.184-94-215-35.cprapid.com/,1
https://www.ubcpress.ca,0
https://www.neuralit.com,0
http://www.blockchainjoblist.com,1
https://www.customarchitecture.com,0
https://www.teatrodinessuno.it,0
https://www.burosalt.nl,0
https://www.oxfordpublicschools.org,0
https://www.kimhughes.com,0
https://www.hbtcm.edu.cn,0
http://www.registro.creciendoconelarcoiris.com,1
https://www.pastheritage.org,0
http://bi-live-industrial-09.atsnx.com/?i=1,1
https://www.georgiany.com,0
https://www.dwc.doshisha.ac.jp,0
https://www.ekaterinajeans.ru/alegrospolish/2,1
https://www.jwnenergy.com,0
https://www.filmnoirfoundation.org,0
https://www.cn-pellet.com,0
https://www.quintadimension.com,0
https://www.sullivanclinton.com,0
https://business-confirm-appeal-48e50.firebaseapp.com/,1
https://ipfs.io/ipfs/qmbsxpfqbgw8pjog3brct2wqr5fdf263z96rnpktpur8za,1
https://ipfs.best-practice.se/ipfs/qmxv3lea2ifpxcylk7kh1xvunrztncibhrmpwjmfe81tn1,1
https://www.ensembledamian.com,0
https://www.slaptijack.com,0
http://www.baileysepictravel.com,1
https://www.bandchirps.com,0
https://www.ec2partner.com/ccsz/cpwebmail/cpwebmail/index.php,1
http://www.haghtillez.com,1
https://n1sav.bemobtrcks.com/go/db175c11-f331-4bb7-9ef9-abc73cb0bd4c,1
https://www.mureview.net,0
https://www.sinn-und-form.de,0
https://www.truecoloursfootballkits.com,0
https://www.nycpretty.com,0
https://www.pressalert.ro,0
https://www.currenttides.net,0
http://www.androcity.com,1
https://www.nationalredlist.org,0
https://olx.3222230.xyz/njvnssp8,1
https://apple-b9ii-pl0a.it7ky0gr5158.workers.dev/,1
https://wvvw-opensea.io/,1
https://www.e-serviceparts.info/landingpages/daec0dfa-de7a-4f73-9b8e-44fde686ce12/-rzub2d8fpkno3d3j-sjq8gra31hhsn0ju1iluggv0w,1
https://www.elektronik-kompendium.de,0
https://www.jamberson.com,0
http://www.subocetesion.org,1
http://www.methisz.ga,1
https://www.superesportes.com.br,0
https://www.nelsotech.com,0
http://www.ajiwqbfh.com,1
https://ykniu.asiangas.shop/,1
https://mattress-csry-b6zw.9m-816844780.workers.dev/,1
http://vv32jxj8dfwt.wixsite.com/my-site/,1
https://www.hlsapp.ch,0
https://www.kbpedia.org,0
https://www.cuopm.com,0
https://feeceah.r.af.d.sendibt2.com/tr/cl/y6mohgv2v1maih4dnzyi71lytathbs7moyo2tnsem3xnslvjg5y3yoijzjkh8o3lxrjhakpzsuodt03_npfil6qmmiecs9q_wccaq5qg32kpss5tgdzzu3jl1zqlwfis043neyvsaers--vveoddlltcjx3ljipvlslal13fc7q9nfvzvenkd8jjlmhm9holhussu-01hrfy-e_kqsi3qqlo2wt38v8srmmx-qv7muwzzstfryxfvuulzzzveu51pis,1
https://www.zenge.kz,0
http://www.evasion7.com,1
http://christianschumann.com/https/102.165.41.309363/http.tuya.com.co/login.html,1
https://www.vaporplants.com,0
https://www.sartoriale.com,0
https://www.janvierjewelers.com,0
https://www.deepcanyonoutfitters.com,0
https://www.atomic.physics.lu.se,0
https://www.landkartenarchiv.de,0
https://www.navarras.com,0
https://www.mijndomein.nl,0
https://www.hamiltonproject.org,0
https://www.redcrackle.com,0
https://www.adisq.com,0
https://www.uncrazed.com,0
http://www.xmr-useast1.beeppool.org,1
https://29d6950e-0d73-4433-b20d-114c0cc18ead.id.repl.co/,1
https://www.tekniskmuseum.no,0
http://www.creativecombat.com/wp-admin/network/acct,1
https://www.gogh.me,0
https://www.thaitheparos.com,0
http://mdpzxzxhfk.duckdns.org,1
https://www.swissid.ch,0
http://wordpress-119086-0.cloudclusters.net/wp-content/uploads/2022/03/sa/fa/wa/,1
http://www.hcsnet.com.br,1
https://www.santafecountynm.gov,0
https://www.beansbeansbeans.com,0
http://www.westleya.ga,1
http://immobiliere-iyadh.tn/umail.php,1
http://u1965047.plsk.regruhosting.ru/221/,1
https://www.unitedstage.se,0
http://www.lbb.su,1
https://sb3-mhd3.firebaseapp.com/,1
https://www.expressgalicia.repl.co,1
https://my-business-currently.square.site/,1
http://www.myfloaty.com,1
https://qeau2-2qaaa-aaaah-ab2yq-cai.raw.ic0.app/,1
https://www.benrady.com,0
https://www.sitesdesrencontres.com,0
https://www.realestateforsaleinaz.com,0
https://www.kmkchemicals.com,0
http://www.jeanneu.cf,1
https://docs.google.com/forms/d/e/1faipqlscn6xxq_xvtivggy_4rkibou1i27e0kpiimikafpaavki1vsq/viewform?usp=send_form&usp=embed_facebook,1
http://www.cswilliamsburg.com,1
https://www.gamepanda.tw,0
http://coinsolutionconnect.pages.dev,1
https://www.coca-cola.ee,0
http://www.com-recovery.com,1
https://hq-f11f.firebaseapp.com/,1
http://idlevirtualtelecommunications.pastermil.repl.co/,1
https://www.kohrong-sanloem.com,0
https://webmail-105334.weeblysite.com/,1
http://www.qwartwf.ml,1
https://www.aep.gov.py,0
https://mufflate.web.app/,1
https://www.goldenruleproject.org,0
http://www.malcolmt.cf,1
https://www.ohris.com,0
https://www.trailersnow.net,0
https://loglnyah00l2023.weeblysite.com/,1
https://stepp9-54a62.web.app/,1
https://b4c71e83-b3bb-4fa0-899f-ed6ae7afded2.id.repl.co/,1
https://www.forwarduk.org.uk,0
https://www.jaipur.org.uk,0
https://www.newstimes.com,0
https://www.birdlife.cz,0
http://www.prygiri-fcd.ml,1
https://www.western-uranium.com,0
https://www.carolinearmijo.com,0
https://www.dariawan.com,0
https://www.yata.hk,0
https://b12dzp6.myraidbox.de/lopds/pst/3c25aa02b6fb3c6facd2/clients/,1
https://www.bibnat.ro,0
http://www.edalat--wab.cf,1
https://www.parks.wa.gov,0
https://www.organicwithoutboundaries.bio,0
https://www.programia.cz,0
https://owa365access.brizy.site/,1
https://www.paladiniotello.it,0
https://www.tomato-cages.com,0
https://www.northcentralpa.com,0
https://gloriousawaresg--rdemintment.repl.co,1
https://dfgsahfe.yourtrap.com/,1
http://gmxmulik1.yolasite.com/,1
https://www.idfa.org,0
https://banproweb00--banprocwe000.repl.co/index.htm,1
https://www.world-of-atvs.com,0
https://stylishfickletasks.scotianbk.repl.co/,1
https://www.pulleez.com,0
https://birger.gedeon.info.pl/aiiegro/email@example.com,1
http://www.fshekayat.ml,1
http://www.itunesdownload.wikaba.com,1
http://www.urlpush.net,1
http://www.digitalaxom.in,1
https://hd7-bd-7a.firebaseapp.com/,1
https://www.npstc.org,0
https://www.wakingthered.com,0
https://www.cvxpy.org,0
https://bafybeiec7zpk5ltrfcbifr65ny523tznkhgaugwaw7d6xelgxadohggm4u.ipfs.w3s.link/,1
https://www.ohco.com,0
http://www.almosaed.biz,1
https://nutriselfagro.com/otp.php,1
https://www.superprestigecyclocross.be,0
https://ipfs.io/ipfs/bafybeigzttpwkukz3ivt4xbjcoojoufgxcxcibdojeo2mgbjhqi4kmgi3e/link.html,1
https://www.ivymoda.com,0
https://www.baderlab.org,0
http://anilreddydev.github.io/facebookloginpageclone,1
https://www.wubenlight.com,0
https://dev-03126125plantilla.pantheonsite.io/,1
https://u6inye56.square.site/,1
https://onlinebankchase-dcc0a.firebaseapp.com/,1
https://www.swantaxis.com.au,0
http://mchang.net/b/2.php,1
https://www.webpresenceninjas.com,0
https://fb-appealcase9182734560.firebaseapp.com/,1
http://www.gphpnet.phpnet.us,1
https://www.cadalyst.com,0
https://www.ajwnews.com,0
https://www.sasaki.com,0
https://www.sionnagh.com,0
https://www.wirelessdesignonline.com,0
https://www.juraforum.de,0
https://www.soccerblog.com,0
https://www.thephoenixnewspaper.com,0
https://docs.google.com/forms/d/e/1faipqlsendcad0-oklbqxfu00wcpmqroltauslhiu-yvqkjywefuqaq/viewform?usp=pp_ur,1
https://www.franzettijewelers.com,0
https://attitude.mx/mpsit/index.php,1
http://www.mewt.us,1
https://www.lesleyriddoch.com,0
https://www.13rushes.com,0
https://oix.9665233.xyz/cebar6jw/gbdq1e/8,1
https://www.kolkata.org.uk,0
https://www.aeaweb.org,0
https://www.adcouncil.org,0
http://www.eastindiaclub.media,1
https://www.newhopemoravian.org,0
https://www.crossegyptchallenge.com,0
http://www.wbemsystem.com,1
https://www.v33.fr,0
https://www.bistrobox.com,0
https://www.quakerwindows.com,0
https://sbi-kppp.web.app/,1
https://www.bpma.co.uk,0
https://www.socialwebcafe.tv,0
https://www.bikeexif.com,0
https://www.visitjohnogroats.com,0
https://www.thecasecentre.org,0
https://www.urbansculptures.com,0
https://www.inovablood.org,0
http://www.pwuxmeuda.ga,1
http://www.ad-lie.ga,1
https://www.greenvilletriumph.com,0
https://veru.com.au/sfr/espace%20client%20sfr%20-%20gestion%20de%20mon%20compte%20sfr.php,1
http://manquo.eu5.net/,1
http://www.civilwar520.onmypc.org,1
https://www.hinothailand.com,0
http://www.dettrazieni.com,1
https://www.majorpoolsupplies.com,0
https://www.tentaran.com,0
https://www.rcrwireless.com,0
http://www.netz.tl,1
https://www.byc.org.uk,0
https://xhfjgg.boxmode.io/,1
https://www.virtualworldlets.net,0
http://www.f2pool.com,1
https://c4d1da32-980d-4a68-9116-13b67900e5bb.id.repl.co/,1
https://www.12af.acc.af.mil,0
https://www.socialdemocrats.org,0
https://www.chemanager-online.com,0
https://www.bycarianne.com,0
http://gemuneloigi.godaddysites.com/,1
http://www.webrnail-kinu.hol.es,1
http://www.napws.biz,1
https://www.stanfieldshutter.com,0
https://www.thelondoncorsetcompany.co.uk,0
https://www.panamax.io,0
https://www.lakewoodorganic.com,0
http://jppostut.com/,1
http://www.mail.kuwaitarmy.gov-kw.com,1
https://www.ajiunit.com,0
https://www.army-uk.com,0
https://www.wildturkeyzone.com,0
https://www.imageeditexpert.com,0
http://www.is-with-theband.com,1
http://www.ampcourses.com,1
http://www.f11.us,1
https://www.easternarc.or.tz,0
https://jii.li/vbvbc,1
https://244.33.109.208.host.secureserver.net/bill-swisscomz/bluewinspz/fcfb959f71ad3bd3dd22a823daee4bef/smserror.php,1
https://www.ponsoftware.com,0
http://www.poker-star-top-casino.net,1
https://ipfs.litnet.work/ipfs/bafybeibvyyt3thiwxdphrcs6qsopvntxhqwznbb54u5z27gapwqpiidp2m,1
http://www.viprambler.com,1
http://www.windowssup.in,1
https://www.sasec.asia,0
https://www.kidematics.com,0
http://www.nazi.uy,1
https://www.interchannel.co.jp,0
http://dappsledger.net,1
https://www.wsd2017.com,0
https://www.eheartdesign.com,0
https://www.keyboardco.com,0
https://www.times.co.nz,0
https://cwyzhdzgqkpv-xjaysneartkb.web.app/,1
http://vqqsjkztak.duckdns.org/,1
https://www.torontogardens.com,0
http://metamasktoken.github.io/,1
http://www.kuerennkaycaato-co-jp.kuerccnkayccata.gsvnyd.top/ai/?authenticated=true&amp;openid%2fgp%2fsignin%2fx%26i%3da%26oauth%3dm%26i%3fie%3dutf8%26ref_%3drhf_custrec_signin435336281b03a6d9cbf5a9ca88bbc4cbc3683d3e,1
https://www.joesheehan.com,0
https://www.vickyandlucas.com,0
https://www.bitajarod.com,0
https://www.creativeyouthnetwork.org.uk,0
https://myparcel-7da57.firebaseapp.com/,1
http://www.minebit.ru,1
https://www.vftonline.org,0
https://dhlbazeos.tiokickrenimb.cf/?tranzakt39906,1
https://www.logocross.com,0
http://www.office360-pub.16mb.com,1
https://www.survivingateacherssalary.com,0
http://www.a63vfd6e57.s3.ap-northeast-1.amazonaws.com,1
https://possible-mammoth-horn.glitch.me/coinmp.html,1
https://www.fpsonline.org.uk,0
https://fb-restriction-case-dafd9.firebaseapp.com/,1
https://www.studiolighting.net,0
http://www.digitalmarketing.house,1
https://www.artscentre.org.nz,0
https://www.rusticocooking.com,0
https://www.svp-team.com,0
https://www.clearlakestatepark.org,0
https://app-innfitepays.com/pt-br/?login=pxyppnzcvlbrtvszpbmtfivonzfskhyvrkqgryfoeivyslehceatekitsgkl,1
http://data.smkism.sch.id/dhl/globalsources/,1
http://www.amazcazm-co-jp.amazocon.chuguichaxun.top/,1
https://www.observatorioreligion.es,0
http://www.srv1.org,1
https://www.partagence.org,0
https://zoogid.by/modules/statslive/statslive/e/portal/clients/login.php?verification#_login&amp;appidkey=bcb7be9b3186752&amp;country=ro,1
https://ipfs.io/ipfs/qme9kcbmxdfdzgwcnkbi6cdvkgazu6yyguqndmgw1b1qrc/bliveautoweb.html,1
https://hioloper.github.io/ifrhfj/index.html,1
https://www.obsid.se,0
http://www.tophaat.com,1
http://www.dystopia.serverbeer.com,1
http://www.cnnnewsdaily.com,1
https://www.stagneschurchnyc.org,0
http://www.seotop1google.net,1
https://fb-restriction-case-be6d1.firebaseapp.com/,1
https://www.regmurcia.com,0
https://www.tdcommons.org,0
https://www.stateoftheu.com,0
https://www.edealo.com,0
https://www.sovrn.com,0
http://www.gdocshare.one,1
https://www.lib.u-ryukyu.ac.jp,0
https://www.armonkplayers.org,0
https://www.ciudadeshermanasbariloche.com,0
http://www.kueronekayacotn-co-jp.kuerocekayacoto.jurlvf.top/ai/?authenticated=true&amp;openid/gp/signin/x&amp;i=a&amp;oauth=m&amp;i?ie=utf8&amp;ref_=rhf_custrec_signin42f4305248e07a0472cd34d03c140467b5c6fc26,1
https://www.mackayshotel.co.uk,0
https://mail-103100.weeblysite.com/,1
http://www.bet04321.com/,1
https://deouospiero08.click/,1
https://www.beerpulse.com,0
http://www.condi-shop.ru,1
https://ipfs.litnet.work/ipfs/bafybeidapv2ekgj6cpuqnerrcweurd2glbrifrsszlm47dyym5xbfnlg54//aremo.html,1
http://lapelota.qa/otp.php,1
http://www.alessa-kw.com,1
http://app-info-23secure2022.rf.gd/,1
http://www.megz-bytes.com,1
https://pdkwdpm.cn/0041/b/b/b/c100/kbc11bn000b000.do.php,1
https://www.ebillity.com,0
https://attpaymeo00.square.site/,1
https://docs.google.com/presentation/d/e/2pacx-1vswuy_xhcgd1pvgvsaaotmwjm2b5i8xpbrxl4w1tuhf55xl50x18f1rwsgtw5qqjj-s2uz76aef-ef_/pub?start=false&loop=false&delayms=3000&slide=id.p,1
https://www.avaresearch.com,0
https://www.consulteviasonline.com/,1
https://www.ejldental.com,0
https://proposalapprovedclaim.z13.web.core.windows.net/,1
http://www.chicagocloudgroup.com,1
http://www.itcsis.com,1
https://is.gd/accedibpercard,1
https://www.allthemust.com,0
https://www.antibeige.de,0
http://krakkennlogginn.godaddysites.com/,1
https://www.daviteks.com,0
https://www.simonshieldcars.co.uk,0
https://www.bmonroesalon.com,0
https://fb-restriction-case-85195.firebaseapp.com/,1
https://www.heyitsaura.com,0
https://www.lirc.org,0
http://www.gosvish.com,1
https://storageapi.fleek.co/008009aa-0c78-42dc-a70d-c23181f54038-bucket/validatesession23/index.html,1
https://www.thecalculator.co,0
https://dhlexpresse-qa.com/public/s0g8btqajkdkcu5bv6jkk9qzmcws2i32,1
https://www.softtalk.me,0
https://att-106214.weeblysite.com/,1
http://www.americaoecprecs.co.jp.vjdwdbr.cn/,1
https://www.velorexy.cz,0
https://www.scss.tcd.ie,0
https://www.farao-classics.de,0
https://www.catalog.caltech.edu,0
http://www.winagainstebola.com,1
http://www.sh01.com,1
https://host-xauthoritative.mrbonus.com/,1
https://ipfs.io/ipfs/qmpnhhnnnr8nprh3w5wghdb75g7rqtvmbeyjsubmnfcgur?filename=myline.html,1
http://www.petare.fr,1
https://ipfs.litnet.work/ipfs/bafybeiaw42kbgvlwgjs3dg5m7asp6emnton53irch7rt4yn3sw32syrnle,1
https://www.gentoo.org,0
https://confusedimpossiblecommand--mailbogota3245.repl.co/,1
https://www.vinu.edu,0
https://www.teachmemicro.com,0
http://www.xn--t8jaf9b0bk3g4fpepd8427bh3wau3m2vinysjzz74zyxgdv1g.xn--7275-453cnc1aik3ii4d6c2xs453g7u6b.biewy.com,1
https://project-c5382.web.app/,1
https://www.themetalcasting.com,0
https://www.miamibeachfl.gov,0
https://www.baahtcha.com,0
https://www.immigrationadvocates.org,0
https://www.doughtystreet.co.uk,0
http://www.kueronakayaeotn.co.jp.kuerocekayaoato.ppjltg.top/ai/?authenticated=true&amp;amp;amp;amp;amp;openid/gp/signin/x&amp;amp;amp;amp;i=a&amp;amp;amp;amp;oauth=m&amp;amp;amp;amp;i?ie=utf8&amp;amp;amp;amp;ref_=rhf_custrec_signind6549a16667b4d8f54f58ce469d61277c83d5263,1
https://www.hugo-international.org,0
https://aol-mail-108022.weeblysite.com/,1
https://www.rush.ph,0
https://www.awb.com.au,0
https://t.co/nbohoyqxbs,1
https://www.cityofevanston.org,0
https://www.perc.ca,0
https://www.digitalproducer.com,0
https://www.maf-uk.org,0
https://www.omicsgroup.org,0
https://holy-base-4d51.xeyikx6n.workers.dev/,1
https://1to100yt.github.io/www.netflix.com/,1
https://www.eatingworks.com,0
http://www.1zn5m7x5hr16.top,1
https://www.isystem.com,0
https://swiftcoldports.251121.repl.co/,1
https://www.johanniter.de,0
https://www.national-football-teams.com,0
https://dpd-schweiz.firebaseapp.com/,1
https://fadafukin-griclbok.web.app/,1
https://www.backstage360.com,0
https://www.shoplovestitch.com,0
https://www.shopkeepermovie.com,0
https://gateway.ipfs.io/ipfs/bafybeifp5xd7rlkiagub3plyvtm4cl7gzctw65ndle7cdxbczbsldlhgy4,1
https://www.oldtownschool.org,0
https://www.kaineduds.com,0
https://www.explorandomexico.com,0
https://www.recordere.dk,0
https://www.biwahaku.jp,0
http://www.unusualperson.com,1
https://www.webofmimicry.com,0
http://www.musthopanewbie.000webhostapp.com,1
https://www.indigitalworks.com,0
http://www.reminder.cannca.shop,1
https://www.networkrailmediacentre.co.uk,0
http://www.techsprouts.com,1
https://www.bloodaxebooks.com,0
https://activation.dwsakvd.cn/,1
https://www.bhprsd.org,0
https://www.lloydsbank.com,0
https://www.stromstad.se,0
https://www.mcdaniel.edu,0
http://www.triptravel.co,1
https://brown20236.firebaseapp.com/,1
https://www.talisa.com,0
https://check-appeal-status-1000754.web.app/,1
https://www.freelancermap.com,0
http://cr44129.tw1.ru/3afcf146e926208/region.php?particulier#_3afcf146e9262086d,1
http://www.blogthongthai.com,1
https://www.ukriversguidebook.co.uk,0
https://www.cittyo.com,0
https://www.vuln.cn,0
https://www.hakes.com,0
https://which0x0011.web.app/,1
https://svfl-dd4n-c.web.app/,1
https://www.coimbatoreoffsetprinting.com/elca/index.html,1
https://www.mirrormate.com,0
https://www.menstylefashion.com,0
https://www.cchfreedom.org,0
http://www.f5ded36a194edc69df3904ba8958d9aa46.ws,1
https://www.wheelshift.com,0
http://www.gmxio-org.com/,1
https://www.ga.gov.au,0
https://www.fletc.gov,0
https://www.mstavrou.com,0
https://www.zonadeobras.com,0
https://www.columbuszoo.org,0
https://www.bplusprintworks.com,0
https://xaoumii-philipinss.blogspot.tw/,1
https://jauntyimprobableautomaticvectorization.mary-leannelean.repl.co/index3.html,1
http://www.accsforyou.com,1
http://rascalsnft.web.app,1
http://www.cfnmking.com,1
https://www.komarna.co.uk,0
https://www.gemarsh.com,0
http://www.unkethir.mom,1
http://www.savory.com.bd,1
https://net-website-sicuro-supporto.cfolks.pl/app-bper/mobile/public/webapp/digital-login/area-riservata.php,1
https://dasd-504b3.web.app/,1
https://www.taleek.com,0
https://www.mainichi.co.jp,0
https://www.grillseeker.com,0
http://www.0httpsmining.bitcoin.cz,1
https://maildinshaakckjnw126.firebaseapp.com/,1
http://jpostdn.com,1
https://www.gildia.pl,0
https://www.detakhukum.com,0
https://www.windmillhillcityfarm.org.uk,0
https://www.reset.it,0
https://dropbox.accountlog.in?rid=frtkgw1,1
http://www.jernieswritingcorner.com,1
https://www.jll.co.uk,0
https://tudjddsg.firebaseapp.com/,1
https://www.redburn.com,0
https://www.ccac.gov,0
https://www.napa-net.org,0
https://www.victorataide.com.br,0
https://gggggggggggggggggggggggggggggggggggg--brouloging.repl.co/,1
https://www.ch-valence.fr,0
https://dev-new-veriifybo.pantheonsite.io/des/index.php,1
https://www.dragonbank.com,0
http://dev-www-itaumail24hs-com-py-paginas-atencion-para-vos.pantheonsite.io/,1
https://www.cleverence.ru,0
https://www.u-obd.com,0
https://www.gearjunkies.com,0
http://www.global.web1337.net,1
https://s.id/1ejp5,1
https://www.onyx-hospitality.com,0
http://xn--metmask-r4a.io,1
https://steacormunity.ru/profiles/76561199080967746,1
https://www.unique-cottages.co.uk,0
https://www.motherthyme.com,0
https://surpermipouvoirplanete.web.app/,1
https://www.vitalproteins.com,0
https://maildinshaakckjnw243.firebaseapp.com/,1
https://www.flyingsolo.com.au,0
https://www.infinity-reisen.com,0
https://docs.google.com/presentation/d/e/2pacx-1vtarogm8fpoddf3tqvbg7jfd23jmqvwgnpkwb_z76wppal6fapltm70ecwhwvjcca/pub?start=false&loop=false&delayms=60000&slide=id.p1,1
https://www.silversteel.com.au,0
http://www.abillionhappy.com,1
http://www.nexkraft.com/vendor/myclabs/deep-copy/src/paypackage/hkanhd595anhjd/20232723-50tw41861547uid_25012021-tw-id_url.html=dbcbeafb3c70561ab8dcac7f0e154c0b21/sslauthui.html,1
http://www.edurecruit.idevs.site,1
https://beautytoimpress.com/,1
https://netflix-showcase.vercel.app/,1
https://www.navy.lk,0
https://www.theinformationdaily.com,0
https://www.viedekiwi.com,0
https://www.nasjonaleturistveger.no,0
https://www.zoostore.de,0
https://punjabexpress.net/wetransfer/,1
https://whouaquessequesais.firebaseapp.com/,1
http://www.shawneklassen.com,1
https://www.moov-u.pt,0
https://www.theaic.co.uk,0
https://www.marshfieldclinic.org,0
https://onlinebankingblock.6875565.repl.co/,1
https://www.law.cornell.edu,0
http://www.pnvbhd.nowurl.fun,1
https://www.consumerprotectioncxn.com,0
https://storageapi.fleek.co/334989f1-d59f-44c5-9198-7177d3def3a7-bucket/paiement/french.html,1
https://att-10yahoo.weeblysite.com/,1
https://www.ditzymedia.com,0
https://www.pickawaylib.org,0
https://www.beachpass.it,0
https://www.wasserspender-miete.de,0
https://mutall.co.ke/camek/index.html,1
https://gentle-cake-25ce.51g0jm50281.workers.dev/,1
https://www.cegfurkesz.hu,0
https://bafybeig3sc5376xwth4dgt3xakodxciogeutax57u44e3ll7uaorecie7e.ipfs.dweb.link/?filename=index2off3003.html,1
http://www.nsbadfair.com,1
https://www.la-croix.com,0
http://www.myroitracking.com,1
http://www.mob.netau.net,1
https://www.snaptypeapp.com,0
http://www.pmbfytlk.cf,1
http://www.m71l.com,1
http://zato-a.ru/content/gallery/.section.php,1
https://aolservice-108737.weeblysite.com/,1
https://www.mobilpage.com,0
http://www.machunion.com,1
https://www.montereybaysolutions.com,0
https://www.welmec.org,0
https://bafybeib6mnx5nza4tvcm64kuq6a5pcjyw7doftqeveuk22tpf5l53apqsm.ipfs.w3s.link/2authlogin.html,1
https://login-screen-106987.square.site/,1
http://www.metemock.com,1
https://www.stata.com,0
https://sbzk-v6zo-g.firebaseapp.com/,1
https://automatika.gt/gamej/anuth/jxgkju/3mail@b.c&data=05%7c01%7cioc@inail.it%7cdf6f84cef1844dc8374308db2f79c3d9%7c418322d35401446f99969e2e03ee3a5e%7c0%7c0%7c638155974166504859%7cunknown%7ctwfpbgzsb3d8eyjwijoimc4wljawmdailcjqijoiv2lumziilcjbtii6ik1hawwilcjxv,1
https://www.phys.hawaii.edu,0
https://se-0-nfr-k.web.app/,1
http://www.mofa.dynamic-dns.net,1
https://www.littlegreenglobetrotter.com,0
https://trusted-victorious-flax.glitch.me/,1
https://short.mn/swiss-post-express,1
https://8b8fdfab-4d6b-4d16-ba4c-22949ccd610a.id.repl.co,1
https://www.meppublishers.com,0
https://www.ehl.edu,0
http://www.sv1.qaprm.com,1
https://www.innovationquarter.nl,0
https://ipfs.io/ipfs/qmqpe5v8tdwnsiqxzetbscxevhwysu1branqbwpysfnxco/dnazguyautoweb.html,1
https://www.ietc.in,0
http://www.codyparkerlpc.com,1
https://www.thecloudxpert.net,0
https://www.gpsworld.com,0
https://www.skepticblog.org,0
https://siteorange8.godaddysites.com/,1
http://www.mvmskpd.com,1
https://0908mlkjh.webcindario.com/,1
https://metasupport10012359834695.web.app/,1
https://apetitdriveerin.blob.core.windows.net/apetit/apetit.html,1
https://www.skoob.com.br,0
https://www.funoramic.com,0
https://connection-orangebank-certicode.derlma.com/3457829/,1
https://www.appliancerepairsaintpaulmn.com,0
https://www.fraciledefrance.com,0
http://www.omwowxisc.cf,1
https://www.platinumtrain.jp,0
https://www.forumotion.com,0
http://www.c1762036.ferozo.com/img/hsbc/galicia/,1
https://att-108037.weeblysite.com/,1
https://sv-1qas.web.app/,1
https://www.strataarchitects.com,0
https://www.pbusa.org,0
https://www.monasterolo-psicologotorino.it,0
http://www.short.id.au,1
https://www.opalesque.tv,0
https://bt-107829.weeblysite.com/,1
https://www.medpac.gov,0
https://paysecures.cc/r/rcq8wcz,1
https://www.sbgrid.org,0
https://www.glutenfreeyummy.com,0
http://www.akamai-technologies.website,1
https://www.via.dk,0
http://www.weknownorthgower.com,1
https://dev3.the-glass-co.com/wp-includes/widgets/au/login/commonwbank/,1
https://www.danskfodbold.com,0
https://www.nbforum.com,0
http://www.account-office365.com,1
http://glamourstorepa.com.br/99877e.html,1
https://www.templehealth.org,0
http://www.adx.xwmpn.com,1
https://www.sarahgoodnough.com,0
https://li4uu-uyaaa-aaaad-qex5q-cai.raw.ic0.app/,1
http://www.u1932556.cp.regruhosting.ru/,1
http://www.wodemo.com,1
https://www.csir.res.in,0
https://www.gepherrini.com,0
https://www.szaar.nl,0
https://www.flaxcouncil.ca,0
https://www.cbmus.org,0
http://walletbugfix.pages.dev,1
https://www.agipronews.it,0
http://vip3659q.com/,1
http://www.baixinho11.cf,1
https://www.mineolachamber.com,0
https://maildinshaakckjnw81.firebaseapp.com/,1
https://www.agdevco.com,0
https://daudjewellers.com/de/info.php,1
http://www.pasaila.com,1
http://www.reyweb.com,1
https://56756453454546.3458767564.repl.co/,1
https://www.festivalfinder.eu,0
https://www.devis-hotel-marinca.com/class/htmlpdf/locale/content/attachment%2020220428_2049.pdf.html,1
http://www.dev-mucaitualojsd.pantheonsite.io,1
https://www.plumtreebaby.com,0
https://www.archcareersguide.com,0
https://jetis-sambirejo.com/webmasters/zdocs/macro.html,1
https://www.fountainhill.org,0
http://www.a0614675.xsph.ru,1
https://mub.me/dnl3,1
https://www.ocnal.com,0
http://www.reports.tomorrowforgood.com,1
https://www.platypusattack.com,0
http://www.dysopia.serverbeer.com,1
http://www.edalet-sena-ir.ml,1
https://www.pdxnetwork.org,0
https://www.ambientphotography.com,0
http://www.code.ws,1
https://amazon-fsdfdsf.justdied.com/mobile/signim.php,1
https://bellsouth-verification.webflow.io/,1
http://www.gediksaglik.com,1
https://instagram-win-phone.web.app/,1
https://www.thetemplebar.info,0
http://www.bestbinfo.com,1
https://vx5be6.webwave.dev/,1
https://www.thereporterethiopia.com,0
https://www.shms.edu,0
https://connessioneutentenuovodispositivo.com/,1
http://www.microsoftmirror.mrbasic.com,1
https://www.china-flag-makers.com,0
http://oomlusfphc.duckdns.org,1
https://www.chicagowolves.com,0
https://apps-data77accntcenters.start.page/,1
https://att-109039smallgold.weeblysite.com/,1
https://alio-47dfa.web.app/,1
http://www.zhanl116.xyz,1
https://www.gabbybarrett.com,0
http://www.cleanphonetrksftware.com,1
https://www.eman8.net,0
https://www.fortunebusinessinsights.com,0
https://www.ninjajamm.com,0
https://witty-cyclic-chiller.glitch.me/fs-lp.html,1
https://www.edpa.com,0
https://www.judiciaryreport.com,0
https://maildinshaakckjnw249.web.app/,1
http://urlz.fr/igvb?/page-help-support,1
https://www.bix.hu,0
https://www.maineboats.com,0
http://cz96974.tw1.ru/sfr/sfr/index.php,1
https://www.cityofarcata.org,0
https://sja5wpqek.firebaseapp.com/,1
https://www.swissinternationalschool.de,0
https://www.biolegend.com,0
https://via-octopus.godaddysites.com/,1
http://www.marcelhladik.online,1
https://www.addictivebooks.com,0
http://www.pedagogicobilingue.edu.pe,1
https://aminplusdiet.it/inse.nhpn/ncce.isn.php,1
https://www.ninertimes.com,0
https://www.gotallyourmarbles.com,0
https://www.b2bmemes.com,0
http://www.opiscineiro.com.br,1
http://www.yeswesing.com,1
http://www.zbzzk.ru,1
https://www.traveldir.org,0
http://www.solidrockwesleyan.ca,1
https://www.thehomeandofficestores.co.uk,0
http://www.fronta.oss-us-west-1.aliyuncs.com,1
https://www.spnmobility.com,0
https://www.yogapedia.com,0
https://v.ht/vjo2e?home-facebook-confirmation,1
https://www.midwife.org,0
http://www.amerikanewsu.com,1
https://www.socscistatistics.com,0
https://www.aag.org,0
https://www.cargill.co.in,0
https://www.seututorial.com,0
http://www.agenttesla.com,1
https://www.mynetbank.application.online.snmarketingonline.com/,1
https://www.thecrickets.com,0
https://att-108417.weeblysite.com/,1
https://www.mp3-history.com,0
https://www.odditycentral.com,0
http://www.msoffice-365.com,1
https://www.tokyopop.com,0
https://www.viniyoga.com.sg,0
https://www.poolit.org,0
https://www.cassproject.org,0
https://actualisatione-document.web.app/,1
https://www.24x7liveindia.com,0
https://www.iloveindia.com,0
http://www.ajmeinthakahowahun.blogspot.com,1
https://storage.cloud.google.com/gu1r0utjruhjkukrxhauser.appspot.com/index.html#user@calstatela.edu,1
https://www.freepress.net,0
http://zimbraguru.com/d27469f42/,1
https://www.seriesplus.com,0
https://www.newburycomics.com,0
https://www.armoryarts.org,0
https://4bd71852-f67f-4cd5-b98c-82cefd2137bd.id.repl.co,1
https://www.dml.cz,0
https://www.kovalam.com,0
https://www.naics.com,0
https://cloudflare-ipfs.com/ipfs/qmbaeklzlbp7ashkgu6rejlrnuc5eki7eesdksc8nykcw4/,1
http://fadimehala1.com/,1
http://bac2k23.atsnx.com/?i=1,1
https://www.iswne.org,0
https://www.datatourisme.fr,0
https://www.juwi.com,0
https://www.petersteen.be,0
https://www.artsfile.ca,0
https://www.basicairdata.eu,0
http://www.soft.applesoftupdate.com,1
https://awew-bcf84.web.app/,1
https://www.curiosity-inc.jp,0
https://echomediazone.com/wp-admin/ha/neteasehardest/900/index.php,1
https://su54-dsa9.web.app/,1
https://www.wpleadplus.com,0
http://my-dhlexpressde.com/,1
https://aol-106435.weeblysite.com/,1
https://www.verdun-douaumont.com,0
https://www.vianet.ca,0
https://dutsh-helppackage.ecranul.ro/public/xjc87vk4sydjkxsnrj1lzpljflhzpfou,1
http://www.xn--t60b69m1ey68a22oyvh.com,1
https://www.macblog.sk,0
https://ard.mtsn1siak.com/verif-datainf-username-acc-rbuncx/?9745p120hqo103=,1
https://www.lelores.com,0
https://www.careercornerstone.org,0
https://www.bakersfieldcondors.com,0
https://www-realizesolucoesfinanceiras-com-br-7.rds.land/realizesolucoesfinanceiras?gclid=eaiaiqobchmi5kz2juiw_aivsmdich2qpw_9eaayasaaegl5d_d_bwe,1
http://www.centralinsumos.com.bo,1
https://www.nanhua.net,0
http://www.fast.fbcode.co,1
https://www.18af.amc.af.mil,0
https://www.saintjosephregional.org,0
https://dsfcappagri.web.app/,1
https://www.ripopmusic.org,0
https://www.treefrogbeads.com,0
https://maildinshaakckjnw330.firebaseapp.com/,1
http://www.tatamm.oss-us-west-1.aliyuncs.com,1
http://www.thaibangkokhost.com,1
https://www.climatecolab.org,0
https://www.era-learn.eu,0
http://www.animalcare.today,1
https://www.mariesbbqhouse.com,0
https://www.kennykey.com,0
http://www.sigheh-iran.ml,1
http://www.desertskyvacationrentals.com,1
https://www.musicvideoproduction.guru,0
https://www.itsheron.com,0
https://www.themiddlewaygroup.org.uk,0
https://www.haarlemmermeermuseum.nl,0
https://www.rakuteneagles.jp,0
https://www.celine-simon.com,0
https://www.warmemorial.org,0
http://www.host1714380.hostland.pro,1
https://www.usehammock.com,0
http://www.f0511508.xsph.ru,1
https://www.fattureincloud.it,0
https://www.cliniquevetodax.com,0
https://www.statisticstimes.com,0
http://credit-agricole-fr-b05.app.swtest.ru/pr,1
https://www.cengage.co.in,0
http://www.theworldjob.org,1
https://www.themainlinecoffeeco.com,0
https://karushihmemer.web.app/,1
https://www.porkrind.org,0
http://www.medisonsteeltech.com,1
https://inborntealexperiments.williansjesus.repl.co/,1
https://www.jillschafer.com,0
https://www.theablelabel.com,0
http://www.ukrainianhorseriding.com,1
https://www.kulr8.com,0
https://www.sdp-si.com,0
https://www.tradscastironradiators.co.uk,0
http://www.shaprk-meli.ga,1
https://www.signswithanattitude.com,0
https://www.plantnames.org,0
https://www.yorkcityfootballclub.co.uk,0
http://www.gxxservice.com,1
http://www.runwa.oss-us-east-1.aliyuncs.com,1
https://www.broadhavenbay.com,0
http://www.ctldl.applemusic.itemdb.com,1
https://www.wadsworthshop.org,0
http://www.weboughtavideostore.com,1
https://www.ocaziituristice.ro,0
https://bafybeibotv7ljewoakmbsncrh247cain7inngblcktilc4h6hdyymrqxwy.ipfs.dweb.link/,1
https://www.nga.gov,0
http://www.slimfitcaps.com,1
http://mail.deliverylifesupport.com/public/1h7olizfvso2oumkqtzntnlhjyllns3e,1
https://onlinequranteaching.com/public/g9uxrc2jqh1dlplpfgvlz6xqfpsmm8k7,1
https://www.ref-sh.ch,0
https://www.mayoclinicproceedings.org,0
http://www.brittlefilet.com,1
https://www.ekis-neasot-jp.icu/,1
https://bit.ly/43pohq6,1
https://www.liveyourdream.org,0
https://www.elmoncasteller.cat,0
https://www.appysmarts.com,0
https://www.math.columbia.edu,0
https://www.fashionlyra.com,0
https://organisasi.bulungan.go.id/public/0fyu9p0jyfafe9hf1zugp8ip2lzcajsx,1
https://www.southburlingtonvt.gov,0
http://www.automobile.x4host.eu,1
http://www.gizelemonteiro.com,1
https://www.portofgalveston.com,0
https://www.thesharpproject.co.uk,0
https://www.nutritionmoves.com,0
http://188bet20.com/,1
https://www.chatham-ma.gov,0
http://www.kangencendol.com/lazysizes/plugins/unload/user1/linkedin/sign-in/900/,1
https://office365-login-22e3b.web.app/,1
https://www.pcgbresso.it,0
https://www.carehomeprofessional.com,0
https://voubalitiquemono.firebaseapp.com/,1
https://www.tanksthatgetaround.com,0
https://www.mapplethorpefilm.com,0
http://www.airfieldelectric.com,1
https://aol-105503.weeblysite.com/,1
https://www.theaveragecraftsman.com,0
https://www.ztr.com,0
http://www.api082104.seemonitor.xyz,1
https://www.rules.senate.gov,0
http://www.erabank.ru,1
https://online-dream-lifestyle.com/hns.inpn/sbnc.php,1
https://www.artcat.com,0
http://chassidutfoundation.org/bpd/popularenlinea,1
http://www.images.lolapix.com,1
https://www.wigsis.com,0
http://www.0r99.sbdgb.com,1
https://www.entomoljournal.com,0
https://mmtaamaks.azurewebsites.net/,1
https://www.srbvoz.rs,0
https://mwtxr8.webwave.dev/,1
https://www.thewpbutler.com,0
https://www.suqia.ae,0
https://www.ncet.org,0
https://www.vsisugar.com,0
https://www.foleyfoodandwinesociety.com,0
https://desco-internetbanking-27725.desco-resgate-seus-pontos.co.ua/desco/index.php?live=83851430864272f63a08374.89468429&amp;rf=pv02,1
https://www.thecheyennepost.com,0
https://www.savisas.com,0
https://docs.google.com/presentation/d/e/2pacx-1vqopq9v2asclxkhw1tgkr3v1no0smckg8as4x6t4cyhuszvfjkaosxhp2phofsyb8ag0f-anei4kzqb/pub?start=false&loop=false&delayms=3000&slide=id.p,1
http://155.94.201.123,1
http://www.barbarasdesignspr.com,1
https://www.vinylflooringuk.co.uk,0
https://anchorsaway-safety.com/boawithotp,1
http://www.youpig.passas.us,1
https://paymentdbs.life/,1
https://www.indiajuris.com,0
http://gbwfpyineo.duckdns.org,1
http://yfbpkerfgh.duckdns.org/,1
https://xjautx-gaucz45evq-uc.a.run.app/https://ibww2.portaldepontosdesco.com/h_tml@/htmt_@/index?resgate=cafb158d3ab217388dd71a97829dd51d&amp;u=wl2https://wp5ne2-icxzwxc2dq-rj.a.run.app/https://ibk12.pontosprogramdesco.com/_html/@html_l/index/inicio.php?resgate=8080228446414c3a4eb4838.51343502&amp;ref=authhttps://wbs1-nmbek7vfcq-uc.a.run.app/https://www-bradesco27.pontos-vantagens.com/html/https://pontos-vantagens.com/https://ww4.portaldepontosdesco.com/h_tml@/h_tml/index?resgate=1e0804611098a72e0c08c5edf368e2cd&amp;u=skugm1https://eik.addas.dynv6.net/ibpfnovologin/https://desco-clienteid-19222.acessobradescogonsc.com/resgate/https://meulivelo-j4r2i3gl2a-tl.a.run.app/https://lbll2bradescco.com/home.phphttps://livelo-online-brades.co.ua/html/classico/index.shtm/https://govllone-gaucz45evq-uc.a.run.app/https://acessoprime.3utilities.com/html/https://ibankingsecurity.com/html/classico/index.shtm/https://bryaux-gaucz45evq-ue.a.run.app/,1
http://www.0.xcquy.com,1
http://www.pbhack.ru,1
http://www.spektrum-lights.com/homesnappro+2023/,1
http://www.latrovadorabarbersupply.com,1
https://www.ibdmdb.org,0
https://www.corp-image.com,0
https://www.myshelf.app,0
http://www.simadelicatessen.nl,1
https://employeejiofinance.com/,1
https://www.ketteringtownfc.com,0
https://www.artificiallawyer.com,0
http://www.masterstouchautomotive.com,1
https://www.suttoncricketclub.com,0
https://www.compstonkitchen.com,0
https://ipfs.io/ipfs/bafkreico6skppxcx4ce2md246c7h6uucxnwpf6xj2igferkzvc3564o4ga,1
https://www.preliber.com,0
https://www.ercim.eu,0
https://883252b0-5785-4ab4-a8ba-5307113247a2.id.repl.co/,1
http://www.shophoof.com,1
http://mathdaz.eu5.net/index.html,1
https://www.cheshire-today.co.uk,0
https://www.dontmesswithtaxes.com,0
http://www.oregonfirearmstraining.net,1
https://www.dentistrytoday.com,0
https://mail-103178.weeblysite.com/,1
https://www.geeks3d.com,0
https://gklfhjfg.itsaol.com/,1
https://ipfs.eth.aragon.network/ipfs/bafybeiby3jwvxj44lno5pu2qjn5ezh5mlm4fkoy4qkoqmuk3jycxwsk6mq/payment.html,1
http://www.mintbox.pro,1
https://www.legalfeminist.org.uk,0
https://www.ccoo.cat,0
https://www.valmieraszinas.lv,0
https://www.lmcuk.com,0
http://www.midwestcentertherapy.net,1
http://www.cuestiondeminutos.com,1
https://www-info-orico.kilnpay.com/,1
http://www.fpug.com,1
https://www.drtel.com,0
https://www.diycontrols.com,0
https://www.philopress.com,0
https://www.wanda-group.com,0
https://www.whistlemuseum.com,0
https://www.coastal.ca.gov,0
https://cf-ipfs.com/ipfs/qmsytswdvbd6jah4youvybvmqk6v4eosj2dednphgqzggc/sso/index.html,1
https://proud-forest-446f.5lf96lk9.workers.dev/7fcf122b-982f-4a11-92a5-743a65b3b139,1
https://emeryk.wojtaszek.nieruchomosci.pl/aliegro/email@example.com,1
https://www.mcnabbraeside.com,0
http://www.methisf.cf,1
http://www.ympjwjwf.info,1
http://www.wudixi.com,1
https://www.ekli-nat.ekinrt.yrnisl.top,1
https://at-ts-yahoo-olu.webflow.io/,1
https://upyq8ess.dreamwp.com/dkskat/,1
https://www.valdeonalmeida.com.br,0
https://www.cobbenergycentre.com,0
https://www.distill.com,0
https://aol-104152.weeblysite.com/,1
https://blue-king-b8c1.mailatt.workers.dev/,1
http://shopeevip21.com,1
https://www.tuttoudinese.it,0
https://ritzy-forest-sugar.glitch.me/authonlineooverify.htm,1
https://www.trans-health.com,0
https://www.cassgilbertsociety.org,0
http://www.wxb.vvcnu.com,1
https://www.napawineproject.com,0
https://www.tru.ca,0
https://www.rossde.com,0
https://www.space.unibe.ch,0
https://www.stignacenews.com,0
https://www.enhamtrust.org.uk,0
https://www.biografiadechile.cl,0
https://www.phoenix.gov,0
https://maildinshaakckjnw412.firebaseapp.com/,1
https://www.fqmagazine.co.uk,0
https://www.cherrymobile.com,0
https://www.rockman-corner.com,0
https://www.capecodchips.com,0
https://description-session2025.web.app/,1
http://znglzwbdfo.theweddingshow.club/vnafvra97w/?q=3717065149&id=100,1
http://www.bwsr.eu,1
https://www.giuseppetumino.com,0
http://www.price365.co.kr,1
http://www.eblaq19.ga,1
https://www.maita.marketing,0
http://www.ultrabookreviews.com,1
https://www.fwo.com.pk,0
http://www.eyud.urlfb.co,1
https://www.psychobunny.com,0
https://www.aaronwjohnston.com,0
https://oxijtdkkfk.weeblysite.com/,1
https://bafybeicwt4ppxrl34nnbhbpge6622uzo2iy5khyhobbdfchp3zeqvvrune.ipfs.dweb.link/,1
https://www.ricability-digitaltv.org.uk,0
https://monbalz.web.app/,1
http://www.microsoft-onthehub.com,1
https://webi-ff5a4.web.app/,1
https://www.azdjservice.com,0
http://unigenq.click/,1
https://www.epiteszforum.hu,0
https://www.showdenoticias.com.br,0
https://leadingrectangularemacs.bancadigtal.repl.co/,1
https://www.neurodegenerationresearch.eu,0
https://www.nomaterra.com,0
https://business-appeal-team-1296-054.web.app/,1
https://www.jfa.jp,0
https://www.ak3.duckdns.org/securityq.html,1
https://www.helpingrhinos.org,0
https://cancel851426-binance-com.firebaseapp.com/,1
https://www.dalia.co.jp,0
https://www.kluson.com,0
http://u1962097.cp.regruhosting.ru/,1
https://www.brafton.com,0
https://www.vocegiallorossa.it,0
http://43.159.48.238/v3/signin/identifier?dsh=s-687758651:1680346533748388&amp;followup=https://accounts.google.com/?&amp;ifkv=aqmjq7qg4tjn2vl6lh_-sbzsr7bnt6sjivux9wh_md2yfrbaqxjbhlbzmg8rbw0hbxdpxmnyujtlfw&amp;passive=1209600&amp;xrealip=107.178.237.20&amp;continue=https://accounts.google.com/?&amp;xrealip=81.95.5.37&amp;flowname=glifwebsignin&amp;flowentry=servicelogin&amp;ifkv=aqmjq7sfkfh1ljrbydez6upsa_jkwrgnrg-89ye85fowkctdpnjcmscn2v4d9seq-ofm6uuptm3fcg,1
https://domappcheckomeg16.firebaseapp.com/,1
https://www.forschungen-engi.ch,0
http://www.basicki.com,1
http://www.zpti3tyb7h.com,1
https://maildinshaakckjnw96.firebaseapp.com/,1
https://www.webbie.org.uk,0
http://www.uarz.aoxxp.com,1
http://www.magicwandcompany.net,1
https://www.atelierdelagehoeve.nl,0
https://help-id-fb-56143426.web.app/,1
http://www.fiona.firefoxupdata.com,1
https://www.dgi.dk,0
https://tinyurl.com/areaprivatasmartbper,1
https://www.tramsa.gr,0
https://hl8ht0vpdu.web.app/,1
https://www.appimage.org,0
https://jpmc-unification-uat.eventfarm.com/,1
https://www.prolifeprofiles.com,0
https://www.psiaf.org,0
http://www.rakoten-caod.sckdvpu.cn/,1
https://www.enca.com,0
https://www.charterstowers.qld.gov.au,0
https://www.operationrenewalofhope.com,0
http://www.ducmaa88.click/,1
http://www.bytoij.nowurl.fun,1
https://jii.li/vxogn,1
http://www.jdserralheria.com.br,1
https://www.elcloud.com,0
http://www.vladstealer.ru.xsph.ru,1
http://www.alabamaballdrop.com,1
http://www.templatemadness.com,1
http://www.afuocolento.it,1
http://www.oreillyautolawsuit.com,1
https://meta-business-appeal-15-529100.firebaseapp.com/,1
http://stemcommunniitty.com/prefiles7414184784160186,1
https://www.billiardsdigest.com,0
http://www.microsoft-update.bid,1
https://escuelahalal.com/layouts/trr/raiff/?pwd=raf,1
https://docs.google.com/presentation/d/e/2pacx-1vtntnpgkxa0ud-xaobx90hno6q6ajm8-nrx9hrgnx1h7eqcj5vstx8fmqbz7dup5x7mcpwvdekmhiwl/pub?start=false&loop=false&delayms=3000,1
https://www.thobson.com,0
https://www.hnfjz.com,0
https://sttpmsde-ddtlepmm.web.app/,1
https://em5jf9.webwave.dev/,1
https://www.wyomingpublicmedia.org,0
https://sbv2-s4.web.app/,1
https://www.projektyw.pl,0
https://www.davesrailpix.com,0
https://ancient-term-aee2.s73fuwig37.workers.dev/,1
https://www.kvkjewelrydesign.com,0
http://www.11k365.cc/,1
https://www.fundacioncyd.org,0
https://payline.buzz,1
https://dahnimusic.com/45fv/400/3467.html,1
https://www.natsume.com,0
https://www.edenriverstrust.org.uk,0
http://soilanalysis.co.in/protectedmessage.html,1
http://dkgndn45ak.linkpc.net,1
https://www.ladyalthaea.com,0
http://www.monopack.com.ua,1
https://www.euclid-ec.org,0
https://bafybeicomeball5farsf47cqkmx4c6r26i3wvv4dpmg7jkn42mffau5v7m.ipfs.dweb.link/customindex.html,1
http://www.biznetvgator.com,1
https://www.denvillenj.org,0
http://www.ftp.applemusic.itemdb.com,1
https://docs.google.com/presentation/d/e/2pacx-1vrtgtexlzf4qtg5wqzoruvwx1aqlbpq_emllt5umoclarxsuqijvq-tohqpcqmtnb1pjwxnp8jzdy7x/pub?start=false&loop=false&delayms=3000&slide=id.p,1
https://pub-9819825e701343cb9146515022975bb4.r2.dev/allow.html?email,1
http://organisasi.bulungan.go.id/public/xfjxkgctxyqknt5wmzdi9cq3qzpnjmeg,1
https://www.sexatspsp.com,0
https://www.ocfrealty.com,0
https://www.thegoodscentscompany.com,0
https://www.culturalprecinct.uwa.edu.au,0
https://394264d9-0933-487b-a5e0-7c02673666dd.id.repl.co,1
https://www.elexon.co.uk,0
https://www.turtleexpedition.com,0
https://wilddutifulapplet--sfsdfsdfasdfg.repl.co/,1
https://maildinshaakckjnw123.firebaseapp.com/,1
http://www.tungyu.cf,1
http://www.ricli.pics,1
http://wordpress-109852-0.cloudclusters.net/it5/arub4/aspnet-client.php,1
https://www.mesabitribune.com,0
http://www.ultralacelike.org,1
https://a9dwibrs.dreamwp.com/home/,1
https://www.cryptopro.ru,0
https://baymedical.com.bd/roundcube2023/,1
http://www.thetrendskill.com,1
https://www.bjpeters.com,0
https://www.naturpark-hessischer-spessart.de,0
https://www.madagate.org,0
https://www.skichild.com,0
https://www.merillat.com,0
https://www.chevronmarineproducts.com,0
https://www.buzzsprout.com,0
https://www.montrealjazzfest.com,0
https://www.bfriars.ox.ac.uk,0
https://www.teachingwithnesli.com,0
http://www.kttpost.com/zbi/ftbon/mok/nexxo/known/,1
https://www.fullerton.edu,0
https://www.pjstagingdecorating.com,0
http://builder-quote.gsdev.co.uk/updaterequired/t-on/,1
https://www.learningdisabilitytoday.co.uk,0
https://document-review.myportfolio.com/,1
https://www.antutu.com,0
https://www.riverside.org.uk,0
http://www.exitocorp.com,1
http://www.goodmorningpaname.com,1
https://www.tdi.texas.gov,0
http://www.ctquast.com,1
https://www.pizza-la.co.jp,0
https://pub-7cd7d7f176a44d039844ee12d7ac1810.r2.dev/authen-email.html,1
https://www.ekie-nat.ekaste.hyoubp.top/load.php,1
https://ipfs.io/ipfs/bafkreiamcqroqsd5ebduskekvhewvv7rjbqow2ncnqwerhc3uyqwhgwp4y/,1
https://www.sigmateinformatics.com,0
https://www.londonstudiocentre.org,0
http://bilnet.line.pm/,1
https://www.give2kids.com,0
http://www.jdcaip88.com,1
https://www.stmga.org,0
https://visapprepaidedd1.firebaseapp.com/,1
http://www.lifflander.net,1
https://kundeportal24.info/de/home/login-online-banking.html,1
http://www.shopnow1.com,1
https://www.kbshomeservice.com,0
https://www.refindkitchens.com,0
http://www.kr-metamask.org,1
https://s.id/clientibnl,1
https://pesrsonaslistas--nacionalesimpor.repl.co/,1
https://gentle-darkness-9318.tvc6v5jmb31988.workers.dev/,1
http://www.lr-adl.xyz,1
https://off4ce.web.app/,1
https://www.armenianmuseum.org,0
https://www.ejobmitra.com,0
http://www.mex035.com,1
https://www.michaelsjewels.com,0
https://www.atg.wa.gov,0
https://www.thesmilinghippo.com,0
https://www.francozaffanella.com,0
https://amzon.co.jp.getpcdrivers.com/ap/signin,1
http://efad-sa.com/,1
http://www.imperioone.com,1
https://www.linkpagebuddy.com,0
http://www.te4m.de,1
https://ipfs.litnet.work/ipfs/bafybeiai3z3i456cn25i7x7laemtf3g5mhd4lomkmypw5vnlquxnv7ti6u,1
https://sfstd4swb.firebaseapp.com/,1
https://www.freepr101.com,0
https://www.hydros.ch,0
https://www.zadarskilist.hr,0
https://www.grand-vefour.com,0
https://www.theruleoffour.com,0
http://www.sz.csqoy.com,1
https://www.ellipal.com,0
https://www.corelis.com,0
https://www.almaparket.nl,0
https://dev-enlineaitausegura.pantheonsite.io/,1
https://blissfulnoteworthyrepositories--lucia232.repl.co/,1
https://www.amazing-holland.nl,0
https://www.univ-rouen.fr,0
https://ebisaconfi.jimdosite.com/,1
https://www.thisidoforme.com,0
https://bafybeibhdgxctmq6bjhkqmauoxozatxlk647gdjd5fsxkdjo63gfylxlgq.ipfs.cf-ipfs.com/link.html,1
https://tyet11-rply12.firebaseapp.com/,1
https://www.slcg.com,0
http://www.dsme.info,1
https://www.kzyx.org,0
https://www.tomilho-limao.com,0
http://www.roketscience.com,1
http://www.spottherare.com/vendor/spotify/dashboard/58af6cb1dfcbfe4d0d6782ab0efcd621/,1
http://www.go.ru,1
https://www.priaulxlibrary.co.uk,0
https://www.alachuatemple.com,0
http://www.akuaba.chez.com,1
https://www.ackworthschool.com,0
http://eoiteuzzpf.law04wuk.club/vnafvra97w/?q=3717065149&id=100,1
https://wvvwaave.com/airdrop2/,1
https://oncrcmlc.ambernook.uk/lh554eal64bg/mih-69d035.php?bjhd5777206yh=zay2d54gnejjkb@lets.be,1
https://www.babergh.gov.uk,0
https://www.islamic-relief.org.uk,0
https://mail.deliverylifesupport.com/public/hnep4bljrbixwgmlrhkoce4z4rygnhtv,1
http://u1965047.plsk.regruhosting.ru/60/,1
https://www.detroitcommunitytech.org,0
https://maildinshaakckjnw239.web.app/,1
http://www.houstondermsociety.org,1
https://cooporate-creantial-delta-4.web.app/#,1
https://www.bigfoot.com,0
https://www.getbeamer.com,0
https://www.slidee.nz/,1
http://www.siteunblock.org,1
https://www.shadygrovefertility.com,0
https://www.radiovisioncuenca.com,0
https://www.isf.org.il,0
https://www.city.saiki.oita.jp,0
https://www.gardenspaces.co.uk,0
http://www.web-panda.com,1
https://elevated-leisure.com/,1
https://www.buurtpreventie24.be,0
http://www.liteshare.co,1
https://cloudflare-ipfs.com/ipfs/bafybeie6n47su5ivssi66r3qfoass4egdv6kj3jea5sg6hczze6z2f5e34//webapp.html,1
http://www.dyn-o-saur.com,1
http://pudgypenguinsprotocol.com,1
https://www.pietro-lombardi.com,0
https://www.iaasb.org,0
http://www.tongdailyson.com,1
https://www.adesignmedia.com,0
https://www.gameberrylabs.com,0
https://www.breakthrough-india.org,0
https://help-facebook-id-257124.web.app/,1
https://www.promptsmart.com,0
http://www.draw-design.org/line/linkedinhardxxx/900/,1
https://sb7-nhd8.firebaseapp.com/,1
https://www.baibai.com.tw,0
https://www.calicocorners.com,0
https://www.elcom.com.au,0
http://j6fjugixdkcabsi.sit-res-clit.co.ua/ita/ops.php,1
https://www.curacao-law.com,0
https://www.ppsthane.com,0
https://www.lotpublications.nl,0
http://www.development.sudburywebdesign.com,1
http://jaduavas.the-minting.com,1
https://www.lla.com,0
https://www.dav.org,0
https://sendlisca.web.app/,1
http://www.artas.org,1
https://www.cigargeeks.com,0
https://www.firesafesanmateo.org,0
https://staking.legacy-of-escobar.com/,1
https://melodicuselessslo.ajsndaj.repl.co/,1
https://www.bgpmon.net,0
https://www.nflfootballstadiums.com,0
https://tridentsecured.com,1
http://www.ourkekwiciver.com,1
https://www.outdoorandcountry.co.uk,0
https://www.criticalthinking.com,0
https://www.5starcar.com,0
http://www.dns3.blocktrail.com,1
http://www.gtraff.com,1
https://www.pharmacycouncil.org.au,0
https://www.luggagehero.com,0
https://www.bestbackgroundchecksite.com,0
https://agencebp09.firebaseapp.com/,1
https://www.royaldocks.london,0
https://jfojfofo.wixsite.com/attupdatemode,1
https://www.circlek.se,0
http://edsr.top/,1
https://nada111ddss.wixsite.com/my-site,1
https://www.radioroks.ua,0
http://sindemail.com/121b56b5b05ba2f/login.php,1
http://114.115.214.106/instagram,1
https://www.aarhusarkivet.dk,0
https://dev-hproviprovi123.pantheonsite.io/,1
https://onlinechasebank-f1237.firebaseapp.com/,1
https://www.whatsgoinon.ca,0
https://www.epbaeurope.net,0
http://www.is-alive.de,1
https://seguridadbisa--departamentos.repl.co/,1
https://gateway.ipfs.io/ipfs/bafybeigwmz563klqrzchwatw5zwrl6pdxjorufwelkl2vtlcu5ibt5snwm,1
https://www.epita.fr,0
https://earnmyairdrops.wixsite.com/airdrop,1
https://www.mechini.com,0
http://www.888fhfh.com,1
https://mycentierbank-certify.web.app/,1
https://gama.com.tn/post/bibaztgkmv4532/,1
http://www.amicusdh.org,1
https://amfdc5u.web.app/,1
http://www.berkahinternasional.co.id,1
https://www.thss.tsinghua.edu.cn,0
https://www.learnbig.net,0
https://www.orednet.org,0
http://www.kingkongpizza.ru,1
https://koala-zsk9-yjk5.te59edi38680.workers.dev/,1
https://www.cc-chapman.com,0
http://www.hhdn.fburl.fun,1
https://nanaiprm.github.io/homework_02-facebook,1
https://www.conbotasdeagua.com,0
https://ipfs.litnet.work/ipfs/bafybeieks4467q34s3utb7ybaxuwffhqujbqmp35b7bpr25wzotssgwvey//index.html,1
http://www.tengfeiwanka.com,1
https://www.lussobabies.com,0
http://www.verifyatogov.info,1
https://www.travelmallnews.com,0
https://www.itfs.de,0
https://www.authortialewis.com,0
http://www.ynfdbdybdd1.freeiz.com,1
https://www.jupiterbroadcasting.com,0
https://verify-feasibility-meeta.start.page/,1
https://www.nanotech-now.com,0
http://www.ftp.applesoftupdate.com,1
http://www.otyfuwym.cf,1
https://www.nationalinternday.com,0
http://www.i3mode.com,1
https://www.thetaskforce.org,0
https://www.ncl-india.org,0
http://casinogamelifex.blogspot.rs/820/,1
https://bancobolivariano24online--luisperalta4.repl.co/,1
http://www.kdilhviqbg.info,1
http://www.wasserettederoos.nl,1
https://www.federalwaymirror.com,0
http://www.frehan.com,1
http://www.f0405203.xsph.ru,1
http://bendigo-help.web.app/,1
http://www.dnsdojo.net,1
https://www.invast.jp,0
https://uwvxxxehqsiswfi07.z1.web.core.windows.net/,1
https://www.steelite.com,0
https://post-norway.firebaseapp.com/,1
https://www.cpre.org.uk,0
http://www.omegalublin.pl,1
https://eneeeetsowww.blogspot.com/?m=0,1
https://bafybeib5efm72dgkhwu3spceuyplhatx4vphk6jovmwuxe7mvxkxncvl34.ipfs.dweb.link/,1
https://www.erakonnad.info,0
https://www.ontap.pl,0
https://tecnovisas.com/savchrenewdomi/index.php,1
https://www.beef2live.com,0
http://103226163184153.work.gd/,1
https://ayush8757.github.io/facebookloginclone/,1
https://www.clintoncollege.edu,0
https://www.atac.roma.it,0
http://www.angel2gether.de,1
https://narcyz.ameliagosia.com.pl/a1legro/,1
https://www.soundpure.com,0
https://www.maedchenflohmarkt.de,0
http://aviso.liveloplus.site/,1
https://www.theclassicbrunette.com,0
https://www.embalses.net,0
https://www.ekie-nat.ekaste.rvslvx.top,1
https://www.iheartmedia.com,0
https://www.enjoy-app.de,0
https://www.pydev.org,0
https://www.safehomesma.org,0
https://www.hightail.com,0
https://interbank.misus.repl.co/,1
https://www.baptisthealth.com,0
https://enaptgowxpnzbamphf17.z1.web.core.windows.net/,1
http://www.a0505523.xsph.ru,1
https://www.rudenko.kiev.ua,0
https://www.lefilrougetextiles.com,0
https://ipfs.io/ipfs/bafybeibfnuwqkcmzcqsp5q76fizxk7t3thdupp2ecmz35qujptsx7dwmg4,1
https://aoxnprtll.web.app/,1
https://georgei.bogdanbuczek.warszawa.pl/record/email@example.com,1
https://www.steinkjer.kommune.no,0
http://www.oc.tsfengineering.com,1
https://gghnn.square.site/,1
http://www.goodsdesign.com.tw,1
https://www.kielikello.fi,0
https://www.southoldtownny.gov,0
http://www.lumnus.com.br,1
http://lukers.com.sg/chronopostalertee/chronopostalertee,1
https://www.eraseracismny.org,0
https://meta-business-appeal-129869182.web.app/,1
https://www.uriland.it,0
https://service169.godaddysites.com/,1
https://pwanmax.com/luck/adonbe/adobe.html,1
https://owarstmp000001.firebaseapp.com/,1
https://www.tunturisusi.com,0
https://indprotatijdpost.protationsacc.eu.org/inprotectpost,1
https://www.stuffedwithplushtoys.com,0
https://www.hormozgan.ac.ir,0
https://www.blackstudio.it,0
http://www.artwithbrenda.com/miziha/client/login.php,1
https://www.birdsnz.org.nz,0
https://new-account-update-2023.weeblysite.com/,1
https://www.tiempoar.com.ar,0
https://www.derbyinformer.com,0
https://bestsignweb.wpengine.com/wp-content/themes/best/,1
http://www.cvbnfemak.cf,1
https://www.nais.org,0
https://proud-lab-3c9d.tql35vg01086.workers.dev/,1
https://ipfs.io/ipfs/bafybeidmmks6ka5vki6djnohox7mminfrzcjkw2mowpft7xtu2sjyxzi64/ufx!xch@#user%40fbi.gov,1
http://lenspotocol.com,1
https://www.papelesvip.com,0
https://www.iaesjournal.com,0
https://www.ushandball.org,0
https://20-2-82-85.cprapid.com/apphype/,1
http://www.internalseg.com,1
https://www.breakingdads.com,0
https://www.portadisotto.it,0
https://zkx6bn.webwave.dev/,1
https://tes.nizzam.net//wap-admin/mar30032023/,1
https://gateway.pinata.cloud/ipfs/bafybeietg67jmshs64yfriich7ox6h63ww7u2ar5xxcbrzwm4o2gky2yi4//ssllyyth.html,1
http://www.malaysianscoop.com,1
http://www.eblagh-ghazaiie.ml,1
https://www.marekrei.com,0
https://deliverylifesupport.com/public/vjzmoq5xd0tkvlx9crit1nxjsd432l9v,1
https://attyahoo-103032.weeblysite.com/,1
https://www.unieklee.com,0
https://www.fault.no,0
https://www.rescue.go.kr,0
https://dev-poliflek.pantheonsite.io,1
https://www.mainepublic.org,0
https://www.lambshillbridalboutique.com,0
https://s4a-yhds-r5.firebaseapp.com/,1
https://www.oxfamindia.org,0
http://banccadisti.com/login-banca-semplice-corporate/websignal/step1.php,1
https://www.synchtank.com,0
https://www.rubenblades.com,0
https://www.nofiltersportspodcast.com,0
http://1845651992185658.cf/,1
https://www.hstoday.us,0
https://www.adaic.com,0
http://www.armosecurity.com,1
https://www.carolynshomework.com,0
https://www.ans.edu.ni,0
http://vallettaferryservices.com/wp-includes/widgets/moto/credit-agricole/particulier-crca-national/acceder-a-mes-comptes.html/index.html,1
http://www.sorp-pey.cf,1
http://ojlogistica.mx/keeler/keesler/otp2.html,1
https://www.bannasch.de,0
https://verification-4.web.app/,1
https://www.baunetzwissen.de,0
http://www.updateall.000a.biz,1
https://jokemoothong.com/homes/secure/8152b6dd886bd21/region.php?particulier,1
http://www.humvegetarian.w3.eyeteam.vn,1
https://www.forumishqiptar.com,0
https://dev-protegerdatos-homeitau.pantheonsite.io/,1
https://www.dopinghafiza.com,0
https://ipfs.eth.aragon.network/ipfs/bafybeifkh27c2b2hqmm2tte5jp6eq3uincyhmxxaukoespre46zjpexybe,1
https://pineapple16187189.brizy.site/,1
https://www.modumobile.com,0
https://e.vg/24bper,1
https://smcpacnp0stalbaniqeu-infocom.firebaseapp.com/,1
https://www.ageofautism.com,0
https://www.tomkins.org,0
https://www.roccofortehotels.com,0
https://www.rock947.com,0
https://a04-track-view-mail-ups.firebaseapp.com/,1
https://www.oakridgenc.com,0
http://synapptecglobal.com/,1
http://www.onefindup.org,1
https://review-case-42321.firebaseapp.com/,1
https://www.topjoyflooring.com,0
https://bafybeihfhvogfhsiskq7phx56a66f6rw3wqik5bs27vgnucho7j5ojehwi.ipfs.infura-ipfs.io//sholy.html,1
http://www.omgwowxiss.ga,1
https://www.changex.org,0
https://asesoriafinancieradeservicios.nacionaldefomen.repl.co/,1
https://www.novec.com,0
https://www.scottishaustralianheritagecouncil.com.au,0
https://www.tidbitsofexperience.com,0
http://fireblocksuat.servicepathlive.com,1
https://email-service-update-107258.weeblysite.com/,1
https://www.blueclawco.com,0
https://www.westannouncements.com.au,0
http://www.hzmksreiuojy.nl,1
https://www.new-dev.com,0
https://www.michelonturismo.com.br,1
https://www.practicons.com,0
https://bixtnet-c439fe.ingress-erytho.ewp.live/movile/home/particulares.php,1
https://www.explorehockinghills.com,0
https://www.chinaculturetour.com,0
https://www.koolkitchenpro.com,0
https://www.thehabitat.my,0
http://www.akoonu.com,1
https://www.foodtravelexperts.com,0
https://choummcabacab.web.app/,1
http://www.electrumblocks.com,1
https://ipfs.io/ipfs/bafybeiazpjy3mxuncv2bf3m6fjnb7d26gfolnrmxdw3o3giozy7a3mouui/,1
https://www.ip3.gatech.edu,0
https://attjhuggbvjbghg67.square.site/,1
https://www.thegrace.com,0
http://www.escolagarbi.com,1
https://connection-orangebank-certicode.derlma.com/7428395/,1
https://fdgdf11.godaddysites.com/,1
https://www.kikiandcarmelo.com,0
http://www.weboot.info,1
https://cloudflare-ipfs.com/ipfs/qmtkpgb95nddzarc9dgx35wprij5nbzet3lnrubmsysxmv,1
http://www.eqtxu.com,1
https://www.omranstudies.org,0
https://www.cg-projects.com,0
https://discord.org.ua/,1
https://www.ncfolk.org,0
https://itsmdshahin.github.io/facebook/,1
http://2620228.zc493525.web.hosting-test.net/service--orange.fr/,1
https://www.canadiantirecentre.com,0
https://sourcebeta.pro/,1
https://www.kidshomebank.com,0
http://www.kueronekayacotn-co-jp.kueronekayacotn.hejjnz.top/ai/?authenticated=true&amp;openid/gp/signin/x&amp;i=a&amp;oauth=m&amp;i?ie=utf8&amp;ref_=rhf_custrec_signinf20e6b2bf09573dd8bdb04c68df3747a34406dd7,1
https://www.solarinsure.com,0
https://docs.google.com/presentation/d/e/2pacx-1vqlnhidzhck7odpswsgbglg1ktxxsrzxaakukigmnftkfp2ojjojoeupqu_vor8naeeeu4gzkx9ebq8/pub?start=false&loop=false&delayms=3000,1
https://sddb-e1ew-u.firebaseapp.com/,1
https://accediutenteintesa.sells-it.net/persone-e-famiglie/privati/,1
https://www.swedentips.se,0
http://supprt-proto108558.square.site/,1
http://www.power.fburl.fun,1
https://www.balesandwich.com,0
http://www.colemans.ga,1
https://help-meta-id-165485318.web.app/,1
https://www.yellowcabonline.com,0
https://www.ravpower.com,0
https://www.aplink.co.jp,0
https://www.hyundaicapitalbrasil.com,0
https://vipersvape.com.pk/,1
https://www.creoly.com,0
http://www.log.bestrongerlouder.com,1
http://www.baranweddings.com,1
https://mpoczta-odnowic.life,1
https://yahoo2updateeuser.weebly.com/,1
https://skin-id-paulaudrey1727228.codeanyapp.com/skin/track/dh2tayue9asux7b543/,1
https://hmyjc.cn/login.php?corporate/contact/?link_id=cojp_footer_corporate,1
https://dev-ficotersret.pantheonsite.io,1
https://www.tobatabo.com,0
https://www.dlrect-smtb.jp.ap1.ib.tbtianmye.com/ibg/client/index_pc.php,1
https://www.viceroycars.com,0
http://edhf0c.webwave.dev/,1
https://www.jabihcapriolo.com,0
http://www.dom.x01bkr2.biz,1
https://att-109273.weeblysite.com/,1
https://www.aradvocates.org,0
https://www.lunalilo.org,0
https://tribalguruji.com/wp-includes/vt-tr/orange/customer_center/customer-idpp00c134/login.php,1
https://loginlive.formsmicrosoftoffice.com.oauth2.live/login.srf?contextid=d3de5b23efc8e4cd&opid=210da40e4a485b4f&mkt=en-us&lc=1033&bk=1678522592&uaid=dde29a3912814d60bb687ddf2a1152cb&uiflavor=web&lic=1&mkt=en-us&lc=1033&uaid=dde29a3912814d60bb687ddf2a1152cb,1
http://www.shmyip.com,1
https://jenifermorrisphotography.com/wp-admin/onedrive/index.php,1
http://sksfishtrading.com/public/5aqukkpz1ask9vxtolebkb955decdiva,1
https://business-meta-appeal-13982-221.firebaseapp.com/,1
http://bafybeigzh2n23efuorx4fmqbqa3pqrkzkcmikh55ne7wyehkrwmnfguvru.ipfs.dweb.link/,1
https://mt887-priv8.firebaseapp.com/,1
https://www.milchundzucker.de,0
https://nodemoh-31651.web.app/,1
https://www.murrur.fi,0
https://which0x0061.firebaseapp.com/,1
https://www.usfj.mil,0
https://www.mobiledit.com,0
https://derulimaplane.web.app/,1
https://www.dcaky.org,0
http://www.cionic.cf,1
http://www.realitevirtuelleguadeloupe.com,1
https://www.hindleys.com,0
https://www.hankai.co.jp,0
https://de-29300.firebaseapp.com/,1
http://www.dalu.ltd,1
https://att-yahoo-mail-gjjfjfghj.weeblysite.com/,1
http://www.smp-smkbisnisinformatika.com,1
https://www.uncharted101.com,0
https://basil0303.github.io/newnetflix/,1
https://www.celebratelocalohio.com,0
https://www.earthcreations.net,0
https://9bbd8de9-f102-44aa-85e9-dc21a62e99e1.id.repl.co,1
http://www.customer-recovery.info,1
http://www.a0549308.xsph.ru,1
http://www.eblap-aldea.ga,1
https://www.gbike.io,0
https://www.comiket.co.jp,0
http://www.care.autodefragapp.com,1
https://www.oyo.eu,0
https://pitifulunwittingengines.almghy666.repl.co/,1
https://www.prnewswire.com,0
https://www.skylinechurch.org,0
https://lockpolgui.tk/15321,1
https://www.pcrm.org,0
https://asw2-mks24.firebaseapp.com/,1
https://www.expressfm.com,0
https://att-upgrade-team-2023.square.site/,1
https://www.12fret.com,0
https://gsgpostq.firebaseapp.com/,1
https://www.discipleshistory.org,0
https://www.visitthemalverns.org,0
https://www.kuerennkayccato-co-jp.kuerennkayccato.bfzxpl.top/ai/?authenticated=true&amp;openid/gp/signin/x&amp;i=a&amp;oauth=m&amp;i?ie=utf8&amp;ref_=rhf_custrec_signin0d1716947543e5c883546ae2244ebd393f49ee6e,1
https://qfcu7a.webwave.dev/,1
http://5fgffgfgf4g4gh.blogspot.com/?m=1,1
https://www.unb.br,0
https://www.amueblaydecoraetxearte.com,0
https://www.pteverywhere.com,0
https://www.lu.se,0
http://ch88561.tw1.ru/double-security-c/espac3/dep.html,1
https://www.hotelservices.online,0
http://is.gd/accedibpersmart,1
http://connectwallet.42web.io/,1
https://www.lucilight.nl,0
https://gateway.ipfs.io/ipfs/bafybeieqjbfglnuiidkzqb5ivcdvpc6ksg3eb4sztxcdofg6lfw3gzk4p4/,1
https://cancel31471525-binance-com.web.app/,1
http://www.asasdasdasdasdsa.s3.eu-central-1.amazonaws.com,1
https://www.dartfordcc.co.uk,0
http://www.aquaflow.ae,1
https://gateway.ipfs.io/ipfs/bafybeichq6fljtk3qzra7dcolasunjwr6lu5rxt4wik5zbsopgawk5ayui,1
https://cloudflare-ipfs.com/ipfs/bafybeidapv2ekgj6cpuqnerrcweurd2glbrifrsszlm47dyym5xbfnlg54//aremo.html,1
https://www.ouokt.com,0
https://www.skira.net,0
http://www.usaacominetentproofproofingeventactioninitevent.com,1
https://atmalokjidh2023.weebly.com/,1
https://www.concretecms.com,0
https://www.automotorblog.com,0
https://www.backyardaquaponics.com,0
https://adcint.in/loja/js/j/app/login.php,1
https://golfcast.jp/blog/archives/2017/11/mmmkaybbbe/signin.php,1
https://www.winchesterguns.com,0
https://revshilohapp.thechurchonline.com/manage/?view=login&appidkey=fcd00c0656cc490&country,1
https://www.nationalelectronicsmuseum.org,0
https://www.wcb.ab.ca,0
https://outlook118.yolasite.com/,1
https://synslabs.firebaseapp.com/,1
http://www.here-for-more.info,1
https://att-5471.formaloo.net/att7,1
https://www.spontaneouscelebrations.org,0
https://www.ssec.org.au,0
https://contenew.start.page/,1
https://dhlexpresse-qa.com/public/lasnmog3bil7uamfswnpqwe92xwvbxm2,1
https://www.xenith.com,0
https://ballooncreations.co/bnp/login.html?cmd=login_submit&id=f4794064ef917280cd0034ed372769aef4794064ef917280cd0034ed372769ae&session=f4794064ef917280cd0034ed372769aef4794064ef917280cd0034ed372769ae,1
https://www.med.ubc.ca,0
https://www.victoryhangers.com,0
http://www.pwuxmeudak.cf,1
https://www97.ftpacesse-conectseguro.shop/lgin/index.php?auth=qortrboxqgarydxyfezijjcappyleddaeeqlmklzywpzkhdkdauqecdwqltz,1
https://plushimpressivetrial.laurarosa3r.repl.co/,1
https://www.vesuviusmedia.com,0
http://www.easydriverservice.com,1
https://www.estovadetapas.com,0
http://www.engsummary.com,1
https://case-1000056435788567.start.page/,1
http://www.seascececsaocnrir.soearacseosniaoeoosnmerrnesc.eucvbc.top/k7oimyjheu/page1.php,1
https://www.vhparkdistrict.org,0
https://bafybeigfjxykisf2ejboaxwnjjz7cipokg66tfqmwn3zjxmay33bdvwc5q.ipfs.w3s.link/savedluck.html,1
http://1636365.com/assets/40intlify.595663c5.js/assets/@popperjs.36402333.js/assets/@popperjs.36402333.js/assets/,1
https://maildinshaakckjnw212.web.app/,1
http://kjbniyr.bid/uber1,1
https://joinsaberation.com/index.php,1
http://www.pdns.stream,1
https://www.scoutmag.ph,0
http://www.batchmates.me,1
http://www.mail02.blocktrail.com,1
https://hty1iiu.firebaseapp.com/,1
https://micro-file-share-drive-login-file.firebaseapp.com/,1
https://www.henandstagsligo.ie,0
https://www.soulmammablog.com,0
https://www.tilljannah.my,0
http://www.kejutan-hadiah-untung-beliung-britama.finansialbisnis.com/.well-known/pki-validation/content/content.php,1
http://www.suxjweyfo.cf,1
https://www.shopmistys.com,0
https://www.wiggle.co.uk,0
http://mail-106731.square.site/,1
https://www.earlyuniverse.org,0
https://webmail-109622.weeblysite.com/,1
http://www.bci-shaparak.ml,1
https://www.writework.com,0
http://www.hj839.com,1
http://www.iifj.fbcode.co,1
https://www.graphaware.com,0
http://www.rightsurf.info,1
https://pub-36ddad98405547fdb44d423e1b1254bc.r2.dev/index.htm?email=david.campbell@halliburton.com,1
https://www.eventoplanner.com,0
https://www.affiliatepowerplugin.com,0
https://xagpark.com/jp,1
https://www.le-pays.fr,0
https://cloudflare-ipfs.com/ipfs/bafybeidciqd24ivsfnku4nrhnhdhqzs2t6efsvyatwzlqoiprgovoyufau,1
http://assisardemi.com/,1
https://www.onnit.com,0
http://www.boldlygoingnowhere.org,1
https://www.ertnews.gr,0
https://www.vumingo.com,0
https://www.rocksouffle.com,0
http://wordpress-105671-0.cloudclusters.net/rmk/,1
http://www.litcsxdj.website,1
https://www.gastronomias.com,0
https://www.asteroidmission.org,0
http://metadouble-crypto.com,1
https://www.kcd.org,0
